2026-02-18 17:30:04 | INFO | PokePowerRequests | Old session log deleted: session_20260113.log
2026-02-18 17:30:04 | INFO | PokePowerRequests | BOT_STARTED
2026-02-18 17:30:14 | INFO | PokePowerRequests | BATTLE_START | Enemy: #024 'Арбок' | Level: 35
2026-02-18 17:30:14 | INFO | PokePowerRequests | BATTLE_ACTION | ATTACK | Description: Кипяток: 13/15
2026-02-18 17:30:14 | INFO | PokePowerRequests | INVENTORY | ADD | Монета | Count: 26
2026-02-18 17:30:30 | INFO | PokePowerRequests | BATTLE_START | Enemy: #024 'Арбок' | Level: 31
2026-02-18 17:30:30 | INFO | PokePowerRequests | BATTLE_ACTION | ATTACK | Description: Кипяток: 12/15
2026-02-18 17:30:30 | INFO | PokePowerRequests | INVENTORY | ADD | Монета | Count: 22
2026-02-18 17:30:51 | INFO | PokePowerRequests | BATTLE_START | Enemy: #024 'Арбок' | Level: 30
2026-02-18 17:30:51 | INFO | PokePowerRequests | BATTLE_ACTION | ATTACK | Description: Кипяток: 11/15
2026-02-18 17:30:51 | INFO | PokePowerRequests | INVENTORY | ADD | Монета | Count: 25
2026-02-18 17:31:10 | INFO | PokePowerRequests | BATTLE_START | Enemy: #024 'Арбок' | Level: 30
2026-02-18 17:31:10 | INFO | PokePowerRequests | BATTLE_ACTION | ATTACK | Description: Кипяток: 10/15
2026-02-18 17:31:10 | INFO | PokePowerRequests | INVENTORY | ADD | Монета | Count: 22
2026-02-18 17:31:29 | INFO | PokePowerRequests | BATTLE_START | Enemy: #024 'Арбок' | Level: 26
2026-02-18 17:31:29 | INFO | PokePowerRequests | BATTLE_ACTION | ATTACK | Description: Кипяток: 9/15
2026-02-18 17:31:29 | INFO | PokePowerRequests | INVENTORY | ADD | Монета | Count: 26
2026-02-18 17:31:29 | INFO | PokePowerRequests | INVENTORY | ADD | Снежок | Count: 1
2026-02-18 17:31:47 | INFO | PokePowerRequests | BATTLE_START | Enemy: #024 'Арбок' | Level: 26
2026-02-18 17:31:47 | INFO | PokePowerRequests | BATTLE_ACTION | ATTACK | Description: Кипяток: 8/15
2026-02-18 17:31:47 | INFO | PokePowerRequests | INVENTORY | ADD | Монета | Count: 21
2026-02-18 17:32:06 | INFO | PokePowerRequests | BATTLE_START | Enemy: #462 'Магнезон' | Level: 66
2026-02-18 17:32:06 | INFO | PokePowerRequests | BATTLE_ACTION | ATTACK | Description: Кипяток: 7/15
2026-02-18 17:32:06 | INFO | PokePowerRequests | BATTLE_ACTION | CHANGE | Description: Change current pokemon to: #151 Арамис
2026-02-18 17:32:06 | INFO | PokePowerRequests | BATTLE_ACTION | ATTACK | Description: Огнемет: 14/15
2026-02-18 17:32:06 | INFO | PokePowerRequests | INVENTORY | ADD | Монета | Count: 23
2026-02-18 17:32:06 | INFO | PokePowerRequests | BATTLE_ACTION | START | Description: Start pokémon are now: #151 Арамис
2026-02-18 17:32:21 | INFO | PokePowerRequests | BATTLE_START | Enemy: #462 'Магнезон' | Level: 71
2026-02-18 17:32:21 | INFO | PokePowerRequests | BATTLE_ACTION | ATTACK | Description: Огнемет: 13/15
2026-02-18 17:32:21 | INFO | PokePowerRequests | BATTLE_ACTION | ATTACK | Description: Огнемет: 12/15
2026-02-18 17:32:21 | INFO | PokePowerRequests | INVENTORY | ADD | Монета | Count: 24
2026-02-18 17:32:21 | INFO | PokePowerRequests | INVENTORY | ADD | Снежок | Count: 1
2026-02-18 17:32:40 | INFO | PokePowerRequests | BATTLE_START | Enemy: #024 'Арбок' | Level: 25
2026-02-18 17:32:40 | INFO | PokePowerRequests | BATTLE_ACTION | ATTACK | Description: Психошок: 9/10
2026-02-18 17:32:40 | INFO | PokePowerRequests | INVENTORY | ADD | Монета | Count: 21
2026-02-18 17:33:02 | INFO | PokePowerRequests | BATTLE_START | Enemy: #024 'Арбок' | Level: 30
2026-02-18 17:33:02 | INFO | PokePowerRequests | BATTLE_ACTION | ATTACK | Description: Психошок: 8/10
2026-02-18 17:33:02 | INFO | PokePowerRequests | INVENTORY | ADD | Монета | Count: 21
2026-02-18 17:33:20 | INFO | PokePowerRequests | BATTLE_START | Enemy: #024 'Арбок' | Level: 33
2026-02-18 17:33:20 | INFO | PokePowerRequests | BATTLE_ACTION | ATTACK | Description: Психошок: 7/10
2026-02-18 17:33:20 | INFO | PokePowerRequests | INVENTORY | ADD | Монета | Count: 21
2026-02-18 17:33:39 | INFO | PokePowerRequests | BATTLE_START | Enemy: #024 'Арбок' | Level: 31
2026-02-18 17:33:39 | INFO | PokePowerRequests | BATTLE_ACTION | ATTACK | Description: Психошок: 6/10
2026-02-18 17:33:39 | INFO | PokePowerRequests | INVENTORY | ADD | Монета | Count: 23
2026-02-18 17:33:57 | INFO | PokePowerRequests | BATTLE_START | Enemy: #462 'Магнезон' | Level: 77
2026-02-18 17:33:58 | INFO | PokePowerRequests | BATTLE_ACTION | ATTACK | Description: Огнемет: 11/15
2026-02-18 17:33:58 | INFO | PokePowerRequests | INVENTORY | ADD | Монета | Count: 28
2026-02-18 17:33:58 | INFO | PokePowerRequests | INVENTORY | ADD | Снежок | Count: 1
2026-02-18 17:33:58 | INFO | PokePowerRequests | INVENTORY | ADD | Электродетали | Count: 1
2026-02-18 17:34:13 | INFO | PokePowerRequests | BATTLE_START | Enemy: #462 'Магнезон' | Level: 77
2026-02-18 17:34:13 | INFO | PokePowerRequests | BATTLE_ACTION | ATTACK | Description: Огнемет: 10/15
2026-02-18 17:34:13 | INFO | PokePowerRequests | INVENTORY | ADD | Монета | Count: 25
2026-02-18 17:34:28 | INFO | PokePowerRequests | BATTLE_START | Enemy: #462 'Магнезон' | Level: 69
2026-02-18 17:34:29 | INFO | PokePowerRequests | BATTLE_ACTION | CHANGE | Description: Change current pokemon to: #563 Клеопатра
2026-02-18 17:34:29 | INFO | PokePowerRequests | BATTLE_ACTION | ATTACK | Description: Сглаз: 9/10
2026-02-18 17:34:29 | INFO | PokePowerRequests | BATTLE_ACTION | ATTACK | Description: Сглаз: 8/10
2026-02-18 17:34:29 | INFO | PokePowerRequests | INVENTORY | ADD | Монета | Count: 27
2026-02-18 17:34:29 | INFO | PokePowerRequests | BATTLE_ACTION | START | Description: Start pokémon are now: #563 Клеопатра
2026-02-18 17:34:47 | INFO | PokePowerRequests | BATTLE_START | Enemy: #024 'Арбок' | Level: 28
2026-02-18 17:34:47 | INFO | PokePowerRequests | BATTLE_ACTION | ATTACK | Description: Сглаз: 7/10
2026-02-18 17:34:47 | INFO | PokePowerRequests | INVENTORY | ADD | Монета | Count: 23
2026-02-18 17:35:06 | INFO | PokePowerRequests | BATTLE_START | Enemy: #024 'Арбок' | Level: 29
2026-02-18 17:35:06 | INFO | PokePowerRequests | BATTLE_ACTION | ATTACK | Description: Сглаз: 6/10
2026-02-18 17:35:06 | INFO | PokePowerRequests | INVENTORY | ADD | Монета | Count: 23
2026-02-18 17:35:27 | INFO | PokePowerRequests | BATTLE_START | Enemy: #024 'Арбок' | Level: 26
2026-02-18 17:35:27 | INFO | PokePowerRequests | BATTLE_ACTION | ATTACK | Description: Сглаз: 5/10
2026-02-18 17:35:27 | INFO | PokePowerRequests | INVENTORY | ADD | Монета | Count: 21
2026-02-18 17:35:40 | INFO | PokePowerRequests | BATTLE_START | Enemy: #024 'Арбок' | Level: 26
2026-02-18 17:35:40 | INFO | PokePowerRequests | BATTLE_ACTION | ATTACK | Description: Сглаз: 4/10
2026-02-18 17:35:40 | INFO | PokePowerRequests | INVENTORY | ADD | Монета | Count: 21
2026-02-18 17:36:01 | INFO | PokePowerRequests | BATTLE_START | Enemy: #024 'Арбок' | Level: 25
2026-02-18 17:36:01 | INFO | PokePowerRequests | BATTLE_ACTION | ATTACK | Description: Сглаз: 3/10
2026-02-18 17:36:01 | INFO | PokePowerRequests | INVENTORY | ADD | Монета | Count: 25
2026-02-18 17:36:01 | INFO | PokePowerRequests | INVENTORY | ADD | Снежок | Count: 1
2026-02-18 17:36:17 | INFO | PokePowerRequests | BATTLE_START | Enemy: #024 'Арбок' | Level: 35
2026-02-18 17:36:17 | INFO | PokePowerRequests | BATTLE_ACTION | ATTACK | Description: Сглаз: 2/10
2026-02-18 17:36:17 | INFO | PokePowerRequests | INVENTORY | ADD | Монета | Count: 24
2026-02-18 17:36:32 | INFO | PokePowerRequests | BATTLE_START | Enemy: #024 'Арбок' | Level: 28
2026-02-18 17:36:32 | INFO | PokePowerRequests | BATTLE_ACTION | ATTACK | Description: Сглаз: 1/10
2026-02-18 17:36:32 | INFO | PokePowerRequests | INVENTORY | ADD | Монета | Count: 26
2026-02-18 17:36:32 | INFO | PokePowerRequests | INVENTORY | ADD | Снежок | Count: 1
2026-02-18 17:36:32 | INFO | PokePowerRequests | POKECENTER | HEAL | Reason: Pokemons has a small amount of HP
2026-02-18 17:36:48 | INFO | PokePowerRequests | BATTLE_START | Enemy: #024 'Арбок' | Level: 25
2026-02-18 17:36:49 | INFO | PokePowerRequests | BATTLE_ACTION | ATTACK | Description: Сглаз: 9/10
2026-02-18 17:36:49 | INFO | PokePowerRequests | INVENTORY | ADD | Монета | Count: 26
2026-02-18 17:37:10 | INFO | PokePowerRequests | BATTLE_START | Enemy: #024 'Арбок' | Level: 35
2026-02-18 17:37:10 | INFO | PokePowerRequests | BATTLE_ACTION | ATTACK | Description: Сглаз: 8/10
2026-02-18 17:37:10 | INFO | PokePowerRequests | INVENTORY | ADD | Монета | Count: 26
2026-02-18 17:37:32 | INFO | PokePowerRequests | BATTLE_START | Enemy: #024 'Арбок' | Level: 29
2026-02-18 17:37:32 | INFO | PokePowerRequests | BATTLE_ACTION | ATTACK | Description: Сглаз: 7/10
2026-02-18 17:37:32 | INFO | PokePowerRequests | INVENTORY | ADD | Монета | Count: 24
2026-02-18 17:37:53 | INFO | PokePowerRequests | BATTLE_START | Enemy: #024 'Арбок' | Level: 25
2026-02-18 17:37:53 | INFO | PokePowerRequests | BATTLE_ACTION | ATTACK | Description: Сглаз: 6/10
2026-02-18 17:37:53 | INFO | PokePowerRequests | INVENTORY | ADD | Монета | Count: 25
2026-02-18 17:38:09 | INFO | PokePowerRequests | BATTLE_START | Enemy: #462 'Магнезон' | Level: 68
2026-02-18 17:38:09 | INFO | PokePowerRequests | BATTLE_ACTION | ATTACK | Description: Сглаз: 5/10
2026-02-18 17:38:09 | INFO | PokePowerRequests | BATTLE_ACTION | ATTACK | Description: Сглаз: 4/10
2026-02-18 17:38:09 | INFO | PokePowerRequests | INVENTORY | ADD | Монета | Count: 26
2026-02-18 17:38:25 | INFO | PokePowerRequests | BATTLE_START | Enemy: #462 'Магнезон' | Level: 74
2026-02-18 17:38:25 | INFO | PokePowerRequests | BATTLE_ACTION | ATTACK | Description: Сглаз: 3/10
2026-02-18 17:38:25 | INFO | PokePowerRequests | BATTLE_ACTION | ATTACK | Description: Сглаз: 2/10
2026-02-18 17:38:25 | INFO | PokePowerRequests | BATTLE_START | Enemy: #462 'Магнезон' | Level: 74
2026-02-18 17:38:25 | INFO | PokePowerRequests | BATTLE_ACTION | ATTACK | Description: Сглаз: 1/10
2026-02-18 17:38:25 | INFO | PokePowerRequests | BATTLE_START | Enemy: #462 'Магнезон' | Level: 74
2026-02-18 17:38:25 | INFO | PokePowerRequests | BATTLE_ACTION | ATTACK | Description: Сглаз: 0/10
2026-02-18 17:38:25 | INFO | PokePowerRequests | BATTLE_START | Enemy: #462 'Магнезон' | Level: 74
2026-02-18 17:38:25 | INFO | PokePowerRequests | BATTLE_ACTION | COWARD | Description: Pokemon has low level HP
2026-02-18 17:38:25 | ERROR | PokePowerRequests | Сlient crashed due to migration_error: 49 | Extra: BotShutdownError: Перемещение невозможно, не выполнено условие, ID: 520
2026-02-18 17:38:25 | ERROR | PokePowerRequests | Сlient crashed due to migration_error: 49 | Extra: BotShutdownError: Перемещение невозможно, не выполнено условие, ID: 520
2026-02-18 17:38:25 | ERROR | PokePowerRequests | Сlient crashed due to migration_error: 49 | Extra: BotShutdownError: Перемещение невозможно, не выполнено условие, ID: 520
2026-02-18 17:38:25 | ERROR | PokePowerRequests | Сlient crashed due to migration_error: 49 | Extra: BotShutdownError: Перемещение невозможно, не выполнено условие, ID: 520
2026-02-18 17:38:25 | ERROR | PokePowerRequests | Сlient crashed due to migration_error: 49 | Extra: BotShutdownError: Перемещение невозможно, не выполнено условие, ID: 520
2026-02-18 17:38:25 | ERROR | PokePowerRequests | Сlient crashed due to migration_error: 49 | Extra: BotShutdownError: Перемещение невозможно, не выполнено условие, ID: 520
2026-02-18 17:38:25 | ERROR | PokePowerRequests | Сlient crashed due to migration_error: 49 | Extra: BotShutdownError: Перемещение невозможно, не выполнено условие, ID: 520
2026-02-18 17:38:25 | INFO | PokePowerRequests | BOT_STOPPED | <class 'src.utils.exeptions.BotShutdownError'> | Перемещение невозможно, не выполнено условие, ID: 520 | F:\projects\PokePowerRequests\src\services\movements.py:49
2026-02-18 18:11:12 | INFO | PokePowerRequests | BOT_STARTED
2026-02-18 18:11:25 | INFO | PokePowerRequests | BATTLE_START | Enemy: #024 'Арбок' | Level: 32
2026-02-18 18:11:25 | INFO | PokePowerRequests | BATTLE_ACTION | ATTACK | Description: Сглаз: 2/10
2026-02-18 18:11:25 | INFO | PokePowerRequests | INVENTORY | ADD | Монета | Count: 25
2026-02-18 18:11:44 | INFO | PokePowerRequests | BATTLE_START | Enemy: #024 'Арбок' | Level: 27
2026-02-18 18:11:44 | INFO | PokePowerRequests | BATTLE_ACTION | ATTACK | Description: Сглаз: 1/10
2026-02-18 18:11:44 | INFO | PokePowerRequests | INVENTORY | ADD | Монета | Count: 23
2026-02-18 18:12:03 | INFO | PokePowerRequests | BATTLE_START | Enemy: #462 'Магнезон' | Level: 76
2026-02-18 18:12:03 | INFO | PokePowerRequests | BATTLE_ACTION | CHANGE | Description: Change current pokemon to: #151 Арамис
2026-02-18 18:12:03 | INFO | PokePowerRequests | BATTLE_ACTION | ATTACK | Description: Огнемет: 14/15
2026-02-18 18:12:03 | INFO | PokePowerRequests | INVENTORY | ADD | Монета | Count: 25
2026-02-18 18:12:03 | INFO | PokePowerRequests | BATTLE_ACTION | START | Description: Start pokémon are now: #151 Арамис
2026-02-18 18:12:15 | INFO | PokePowerRequests | BATTLE_START | Enemy: #462 'Магнезон' | Level: 68
2026-02-18 18:12:15 | INFO | PokePowerRequests | BATTLE_ACTION | ATTACK | Description: Огнемет: 13/15
2026-02-18 18:12:15 | INFO | PokePowerRequests | INVENTORY | ADD | Монета | Count: 28
2026-02-18 18:12:34 | INFO | PokePowerRequests | BATTLE_START | Enemy: #024 'Арбок' | Level: 30
2026-02-18 18:12:34 | INFO | PokePowerRequests | BATTLE_ACTION | ATTACK | Description: Психошок: 9/10
2026-02-18 18:12:34 | INFO | PokePowerRequests | INVENTORY | ADD | Монета | Count: 24
2026-02-18 18:12:56 | INFO | PokePowerRequests | BATTLE_START | Enemy: #024 'Арбок' | Level: 29
2026-02-18 18:12:56 | INFO | PokePowerRequests | BATTLE_ACTION | ATTACK | Description: Психошок: 8/10
2026-02-18 18:12:56 | INFO | PokePowerRequests | INVENTORY | ADD | Монета | Count: 22
2026-02-18 18:13:11 | INFO | PokePowerRequests | BATTLE_START | Enemy: #024 'Арбок' | Level: 26
2026-02-18 18:13:11 | INFO | PokePowerRequests | BATTLE_ACTION | ATTACK | Description: Психошок: 7/10
2026-02-18 18:13:11 | INFO | PokePowerRequests | INVENTORY | ADD | Монета | Count: 21
2026-02-18 18:13:30 | INFO | PokePowerRequests | BATTLE_START | Enemy: #462 'Магнезон' | Level: 76
2026-02-18 18:13:30 | INFO | PokePowerRequests | BATTLE_ACTION | ATTACK | Description: Огнемет: 12/15
2026-02-18 18:13:30 | INFO | PokePowerRequests | INVENTORY | ADD | Монета | Count: 28
2026-02-18 18:13:49 | INFO | PokePowerRequests | BATTLE_START | Enemy: #024 'Арбок' | Level: 35
2026-02-18 18:13:49 | INFO | PokePowerRequests | BATTLE_ACTION | ATTACK | Description: Психошок: 6/10
2026-02-18 18:13:49 | INFO | PokePowerRequests | INVENTORY | ADD | Монета | Count: 23
2026-02-18 18:14:11 | INFO | PokePowerRequests | BATTLE_START | Enemy: #024 'Арбок' | Level: 33
2026-02-18 18:14:11 | INFO | PokePowerRequests | BATTLE_ACTION | ATTACK | Description: Психошок: 5/10
2026-02-18 18:14:11 | INFO | PokePowerRequests | INVENTORY | ADD | Монета | Count: 24
2026-02-18 18:14:23 | INFO | PokePowerRequests | BATTLE_START | Enemy: #024 'Арбок' | Level: 31
2026-02-18 18:14:23 | INFO | PokePowerRequests | BATTLE_ACTION | ATTACK | Description: Психошок: 4/10
2026-02-18 18:14:23 | INFO | PokePowerRequests | INVENTORY | ADD | Монета | Count: 23
2026-02-18 18:14:39 | INFO | PokePowerRequests | BATTLE_START | Enemy: #462 'Магнезон' | Level: 71
2026-02-18 18:14:39 | INFO | PokePowerRequests | BATTLE_ACTION | ATTACK | Description: Огнемет: 11/15
2026-02-18 18:14:39 | INFO | PokePowerRequests | INVENTORY | ADD | Монета | Count: 28
2026-02-18 18:15:00 | INFO | PokePowerRequests | BATTLE_START | Enemy: #024 'Арбок' | Level: 27
2026-02-18 18:15:00 | INFO | PokePowerRequests | BATTLE_ACTION | CHANGE | Description: Change current pokemon to: #788 Тапу Фини
2026-02-18 18:15:01 | INFO | PokePowerRequests | BATTLE_ACTION | ATTACK | Description: Кипяток: 14/15
2026-02-18 18:15:01 | INFO | PokePowerRequests | INVENTORY | ADD | Монета | Count: 24
2026-02-18 18:15:01 | INFO | PokePowerRequests | BATTLE_ACTION | START | Description: Start pokémon are now: #788 Тапу Фини
2026-02-18 18:15:13 | INFO | PokePowerRequests | BATTLE_START | Enemy: #024 'Арбок' | Level: 27
2026-02-18 18:15:13 | INFO | PokePowerRequests | BATTLE_ACTION | ATTACK | Description: Кипяток: 13/15
2026-02-18 18:15:13 | INFO | PokePowerRequests | INVENTORY | ADD | Монета | Count: 21
2026-02-18 18:15:29 | INFO | PokePowerRequests | BATTLE_START | Enemy: #024 'Арбок' | Level: 25
2026-02-18 18:15:29 | INFO | PokePowerRequests | BATTLE_ACTION | ATTACK | Description: Кипяток: 12/15
2026-02-18 18:15:29 | INFO | PokePowerRequests | INVENTORY | ADD | Монета | Count: 21
2026-02-18 18:15:50 | INFO | PokePowerRequests | BATTLE_START | Enemy: #024 'Арбок' | Level: 29
2026-02-18 18:15:50 | INFO | PokePowerRequests | BATTLE_ACTION | ATTACK | Description: Кипяток: 11/15
2026-02-18 18:15:50 | INFO | PokePowerRequests | INVENTORY | ADD | Монета | Count: 25
2026-02-18 18:16:12 | INFO | PokePowerRequests | BATTLE_START | Enemy: #024 'Арбок' | Level: 32
2026-02-18 18:16:12 | INFO | PokePowerRequests | BATTLE_ACTION | ATTACK | Description: Кипяток: 10/15
2026-02-18 18:16:12 | INFO | PokePowerRequests | INVENTORY | ADD | Монета | Count: 21
2026-02-18 18:16:24 | INFO | PokePowerRequests | BATTLE_START | Enemy: #462 'Магнезон' | Level: 77
2026-02-18 18:16:24 | INFO | PokePowerRequests | BATTLE_ACTION | ATTACK | Description: Кипяток: 9/15
2026-02-18 18:16:24 | INFO | PokePowerRequests | INVENTORY | ADD | Монета | Count: 29
2026-02-18 18:16:40 | INFO | PokePowerRequests | BATTLE_START | Enemy: #024 'Арбок' | Level: 34
2026-02-18 18:16:40 | INFO | PokePowerRequests | BATTLE_ACTION | ATTACK | Description: Кипяток: 8/15
2026-02-18 18:16:40 | INFO | PokePowerRequests | INVENTORY | ADD | Монета | Count: 22
2026-02-18 18:17:01 | INFO | PokePowerRequests | BATTLE_START | Enemy: #024 'Арбок' | Level: 34
2026-02-18 18:17:01 | INFO | PokePowerRequests | BATTLE_ACTION | ATTACK | Description: Кипяток: 7/15
2026-02-18 18:17:01 | INFO | PokePowerRequests | INVENTORY | ADD | Монета | Count: 23
2026-02-18 18:17:17 | INFO | PokePowerRequests | BATTLE_START | Enemy: #024 'Арбок' | Level: 34
2026-02-18 18:17:17 | INFO | PokePowerRequests | BATTLE_ACTION | ATTACK | Description: Кипяток: 6/15
2026-02-18 18:17:17 | INFO | PokePowerRequests | INVENTORY | ADD | Монета | Count: 23
2026-02-18 18:17:17 | INFO | PokePowerRequests | INVENTORY | ADD | Снежок | Count: 1
2026-02-18 18:17:41 | INFO | PokePowerRequests | BATTLE_START | Enemy: #024 'Арбок' | Level: 30
2026-02-18 18:17:41 | INFO | PokePowerRequests | BATTLE_ACTION | ATTACK | Description: Кипяток: 5/15
2026-02-18 18:17:41 | INFO | PokePowerRequests | INVENTORY | ADD | Монета | Count: 26
2026-02-18 18:18:03 | INFO | PokePowerRequests | BATTLE_START | Enemy: #024 'Арбок' | Level: 29
2026-02-18 18:18:03 | INFO | PokePowerRequests | BATTLE_ACTION | ATTACK | Description: Кипяток: 4/15
2026-02-18 18:18:03 | INFO | PokePowerRequests | INVENTORY | ADD | Монета | Count: 23
2026-02-18 18:18:25 | INFO | PokePowerRequests | BATTLE_START | Enemy: #024 'Арбок' | Level: 27
2026-02-18 18:18:25 | INFO | PokePowerRequests | BATTLE_ACTION | ATTACK | Description: Кипяток: 3/15
2026-02-18 18:18:25 | INFO | PokePowerRequests | INVENTORY | ADD | Монета | Count: 26
2026-02-18 18:18:40 | INFO | PokePowerRequests | BATTLE_START | Enemy: #024 'Арбок' | Level: 27
2026-02-18 18:18:40 | INFO | PokePowerRequests | BATTLE_ACTION | ATTACK | Description: Кипяток: 2/15
2026-02-18 18:18:40 | INFO | PokePowerRequests | INVENTORY | ADD | Монета | Count: 23
2026-02-18 18:18:40 | ERROR | PokePowerRequests | Critical error in wrapper: 28 | Extra: ValueError: Unsupported input type: <class 'src.core.client.AiohttpClient'>
2026-02-18 18:18:40 | ERROR | PokePowerRequests | Critical error in wrapper: 28 | Extra: ValueError: Unsupported input type: <class 'src.core.client.AiohttpClient'>
2026-02-18 18:18:40 | ERROR | PokePowerRequests | Critical error in wrapper: 28 | Extra: ValueError: Unsupported input type: <class 'src.core.client.AiohttpClient'>
2026-02-18 18:18:40 | INFO | PokePowerRequests | BOT_STOPPED | <class 'ValueError'> | Unsupported input type: <class 'src.core.client.AiohttpClient'> | F:\projects\PokePowerRequests\src\utils\decorators.py:28
2026-02-18 18:20:15 | INFO | PokePowerRequests | BOT_STARTED
2026-02-18 18:20:16 | INFO | PokePowerRequests | BATTLE_START | Enemy: #024 'Арбок' | Level: 93
2026-02-18 18:20:16 | INFO | PokePowerRequests | BATTLE_ACTION | ATTACK | Description: Кипяток: 1/15
2026-02-18 18:20:16 | INFO | PokePowerRequests | BATTLE_ACTION | ATTACK | Description: Кипяток: 0/15
2026-02-18 18:20:16 | INFO | PokePowerRequests | BATTLE_START | Enemy: #024 'Арбок' | Level: 93
2026-02-18 18:20:16 | INFO | PokePowerRequests | BATTLE_ACTION | ATTACK | Description: Теневой шар: 14/15
2026-02-18 18:20:16 | INFO | PokePowerRequests | BATTLE_START | Enemy: #024 'Арбок' | Level: 93
2026-02-18 18:20:16 | INFO | PokePowerRequests | BATTLE_ACTION | ATTACK | Description: Теневой шар: 13/15
2026-02-18 18:20:16 | INFO | PokePowerRequests | BATTLE_START | Enemy: #024 'Арбок' | Level: 93
2026-02-18 18:20:16 | INFO | PokePowerRequests | BATTLE_ACTION | ATTACK | Description: Теневой шар: 12/15
2026-02-18 18:20:16 | INFO | PokePowerRequests | BATTLE_START | Enemy: #024 'Арбок' | Level: 93
2026-02-18 18:20:16 | INFO | PokePowerRequests | BATTLE_ACTION | ATTACK | Description: Теневой шар: 11/15
2026-02-18 18:20:16 | INFO | PokePowerRequests | BATTLE_START | Enemy: #024 'Арбок' | Level: 93
2026-02-18 18:20:16 | INFO | PokePowerRequests | BATTLE_ACTION | ATTACK | Description: Теневой шар: 10/15
2026-02-18 18:20:16 | INFO | PokePowerRequests | BATTLE_START | Enemy: #024 'Арбок' | Level: 93
2026-02-18 18:20:16 | INFO | PokePowerRequests | BATTLE_ACTION | ATTACK | Description: Теневой шар: 9/15
2026-02-18 18:20:16 | INFO | PokePowerRequests | BATTLE_START | Enemy: #024 'Арбок' | Level: 93
2026-02-18 18:20:16 | INFO | PokePowerRequests | BATTLE_ACTION | ATTACK | Description: Теневой шар: 8/15
2026-02-18 18:20:16 | INFO | PokePowerRequests | BATTLE_START | Enemy: #024 'Арбок' | Level: 93
2026-02-18 18:20:16 | INFO | PokePowerRequests | BATTLE_ACTION | ATTACK | Description: Теневой шар: 7/15
2026-02-18 18:20:16 | INFO | PokePowerRequests | BATTLE_START | Enemy: #024 'Арбок' | Level: 93
2026-02-18 18:20:16 | INFO | PokePowerRequests | BATTLE_ACTION | ATTACK | Description: Теневой шар: 6/15
2026-02-18 18:20:16 | INFO | PokePowerRequests | BATTLE_START | Enemy: #024 'Арбок' | Level: 93
2026-02-18 18:20:16 | INFO | PokePowerRequests | BATTLE_ACTION | ATTACK | Description: Теневой шар: 5/15
2026-02-18 18:20:16 | INFO | PokePowerRequests | BATTLE_START | Enemy: #024 'Арбок' | Level: 93
2026-02-18 18:20:16 | INFO | PokePowerRequests | BATTLE_ACTION | ATTACK | Description: Теневой шар: 4/15
2026-02-18 18:20:16 | INFO | PokePowerRequests | BATTLE_START | Enemy: #024 'Арбок' | Level: 93
2026-02-18 18:20:17 | INFO | PokePowerRequests | BATTLE_ACTION | ATTACK | Description: Теневой шар: 3/15
2026-02-18 18:20:17 | INFO | PokePowerRequests | BATTLE_START | Enemy: #024 'Арбок' | Level: 93
2026-02-18 18:20:17 | INFO | PokePowerRequests | BATTLE_ACTION | ATTACK | Description: Теневой шар: 2/15
2026-02-18 18:20:17 | INFO | PokePowerRequests | BATTLE_START | Enemy: #024 'Арбок' | Level: 93
2026-02-18 18:20:17 | INFO | PokePowerRequests | BATTLE_ACTION | ATTACK | Description: Теневой шар: 1/15
2026-02-18 18:20:17 | INFO | PokePowerRequests | BATTLE_START | Enemy: #024 'Арбок' | Level: 93
2026-02-18 18:20:17 | INFO | PokePowerRequests | BATTLE_ACTION | ATTACK | Description: Теневой шар: 0/15
2026-02-18 18:20:17 | INFO | PokePowerRequests | BATTLE_START | Enemy: #024 'Арбок' | Level: 93
2026-02-18 18:20:17 | INFO | PokePowerRequests | BATTLE_ACTION | ATTACK | Description: Лунный взрыв: 14/15
2026-02-18 18:20:17 | INFO | PokePowerRequests | BATTLE_START | Enemy: #024 'Арбок' | Level: 93
2026-02-18 18:20:17 | INFO | PokePowerRequests | BATTLE_ACTION | ATTACK | Description: Лунный взрыв: 13/15
2026-02-18 18:20:17 | INFO | PokePowerRequests | BATTLE_START | Enemy: #024 'Арбок' | Level: 93
2026-02-18 18:20:17 | INFO | PokePowerRequests | BATTLE_ACTION | ATTACK | Description: Лунный взрыв: 12/15
2026-02-18 18:20:17 | INFO | PokePowerRequests | BATTLE_START | Enemy: #024 'Арбок' | Level: 93
2026-02-18 18:20:17 | INFO | PokePowerRequests | BATTLE_ACTION | ATTACK | Description: Лунный взрыв: 11/15
2026-02-18 18:20:17 | INFO | PokePowerRequests | BATTLE_START | Enemy: #024 'Арбок' | Level: 93
2026-02-18 18:20:17 | INFO | PokePowerRequests | BATTLE_ACTION | ATTACK | Description: Лунный взрыв: 10/15
2026-02-18 18:20:17 | INFO | PokePowerRequests | BATTLE_START | Enemy: #024 'Арбок' | Level: 93
2026-02-18 18:20:17 | INFO | PokePowerRequests | BATTLE_ACTION | ATTACK | Description: Лунный взрыв: 9/15
2026-02-18 18:20:17 | INFO | PokePowerRequests | BATTLE_START | Enemy: #024 'Арбок' | Level: 93
2026-02-18 18:20:17 | INFO | PokePowerRequests | BATTLE_ACTION | ATTACK | Description: Лунный взрыв: 8/15
2026-02-18 18:20:17 | INFO | PokePowerRequests | BATTLE_START | Enemy: #024 'Арбок' | Level: 93
2026-02-18 18:20:17 | INFO | PokePowerRequests | BATTLE_ACTION | ATTACK | Description: Лунный взрыв: 7/15
2026-02-18 18:20:17 | INFO | PokePowerRequests | BATTLE_START | Enemy: #024 'Арбок' | Level: 93
2026-02-18 18:20:17 | INFO | PokePowerRequests | BATTLE_ACTION | ATTACK | Description: Лунный взрыв: 6/15
2026-02-18 18:20:17 | INFO | PokePowerRequests | BATTLE_START | Enemy: #024 'Арбок' | Level: 93
2026-02-18 18:20:17 | INFO | PokePowerRequests | BATTLE_ACTION | ATTACK | Description: Лунный взрыв: 5/15
2026-02-18 18:20:17 | INFO | PokePowerRequests | BATTLE_START | Enemy: #024 'Арбок' | Level: 93
2026-02-18 18:20:17 | INFO | PokePowerRequests | BATTLE_ACTION | ATTACK | Description: Лунный взрыв: 4/15
2026-02-18 18:20:17 | INFO | PokePowerRequests | BATTLE_START | Enemy: #024 'Арбок' | Level: 93
2026-02-18 18:20:17 | INFO | PokePowerRequests | BATTLE_ACTION | ATTACK | Description: Лунный взрыв: 3/15
2026-02-18 18:20:17 | INFO | PokePowerRequests | BATTLE_START | Enemy: #024 'Арбок' | Level: 93
2026-02-18 18:20:17 | INFO | PokePowerRequests | BATTLE_ACTION | ATTACK | Description: Лунный взрыв: 2/15
2026-02-18 18:20:17 | INFO | PokePowerRequests | BATTLE_START | Enemy: #024 'Арбок' | Level: 93
2026-02-18 18:20:17 | INFO | PokePowerRequests | BATTLE_ACTION | ATTACK | Description: Лунный взрыв: 1/15
2026-02-18 18:20:17 | INFO | PokePowerRequests | BATTLE_START | Enemy: #024 'Арбок' | Level: 93
2026-02-18 18:20:17 | INFO | PokePowerRequests | BATTLE_ACTION | ATTACK | Description: Лунный взрыв: 0/15
2026-02-18 18:20:17 | INFO | PokePowerRequests | BATTLE_START | Enemy: #024 'Арбок' | Level: 93
2026-02-18 18:20:17 | INFO | PokePowerRequests | BATTLE_ACTION | COWARD | Description: Pokemon has low level HP
2026-02-18 18:20:17 | ERROR | PokePowerRequests | Critical error in wrapper: 28 | Extra: ValueError: Unsupported input type: <class 'src.core.client.AiohttpClient'>
2026-02-18 18:20:17 | ERROR | PokePowerRequests | Critical error in wrapper: 28 | Extra: ValueError: Unsupported input type: <class 'src.core.client.AiohttpClient'>
2026-02-18 18:20:17 | ERROR | PokePowerRequests | Critical error in wrapper: 28 | Extra: ValueError: Unsupported input type: <class 'src.core.client.AiohttpClient'>
2026-02-18 18:20:17 | ERROR | PokePowerRequests | Critical error in wrapper: 28 | Extra: ValueError: Unsupported input type: <class 'src.core.client.AiohttpClient'>
2026-02-18 18:20:17 | ERROR | PokePowerRequests | Critical error in wrapper: 28 | Extra: ValueError: Unsupported input type: <class 'src.core.client.AiohttpClient'>
2026-02-18 18:20:17 | ERROR | PokePowerRequests | Critical error in wrapper: 28 | Extra: ValueError: Unsupported input type: <class 'src.core.client.AiohttpClient'>
2026-02-18 18:20:17 | ERROR | PokePowerRequests | Critical error in wrapper: 28 | Extra: ValueError: Unsupported input type: <class 'src.core.client.AiohttpClient'>
2026-02-18 18:20:17 | ERROR | PokePowerRequests | Critical error in wrapper: 28 | Extra: ValueError: Unsupported input type: <class 'src.core.client.AiohttpClient'>
2026-02-18 18:20:17 | ERROR | PokePowerRequests | Critical error in wrapper: 28 | Extra: ValueError: Unsupported input type: <class 'src.core.client.AiohttpClient'>
2026-02-18 18:20:17 | ERROR | PokePowerRequests | Critical error in wrapper: 28 | Extra: ValueError: Unsupported input type: <class 'src.core.client.AiohttpClient'>
2026-02-18 18:20:17 | ERROR | PokePowerRequests | Critical error in wrapper: 28 | Extra: ValueError: Unsupported input type: <class 'src.core.client.AiohttpClient'>
2026-02-18 18:20:17 | ERROR | PokePowerRequests | Critical error in wrapper: 28 | Extra: ValueError: Unsupported input type: <class 'src.core.client.AiohttpClient'>
2026-02-18 18:20:17 | ERROR | PokePowerRequests | Critical error in wrapper: 28 | Extra: ValueError: Unsupported input type: <class 'src.core.client.AiohttpClient'>
2026-02-18 18:20:17 | ERROR | PokePowerRequests | Critical error in wrapper: 28 | Extra: ValueError: Unsupported input type: <class 'src.core.client.AiohttpClient'>
2026-02-18 18:20:17 | ERROR | PokePowerRequests | Critical error in wrapper: 28 | Extra: ValueError: Unsupported input type: <class 'src.core.client.AiohttpClient'>
2026-02-18 18:20:17 | ERROR | PokePowerRequests | Critical error in wrapper: 28 | Extra: ValueError: Unsupported input type: <class 'src.core.client.AiohttpClient'>
2026-02-18 18:20:17 | ERROR | PokePowerRequests | Critical error in wrapper: 28 | Extra: ValueError: Unsupported input type: <class 'src.core.client.AiohttpClient'>
2026-02-18 18:20:17 | ERROR | PokePowerRequests | Critical error in wrapper: 28 | Extra: ValueError: Unsupported input type: <class 'src.core.client.AiohttpClient'>
2026-02-18 18:20:17 | ERROR | PokePowerRequests | Critical error in wrapper: 28 | Extra: ValueError: Unsupported input type: <class 'src.core.client.AiohttpClient'>
2026-02-18 18:20:17 | ERROR | PokePowerRequests | Critical error in wrapper: 28 | Extra: ValueError: Unsupported input type: <class 'src.core.client.AiohttpClient'>
2026-02-18 18:20:17 | ERROR | PokePowerRequests | Critical error in wrapper: 28 | Extra: ValueError: Unsupported input type: <class 'src.core.client.AiohttpClient'>
2026-02-18 18:20:17 | ERROR | PokePowerRequests | Critical error in wrapper: 28 | Extra: ValueError: Unsupported input type: <class 'src.core.client.AiohttpClient'>
2026-02-18 18:20:17 | ERROR | PokePowerRequests | Critical error in wrapper: 28 | Extra: ValueError: Unsupported input type: <class 'src.core.client.AiohttpClient'>
2026-02-18 18:20:17 | ERROR | PokePowerRequests | Critical error in wrapper: 28 | Extra: ValueError: Unsupported input type: <class 'src.core.client.AiohttpClient'>
2026-02-18 18:20:17 | ERROR | PokePowerRequests | Critical error in wrapper: 28 | Extra: ValueError: Unsupported input type: <class 'src.core.client.AiohttpClient'>
2026-02-18 18:20:17 | ERROR | PokePowerRequests | Critical error in wrapper: 28 | Extra: ValueError: Unsupported input type: <class 'src.core.client.AiohttpClient'>
2026-02-18 18:20:17 | ERROR | PokePowerRequests | Critical error in wrapper: 28 | Extra: ValueError: Unsupported input type: <class 'src.core.client.AiohttpClient'>
2026-02-18 18:20:17 | ERROR | PokePowerRequests | Critical error in wrapper: 28 | Extra: ValueError: Unsupported input type: <class 'src.core.client.AiohttpClient'>
2026-02-18 18:20:17 | ERROR | PokePowerRequests | Critical error in wrapper: 28 | Extra: ValueError: Unsupported input type: <class 'src.core.client.AiohttpClient'>
2026-02-18 18:20:17 | ERROR | PokePowerRequests | Critical error in wrapper: 28 | Extra: ValueError: Unsupported input type: <class 'src.core.client.AiohttpClient'>
2026-02-18 18:20:17 | ERROR | PokePowerRequests | Critical error in wrapper: 28 | Extra: ValueError: Unsupported input type: <class 'src.core.client.AiohttpClient'>
2026-02-18 18:20:17 | ERROR | PokePowerRequests | Critical error in wrapper: 28 | Extra: ValueError: Unsupported input type: <class 'src.core.client.AiohttpClient'>
2026-02-18 18:20:17 | ERROR | PokePowerRequests | Critical error in wrapper: 28 | Extra: ValueError: Unsupported input type: <class 'src.core.client.AiohttpClient'>
2026-02-18 18:20:17 | ERROR | PokePowerRequests | Critical error in wrapper: 28 | Extra: ValueError: Unsupported input type: <class 'src.core.client.AiohttpClient'>
2026-02-18 18:20:17 | ERROR | PokePowerRequests | Critical error in wrapper: 28 | Extra: ValueError: Unsupported input type: <class 'src.core.client.AiohttpClient'>
2026-02-18 18:20:17 | INFO | PokePowerRequests | BOT_STOPPED | <class 'ValueError'> | Unsupported input type: <class 'src.core.client.AiohttpClient'> | F:\projects\PokePowerRequests\src\utils\decorators.py:28
2026-02-18 18:27:27 | INFO | PokePowerRequests | BOT_STARTED
2026-02-18 18:27:28 | INFO | PokePowerRequests | BATTLE_START | Enemy: #024 'Арбок' | Level: 34
2026-02-18 18:27:28 | INFO | PokePowerRequests | BATTLE_ACTION | ATTACK | Description: Кипяток: 14/15
2026-02-18 18:27:28 | INFO | PokePowerRequests | INVENTORY | ADD | Монета | Count: 25
2026-02-18 18:27:46 | INFO | PokePowerRequests | BATTLE_START | Enemy: #462 'Магнезон' | Level: 67
2026-02-18 18:27:46 | INFO | PokePowerRequests | BATTLE_ACTION | ATTACK | Description: Кипяток: 13/15
2026-02-18 18:27:46 | INFO | PokePowerRequests | INVENTORY | ADD | Монета | Count: 23
2026-02-18 18:28:08 | INFO | PokePowerRequests | BATTLE_START | Enemy: #024 'Арбок' | Level: 31
2026-02-18 18:28:08 | INFO | PokePowerRequests | BATTLE_ACTION | ATTACK | Description: Кипяток: 12/15
2026-02-18 18:28:08 | INFO | PokePowerRequests | INVENTORY | ADD | Монета | Count: 24
2026-02-18 18:28:26 | INFO | PokePowerRequests | BATTLE_START | Enemy: #024 'Арбок' | Level: 27
2026-02-18 18:28:27 | INFO | PokePowerRequests | BATTLE_ACTION | ATTACK | Description: Кипяток: 11/15
2026-02-18 18:28:27 | INFO | PokePowerRequests | INVENTORY | ADD | Монета | Count: 22
2026-02-18 18:28:42 | INFO | PokePowerRequests | BATTLE_START | Enemy: #024 'Арбок' | Level: 30
2026-02-18 18:28:42 | INFO | PokePowerRequests | BATTLE_ACTION | ATTACK | Description: Кипяток: 10/15
2026-02-18 18:28:42 | INFO | PokePowerRequests | INVENTORY | ADD | Монета | Count: 21
2026-02-18 18:28:57 | INFO | PokePowerRequests | BATTLE_START | Enemy: #462 'Магнезон' | Level: 77
2026-02-18 18:28:57 | INFO | PokePowerRequests | BATTLE_ACTION | ATTACK | Description: Кипяток: 9/15
2026-02-18 18:28:57 | INFO | PokePowerRequests | BATTLE_ACTION | CHANGE | Description: Change current pokemon to: #151 Арамис
2026-02-18 18:28:57 | INFO | PokePowerRequests | BATTLE_ACTION | ATTACK | Description: Огнемет: 14/15
2026-02-18 18:28:57 | INFO | PokePowerRequests | INVENTORY | ADD | Монета | Count: 26
2026-02-18 18:28:57 | INFO | PokePowerRequests | BATTLE_ACTION | START | Description: Start pokémon are now: #151 Арамис
2026-02-18 18:29:13 | INFO | PokePowerRequests | BATTLE_START | Enemy: #024 'Арбок' | Level: 29
2026-02-18 18:29:13 | INFO | PokePowerRequests | BATTLE_ACTION | ATTACK | Description: Психошок: 9/10
2026-02-18 18:29:13 | INFO | PokePowerRequests | INVENTORY | ADD | Монета | Count: 22
2026-02-18 18:29:28 | INFO | PokePowerRequests | BATTLE_START | Enemy: #024 'Арбок' | Level: 25
2026-02-18 18:29:28 | INFO | PokePowerRequests | BATTLE_ACTION | ATTACK | Description: Психошок: 8/10
2026-02-18 18:29:28 | INFO | PokePowerRequests | INVENTORY | ADD | Монета | Count: 22
2026-02-18 18:29:44 | INFO | PokePowerRequests | BATTLE_START | Enemy: #024 'Арбок' | Level: 29
2026-02-18 18:29:44 | INFO | PokePowerRequests | BATTLE_ACTION | ATTACK | Description: Психошок: 7/10
2026-02-18 18:29:44 | INFO | PokePowerRequests | INVENTORY | ADD | Монета | Count: 24
2026-02-18 18:30:05 | INFO | PokePowerRequests | BATTLE_START | Enemy: #462 'Магнезон' | Level: 79
2026-02-18 18:30:05 | INFO | PokePowerRequests | BATTLE_ACTION | ATTACK | Description: Огнемет: 13/15
2026-02-18 18:30:05 | INFO | PokePowerRequests | BATTLE_ACTION | ATTACK | Description: Огнемет: 12/15
2026-02-18 18:30:05 | INFO | PokePowerRequests | INVENTORY | ADD | Монета | Count: 27
2026-02-18 18:30:24 | INFO | PokePowerRequests | BATTLE_START | Enemy: #024 'Арбок' | Level: 27
2026-02-18 18:30:24 | INFO | PokePowerRequests | BATTLE_ACTION | ATTACK | Description: Психошок: 6/10
2026-02-18 18:30:24 | INFO | PokePowerRequests | INVENTORY | ADD | Монета | Count: 23
2026-02-18 18:30:45 | INFO | PokePowerRequests | BATTLE_START | Enemy: #024 'Арбок' | Level: 28
2026-02-18 18:30:45 | INFO | PokePowerRequests | BATTLE_ACTION | ATTACK | Description: Психошок: 5/10
2026-02-18 18:30:45 | INFO | PokePowerRequests | INVENTORY | ADD | Монета | Count: 25
2026-02-18 18:31:01 | INFO | PokePowerRequests | BATTLE_START | Enemy: #024 'Арбок' | Level: 34
2026-02-18 18:31:01 | INFO | PokePowerRequests | BATTLE_ACTION | ATTACK | Description: Психошок: 4/10
2026-02-18 18:31:01 | INFO | PokePowerRequests | INVENTORY | ADD | Монета | Count: 21
2026-02-18 18:31:16 | INFO | PokePowerRequests | BATTLE_START | Enemy: #462 'Магнезон' | Level: 77
2026-02-18 18:31:16 | INFO | PokePowerRequests | BATTLE_ACTION | ATTACK | Description: Огнемет: 11/15
2026-02-18 18:31:16 | INFO | PokePowerRequests | BATTLE_ACTION | ATTACK | Description: Огнемет: 10/15
2026-02-18 18:31:16 | INFO | PokePowerRequests | INVENTORY | ADD | Монета | Count: 27
2026-02-18 18:31:32 | INFO | PokePowerRequests | BATTLE_START | Enemy: #024 'Арбок' | Level: 35
2026-02-18 18:31:32 | INFO | PokePowerRequests | BATTLE_ACTION | ATTACK | Description: Психошок: 3/10
2026-02-18 18:31:32 | INFO | PokePowerRequests | INVENTORY | ADD | Монета | Count: 26
2026-02-18 18:31:47 | INFO | PokePowerRequests | BATTLE_START | Enemy: #024 'Арбок' | Level: 30
2026-02-18 18:31:47 | INFO | PokePowerRequests | BATTLE_ACTION | ATTACK | Description: Психошок: 2/10
2026-02-18 18:31:47 | INFO | PokePowerRequests | INVENTORY | ADD | Монета | Count: 26
2026-02-18 18:32:06 | INFO | PokePowerRequests | BATTLE_START | Enemy: #024 'Арбок' | Level: 34
2026-02-18 18:32:06 | INFO | PokePowerRequests | BATTLE_ACTION | ATTACK | Description: Психошок: 1/10
2026-02-18 18:32:06 | INFO | PokePowerRequests | INVENTORY | ADD | Монета | Count: 24
2026-02-18 18:32:31 | INFO | PokePowerRequests | BATTLE_START | Enemy: #024 'Арбок' | Level: 28
2026-02-18 18:32:31 | INFO | PokePowerRequests | BATTLE_ACTION | ATTACK | Description: Психошок: 0/10
2026-02-18 18:32:31 | INFO | PokePowerRequests | INVENTORY | ADD | Монета | Count: 26
2026-02-18 18:32:46 | INFO | PokePowerRequests | BATTLE_START | Enemy: #024 'Арбок' | Level: 34
2026-02-18 18:32:46 | INFO | PokePowerRequests | BATTLE_ACTION | ATTACK | Description: Молния: 14/15
2026-02-18 18:32:46 | INFO | PokePowerRequests | INVENTORY | ADD | Монета | Count: 24
2026-02-18 18:33:01 | INFO | PokePowerRequests | BATTLE_START | Enemy: #024 'Арбок' | Level: 30
2026-02-18 18:33:02 | INFO | PokePowerRequests | BATTLE_ACTION | ATTACK | Description: Молния: 13/15
2026-02-18 18:33:02 | INFO | PokePowerRequests | INVENTORY | ADD | Монета | Count: 26
2026-02-18 18:33:20 | INFO | PokePowerRequests | BATTLE_START | Enemy: #024 'Арбок' | Level: 28
2026-02-18 18:33:20 | INFO | PokePowerRequests | BATTLE_ACTION | ATTACK | Description: Молния: 12/15
2026-02-18 18:33:20 | INFO | PokePowerRequests | INVENTORY | ADD | Монета | Count: 26
2026-02-18 18:33:38 | INFO | PokePowerRequests | BATTLE_START | Enemy: #462 'Магнезон' | Level: 69
2026-02-18 18:33:39 | INFO | PokePowerRequests | BATTLE_ACTION | ATTACK | Description: Огнемет: 9/15
2026-02-18 18:33:39 | INFO | PokePowerRequests | INVENTORY | ADD | Монета | Count: 27
2026-02-18 18:33:57 | INFO | PokePowerRequests | BATTLE_START | Enemy: #024 'Арбок' | Level: 35
2026-02-18 18:33:57 | INFO | PokePowerRequests | BATTLE_ACTION | ATTACK | Description: Молния: 11/15
2026-02-18 18:33:57 | INFO | PokePowerRequests | INVENTORY | ADD | Монета | Count: 25
2026-02-18 18:34:12 | INFO | PokePowerRequests | BATTLE_START | Enemy: #024 'Арбок' | Level: 26
2026-02-18 18:34:13 | INFO | PokePowerRequests | BATTLE_ACTION | ATTACK | Description: Молния: 10/15
2026-02-18 18:34:13 | INFO | PokePowerRequests | INVENTORY | ADD | Монета | Count: 21
2026-02-18 18:34:13 | INFO | PokePowerRequests | INVENTORY | ADD | Снежок | Count: 1
2026-02-18 18:34:25 | INFO | PokePowerRequests | BATTLE_START | Enemy: #024 'Арбок' | Level: 27
2026-02-18 18:34:25 | INFO | PokePowerRequests | BATTLE_ACTION | ATTACK | Description: Молния: 9/15
2026-02-18 18:34:25 | INFO | PokePowerRequests | INVENTORY | ADD | Монета | Count: 23
2026-02-18 18:34:46 | INFO | PokePowerRequests | BATTLE_START | Enemy: #024 'Арбок' | Level: 32
2026-02-18 18:34:47 | INFO | PokePowerRequests | BATTLE_ACTION | ATTACK | Description: Молния: 8/15
2026-02-18 18:34:47 | INFO | PokePowerRequests | INVENTORY | ADD | Монета | Count: 22
2026-02-18 18:35:08 | INFO | PokePowerRequests | BATTLE_START | Enemy: #024 'Арбок' | Level: 28
2026-02-18 18:35:08 | INFO | PokePowerRequests | BATTLE_ACTION | ATTACK | Description: Молния: 7/15
2026-02-18 18:35:08 | INFO | PokePowerRequests | INVENTORY | ADD | Монета | Count: 21
2026-02-18 18:35:27 | INFO | PokePowerRequests | BATTLE_START | Enemy: #462 'Магнезон' | Level: 65
2026-02-18 18:35:27 | INFO | PokePowerRequests | BATTLE_ACTION | ATTACK | Description: Огнемет: 8/15
2026-02-18 18:35:27 | INFO | PokePowerRequests | INVENTORY | ADD | Монета | Count: 29
2026-02-18 18:35:48 | INFO | PokePowerRequests | BATTLE_START | Enemy: #462 'Магнезон' | Level: 68
2026-02-18 18:35:48 | INFO | PokePowerRequests | BATTLE_ACTION | ATTACK | Description: Огнемет: 7/15
2026-02-18 18:35:48 | INFO | PokePowerRequests | INVENTORY | ADD | Монета | Count: 25
2026-02-18 18:35:48 | INFO | PokePowerRequests | INVENTORY | ADD | Покебол | Count: 1
2026-02-18 18:36:10 | INFO | PokePowerRequests | BATTLE_START | Enemy: #024 'Арбок' | Level: 25
2026-02-18 18:36:10 | INFO | PokePowerRequests | BATTLE_ACTION | CHANGE | Description: Change current pokemon to: #563 Клеопатра
2026-02-18 18:36:10 | INFO | PokePowerRequests | BATTLE_ACTION | ATTACK | Description: Сглаз: 9/10
2026-02-18 18:36:10 | INFO | PokePowerRequests | INVENTORY | ADD | Монета | Count: 26
2026-02-18 18:36:10 | INFO | PokePowerRequests | BATTLE_ACTION | START | Description: Start pokémon are now: #563 Клеопатра
2026-02-18 18:36:29 | INFO | PokePowerRequests | BATTLE_START | Enemy: #024 'Арбок' | Level: 33
2026-02-18 18:36:29 | INFO | PokePowerRequests | BATTLE_ACTION | ATTACK | Description: Сглаз: 8/10
2026-02-18 18:36:29 | INFO | PokePowerRequests | INVENTORY | ADD | Монета | Count: 25
2026-02-18 18:36:41 | INFO | PokePowerRequests | BATTLE_START | Enemy: #024 'Арбок' | Level: 29
2026-02-18 18:36:41 | INFO | PokePowerRequests | BATTLE_ACTION | ATTACK | Description: Сглаз: 7/10
2026-02-18 18:36:41 | INFO | PokePowerRequests | INVENTORY | ADD | Монета | Count: 22
2026-02-18 18:37:00 | INFO | PokePowerRequests | BATTLE_START | Enemy: #024 'Арбок' | Level: 34
2026-02-18 18:37:00 | INFO | PokePowerRequests | BATTLE_ACTION | ATTACK | Description: Сглаз: 6/10
2026-02-18 18:37:00 | INFO | PokePowerRequests | INVENTORY | ADD | Монета | Count: 22
2026-02-18 18:37:21 | INFO | PokePowerRequests | BATTLE_START | Enemy: #024 'Арбок' | Level: 27
2026-02-18 18:37:21 | INFO | PokePowerRequests | BATTLE_ACTION | ATTACK | Description: Сглаз: 5/10
2026-02-18 18:37:21 | INFO | PokePowerRequests | INVENTORY | ADD | Монета | Count: 23
2026-02-18 18:37:40 | INFO | PokePowerRequests | BATTLE_START | Enemy: #024 'Арбок' | Level: 28
2026-02-18 18:37:40 | INFO | PokePowerRequests | BATTLE_ACTION | ATTACK | Description: Сглаз: 4/10
2026-02-18 18:37:40 | INFO | PokePowerRequests | INVENTORY | ADD | Монета | Count: 23
2026-02-18 18:37:55 | INFO | PokePowerRequests | BATTLE_START | Enemy: #024 'Арбок' | Level: 35
2026-02-18 18:37:55 | INFO | PokePowerRequests | BATTLE_ACTION | ATTACK | Description: Сглаз: 3/10
2026-02-18 18:37:55 | INFO | PokePowerRequests | INVENTORY | ADD | Монета | Count: 21
2026-02-18 18:38:17 | INFO | PokePowerRequests | BATTLE_START | Enemy: #024 'Арбок' | Level: 33
2026-02-18 18:38:17 | INFO | PokePowerRequests | BATTLE_ACTION | ATTACK | Description: Сглаз: 2/10
2026-02-18 18:38:17 | INFO | PokePowerRequests | INVENTORY | ADD | Монета | Count: 23
2026-02-18 18:38:32 | INFO | PokePowerRequests | BATTLE_START | Enemy: #024 'Арбок' | Level: 32
2026-02-18 18:38:32 | INFO | PokePowerRequests | BATTLE_ACTION | ATTACK | Description: Сглаз: 1/10
2026-02-18 18:38:32 | INFO | PokePowerRequests | INVENTORY | ADD | Монета | Count: 25
2026-02-18 18:38:33 | INFO | PokePowerRequests | POKECENTER | HEAL | Reason: Pokemons has a small amount of HP
2026-02-18 18:38:49 | INFO | PokePowerRequests | BATTLE_START | Enemy: #104 'Кубон' | Level: 19
2026-02-18 18:38:49 | INFO | PokePowerRequests | BATTLE_ACTION | ATTACK | Description: Сглаз: 9/10
2026-02-18 18:38:49 | INFO | PokePowerRequests | INVENTORY | ADD | Монета | Count: 55
2026-02-18 18:38:49 | INFO | PokePowerRequests | INVENTORY | ADD | Покебол | Count: 1
2026-02-18 18:38:53 | INFO | PokePowerRequests | BOT_STOPPED |
2026-02-18 18:40:26 | INFO | PokePowerRequests | BOT_STARTED
2026-02-18 18:40:27 | INFO | PokePowerRequests | BATTLE_START | Enemy: #024 'Арбок' | Level: 32
2026-02-18 18:40:27 | INFO | PokePowerRequests | BATTLE_ACTION | ATTACK | Description: Сглаз: 7/10
2026-02-18 18:40:27 | INFO | PokePowerRequests | INVENTORY | ADD | Монета | Count: 24
2026-02-18 18:40:48 | INFO | PokePowerRequests | BATTLE_START | Enemy: #024 'Арбок' | Level: 31
2026-02-18 18:40:48 | INFO | PokePowerRequests | BATTLE_ACTION | ATTACK | Description: Сглаз: 6/10
2026-02-18 18:40:48 | INFO | PokePowerRequests | INVENTORY | ADD | Монета | Count: 23
2026-02-18 18:40:48 | INFO | PokePowerRequests | INVENTORY | ADD | Снежок | Count: 1
2026-02-18 18:41:10 | INFO | PokePowerRequests | BATTLE_START | Enemy: #462 'Магнезон' | Level: 80
2026-02-18 18:41:10 | INFO | PokePowerRequests | BATTLE_ACTION | ATTACK | Description: Сглаз: 5/10
2026-02-18 18:41:10 | INFO | PokePowerRequests | BATTLE_ACTION | ATTACK | Description: Сглаз: 4/10
2026-02-18 18:41:10 | INFO | PokePowerRequests | INVENTORY | ADD | Монета | Count: 25
2026-02-18 18:41:22 | INFO | PokePowerRequests | BATTLE_START | Enemy: #024 'Арбок' | Level: 27
2026-02-18 18:41:22 | INFO | PokePowerRequests | BATTLE_ACTION | ATTACK | Description: Сглаз: 3/10
2026-02-18 18:41:22 | INFO | PokePowerRequests | INVENTORY | ADD | Монета | Count: 21
2026-02-18 18:41:38 | INFO | PokePowerRequests | BATTLE_START | Enemy: #462 'Магнезон' | Level: 74
2026-02-18 18:41:38 | INFO | PokePowerRequests | BATTLE_ACTION | ATTACK | Description: Сглаз: 2/10
2026-02-18 18:41:38 | INFO | PokePowerRequests | BATTLE_ACTION | ATTACK | Description: Сглаз: 1/10
2026-02-18 18:41:38 | INFO | PokePowerRequests | INVENTORY | ADD | Монета | Count: 23
2026-02-18 18:41:53 | INFO | PokePowerRequests | BATTLE_START | Enemy: #024 'Арбок' | Level: 34
2026-02-18 18:41:53 | INFO | PokePowerRequests | BATTLE_ACTION | CHANGE | Description: Change current pokemon to: #151 Арамис
2026-02-18 18:41:53 | INFO | PokePowerRequests | BATTLE_ACTION | ATTACK | Description: Психошок: 9/10
2026-02-18 18:41:53 | INFO | PokePowerRequests | INVENTORY | ADD | Монета | Count: 25
2026-02-18 18:41:53 | INFO | PokePowerRequests | BATTLE_ACTION | START | Description: Start pokémon are now: #151 Арамис
2026-02-18 18:42:12 | INFO | PokePowerRequests | BATTLE_START | Enemy: #024 'Арбок' | Level: 34
2026-02-18 18:42:12 | INFO | PokePowerRequests | BATTLE_ACTION | ATTACK | Description: Психошок: 8/10
2026-02-18 18:42:12 | INFO | PokePowerRequests | INVENTORY | ADD | Монета | Count: 25
2026-02-18 18:42:33 | INFO | PokePowerRequests | BATTLE_START | Enemy: #024 'Арбок' | Level: 31
2026-02-18 18:42:33 | INFO | PokePowerRequests | BATTLE_ACTION | ATTACK | Description: Психошок: 7/10
2026-02-18 18:42:33 | INFO | PokePowerRequests | INVENTORY | ADD | Монета | Count: 25
2026-02-18 18:42:46 | INFO | PokePowerRequests | BATTLE_START | Enemy: #462 'Магнезон' | Level: 76
2026-02-18 18:42:46 | INFO | PokePowerRequests | BATTLE_ACTION | ATTACK | Description: Огнемет: 14/15
2026-02-18 18:42:46 | INFO | PokePowerRequests | INVENTORY | ADD | Монета | Count: 25
2026-02-18 18:43:07 | INFO | PokePowerRequests | BATTLE_START | Enemy: #024 'Арбок' | Level: 27
2026-02-18 18:43:07 | INFO | PokePowerRequests | BATTLE_ACTION | ATTACK | Description: Психошок: 6/10
2026-02-18 18:43:07 | INFO | PokePowerRequests | INVENTORY | ADD | Монета | Count: 22
2026-02-18 18:43:26 | INFO | PokePowerRequests | BATTLE_START | Enemy: #462 'Магнезон' | Level: 80
2026-02-18 18:43:26 | INFO | PokePowerRequests | BATTLE_ACTION | ATTACK | Description: Огнемет: 13/15
2026-02-18 18:43:26 | INFO | PokePowerRequests | INVENTORY | ADD | Монета | Count: 24
2026-02-18 18:43:51 | INFO | PokePowerRequests | BATTLE_START | Enemy: #024 'Арбок' | Level: 30
2026-02-18 18:43:51 | INFO | PokePowerRequests | BATTLE_ACTION | ATTACK | Description: Психошок: 5/10
2026-02-18 18:43:51 | INFO | PokePowerRequests | INVENTORY | ADD | Монета | Count: 21
2026-02-18 18:44:03 | INFO | PokePowerRequests | BATTLE_START | Enemy: #024 'Арбок' | Level: 26
2026-02-18 18:44:03 | INFO | PokePowerRequests | BATTLE_ACTION | ATTACK | Description: Психошок: 4/10
2026-02-18 18:44:03 | INFO | PokePowerRequests | INVENTORY | ADD | Монета | Count: 26
2026-02-18 18:44:18 | INFO | PokePowerRequests | BATTLE_START | Enemy: #024 'Арбок' | Level: 26
2026-02-18 18:44:18 | INFO | PokePowerRequests | BATTLE_ACTION | ATTACK | Description: Психошок: 3/10
2026-02-18 18:44:18 | INFO | PokePowerRequests | INVENTORY | ADD | Монета | Count: 24
2026-02-18 18:44:31 | INFO | PokePowerRequests | BATTLE_START | Enemy: #024 'Арбок' | Level: 32
2026-02-18 18:44:31 | INFO | PokePowerRequests | BATTLE_ACTION | ATTACK | Description: Психошок: 2/10
2026-02-18 18:44:31 | INFO | PokePowerRequests | INVENTORY | ADD | Монета | Count: 25
2026-02-18 18:44:50 | INFO | PokePowerRequests | BATTLE_START | Enemy: #024 'Арбок' | Level: 26
2026-02-18 18:44:50 | INFO | PokePowerRequests | BATTLE_ACTION | CHANGE | Description: Change current pokemon to: #788 Тапу Фини
2026-02-18 18:44:50 | INFO | PokePowerRequests | BATTLE_ACTION | ATTACK | Description: Кипяток: 14/15
2026-02-18 18:44:50 | INFO | PokePowerRequests | INVENTORY | ADD | Монета | Count: 22
2026-02-18 18:44:50 | INFO | PokePowerRequests | BATTLE_ACTION | START | Description: Start pokémon are now: #788 Тапу Фини
2026-02-18 18:45:03 | INFO | PokePowerRequests | BATTLE_START | Enemy: #024 'Арбок' | Level: 28
2026-02-18 18:45:03 | INFO | PokePowerRequests | BATTLE_ACTION | ATTACK | Description: Кипяток: 13/15
2026-02-18 18:45:03 | INFO | PokePowerRequests | INVENTORY | ADD | Монета | Count: 26
2026-02-18 18:45:18 | INFO | PokePowerRequests | BATTLE_START | Enemy: #024 'Арбок' | Level: 33
2026-02-18 18:45:18 | INFO | PokePowerRequests | BATTLE_ACTION | ATTACK | Description: Кипяток: 12/15
2026-02-18 18:45:18 | INFO | PokePowerRequests | INVENTORY | ADD | Монета | Count: 21
2026-02-18 18:45:40 | INFO | PokePowerRequests | BATTLE_START | Enemy: #024 'Арбок' | Level: 35
2026-02-18 18:45:40 | INFO | PokePowerRequests | BATTLE_ACTION | ATTACK | Description: Кипяток: 11/15
2026-02-18 18:45:40 | INFO | PokePowerRequests | INVENTORY | ADD | Монета | Count: 21
2026-02-18 18:46:02 | INFO | PokePowerRequests | BATTLE_START | Enemy: #462 'Магнезон' | Level: 74
2026-02-18 18:46:02 | INFO | PokePowerRequests | BATTLE_ACTION | ATTACK | Description: Кипяток: 10/15
2026-02-18 18:46:02 | INFO | PokePowerRequests | INVENTORY | ADD | Монета | Count: 26
2026-02-18 18:46:21 | INFO | PokePowerRequests | BATTLE_START | Enemy: #024 'Арбок' | Level: 35
2026-02-18 18:46:21 | INFO | PokePowerRequests | BATTLE_ACTION | ATTACK | Description: Кипяток: 9/15
2026-02-18 18:46:21 | INFO | PokePowerRequests | INVENTORY | ADD | Монета | Count: 26
2026-02-18 18:46:43 | INFO | PokePowerRequests | BATTLE_START | Enemy: #024 'Арбок' | Level: 29
2026-02-18 18:46:43 | INFO | PokePowerRequests | BATTLE_ACTION | ATTACK | Description: Кипяток: 8/15
2026-02-18 18:46:43 | INFO | PokePowerRequests | INVENTORY | ADD | Монета | Count: 22
2026-02-18 18:47:05 | INFO | PokePowerRequests | BATTLE_START | Enemy: #462 'Магнезон' | Level: 73
2026-02-18 18:47:05 | INFO | PokePowerRequests | BATTLE_ACTION | ATTACK | Description: Кипяток: 7/15
2026-02-18 18:47:05 | INFO | PokePowerRequests | BATTLE_ACTION | ATTACK | Description: Кипяток: 6/15
2026-02-18 18:47:05 | INFO | PokePowerRequests | BATTLE_START | Enemy: #462 'Магнезон' | Level: 73
2026-02-18 18:47:05 | INFO | PokePowerRequests | BATTLE_ACTION | ATTACK | Description: Кипяток: 5/15
2026-02-18 18:47:05 | INFO | PokePowerRequests | BATTLE_START | Enemy: #462 'Магнезон' | Level: 73
2026-02-18 18:47:06 | INFO | PokePowerRequests | BATTLE_ACTION | ATTACK | Description: Кипяток: 4/15
2026-02-18 18:47:06 | INFO | PokePowerRequests | BATTLE_START | Enemy: #462 'Магнезон' | Level: 73
2026-02-18 18:47:06 | INFO | PokePowerRequests | BATTLE_ACTION | ATTACK | Description: Кипяток: 3/15
2026-02-18 18:47:06 | INFO | PokePowerRequests | BATTLE_START | Enemy: #462 'Магнезон' | Level: 73
2026-02-18 18:47:06 | INFO | PokePowerRequests | BATTLE_ACTION | ATTACK | Description: Кипяток: 2/15
2026-02-18 18:47:06 | INFO | PokePowerRequests | BATTLE_START | Enemy: #462 'Магнезон' | Level: 73
2026-02-18 18:47:06 | INFO | PokePowerRequests | BATTLE_ACTION | ATTACK | Description: Кипяток: 1/15
2026-02-18 18:47:06 | INFO | PokePowerRequests | BATTLE_START | Enemy: #462 'Магнезон' | Level: 73
2026-02-18 18:47:06 | INFO | PokePowerRequests | BATTLE_ACTION | ATTACK | Description: Кипяток: 0/15
2026-02-18 18:47:06 | INFO | PokePowerRequests | BATTLE_START | Enemy: #462 'Магнезон' | Level: 73
2026-02-18 18:47:06 | INFO | PokePowerRequests | BATTLE_ACTION | ATTACK | Description: Теневой шар: 14/15
2026-02-18 18:47:06 | INFO | PokePowerRequests | BATTLE_START | Enemy: #462 'Магнезон' | Level: 73
2026-02-18 18:47:06 | INFO | PokePowerRequests | BATTLE_ACTION | ATTACK | Description: Теневой шар: 13/15
2026-02-18 18:47:06 | INFO | PokePowerRequests | BATTLE_START | Enemy: #462 'Магнезон' | Level: 73
2026-02-18 18:47:06 | INFO | PokePowerRequests | BATTLE_ACTION | ATTACK | Description: Теневой шар: 12/15
2026-02-18 18:47:06 | INFO | PokePowerRequests | BATTLE_START | Enemy: #462 'Магнезон' | Level: 73
2026-02-18 18:47:06 | INFO | PokePowerRequests | BATTLE_ACTION | ATTACK | Description: Теневой шар: 11/15
2026-02-18 18:47:06 | INFO | PokePowerRequests | BATTLE_START | Enemy: #462 'Магнезон' | Level: 73
2026-02-18 18:47:06 | INFO | PokePowerRequests | BATTLE_ACTION | ATTACK | Description: Теневой шар: 10/15
2026-02-18 18:47:06 | INFO | PokePowerRequests | BATTLE_START | Enemy: #462 'Магнезон' | Level: 73
2026-02-18 18:47:06 | INFO | PokePowerRequests | BATTLE_ACTION | ATTACK | Description: Теневой шар: 9/15
2026-02-18 18:47:06 | INFO | PokePowerRequests | BATTLE_START | Enemy: #462 'Магнезон' | Level: 73
2026-02-18 18:47:06 | INFO | PokePowerRequests | BATTLE_ACTION | ATTACK | Description: Теневой шар: 8/15
2026-02-18 18:47:06 | INFO | PokePowerRequests | BATTLE_START | Enemy: #462 'Магнезон' | Level: 73
2026-02-18 18:47:06 | INFO | PokePowerRequests | BATTLE_ACTION | ATTACK | Description: Теневой шар: 7/15
2026-02-18 18:47:06 | INFO | PokePowerRequests | BATTLE_START | Enemy: #462 'Магнезон' | Level: 73
2026-02-18 18:47:07 | INFO | PokePowerRequests | BATTLE_ACTION | ATTACK | Description: Теневой шар: 6/15
2026-02-18 18:47:07 | INFO | PokePowerRequests | BATTLE_START | Enemy: #462 'Магнезон' | Level: 73
2026-02-18 18:47:07 | INFO | PokePowerRequests | BATTLE_ACTION | ATTACK | Description: Теневой шар: 5/15
2026-02-18 18:47:07 | INFO | PokePowerRequests | BATTLE_START | Enemy: #462 'Магнезон' | Level: 73
2026-02-18 18:47:07 | INFO | PokePowerRequests | BATTLE_ACTION | ATTACK | Description: Теневой шар: 4/15
2026-02-18 18:47:07 | INFO | PokePowerRequests | BATTLE_START | Enemy: #462 'Магнезон' | Level: 73
2026-02-18 18:47:07 | INFO | PokePowerRequests | BATTLE_ACTION | ATTACK | Description: Теневой шар: 3/15
2026-02-18 18:47:07 | INFO | PokePowerRequests | BATTLE_START | Enemy: #462 'Магнезон' | Level: 73
2026-02-18 18:47:07 | INFO | PokePowerRequests | BATTLE_ACTION | ATTACK | Description: Теневой шар: 2/15
2026-02-18 18:47:07 | INFO | PokePowerRequests | BATTLE_START | Enemy: #462 'Магнезон' | Level: 73
2026-02-18 18:47:07 | INFO | PokePowerRequests | BATTLE_ACTION | ATTACK | Description: Теневой шар: 1/15
2026-02-18 18:47:07 | INFO | PokePowerRequests | BATTLE_START | Enemy: #462 'Магнезон' | Level: 73
2026-02-18 18:47:07 | INFO | PokePowerRequests | BATTLE_ACTION | ATTACK | Description: Теневой шар: 0/15
2026-02-18 18:47:07 | INFO | PokePowerRequests | BATTLE_START | Enemy: #462 'Магнезон' | Level: 73
2026-02-18 18:47:07 | INFO | PokePowerRequests | BATTLE_ACTION | ATTACK | Description: Лунный взрыв: 14/15
2026-02-18 18:47:07 | INFO | PokePowerRequests | BATTLE_START | Enemy: #462 'Магнезон' | Level: 73
2026-02-18 18:47:07 | INFO | PokePowerRequests | BATTLE_ACTION | ATTACK | Description: Лунный взрыв: 13/15
2026-02-18 18:47:07 | INFO | PokePowerRequests | BATTLE_START | Enemy: #462 'Магнезон' | Level: 73
2026-02-18 18:47:07 | INFO | PokePowerRequests | BATTLE_ACTION | ATTACK | Description: Лунный взрыв: 12/15
2026-02-18 18:47:07 | INFO | PokePowerRequests | BATTLE_START | Enemy: #462 'Магнезон' | Level: 73
2026-02-18 18:47:07 | INFO | PokePowerRequests | BATTLE_ACTION | ATTACK | Description: Лунный взрыв: 11/15
2026-02-18 18:47:07 | INFO | PokePowerRequests | BATTLE_START | Enemy: #462 'Магнезон' | Level: 73
2026-02-18 18:47:08 | INFO | PokePowerRequests | BATTLE_ACTION | ATTACK | Description: Лунный взрыв: 10/15
2026-02-18 18:47:08 | INFO | PokePowerRequests | BATTLE_START | Enemy: #462 'Магнезон' | Level: 73
2026-02-18 18:47:08 | INFO | PokePowerRequests | BATTLE_ACTION | ATTACK | Description: Лунный взрыв: 9/15
2026-02-18 18:47:08 | INFO | PokePowerRequests | BATTLE_START | Enemy: #462 'Магнезон' | Level: 73
2026-02-18 18:47:08 | INFO | PokePowerRequests | BATTLE_ACTION | ATTACK | Description: Лунный взрыв: 8/15
2026-02-18 18:47:08 | INFO | PokePowerRequests | BATTLE_START | Enemy: #462 'Магнезон' | Level: 73
2026-02-18 18:47:08 | INFO | PokePowerRequests | BATTLE_ACTION | ATTACK | Description: Лунный взрыв: 7/15
2026-02-18 18:47:08 | INFO | PokePowerRequests | BATTLE_START | Enemy: #462 'Магнезон' | Level: 73
2026-02-18 18:47:08 | INFO | PokePowerRequests | BATTLE_ACTION | ATTACK | Description: Лунный взрыв: 6/15
2026-02-18 18:47:08 | INFO | PokePowerRequests | BATTLE_START | Enemy: #462 'Магнезон' | Level: 73
2026-02-18 18:47:08 | INFO | PokePowerRequests | BATTLE_ACTION | ATTACK | Description: Лунный взрыв: 5/15
2026-02-18 18:47:08 | INFO | PokePowerRequests | BATTLE_START | Enemy: #462 'Магнезон' | Level: 73
2026-02-18 18:47:08 | INFO | PokePowerRequests | BATTLE_ACTION | ATTACK | Description: Лунный взрыв: 4/15
2026-02-18 18:47:08 | INFO | PokePowerRequests | BATTLE_START | Enemy: #462 'Магнезон' | Level: 73
2026-02-18 18:47:08 | INFO | PokePowerRequests | BATTLE_ACTION | ATTACK | Description: Лунный взрыв: 3/15
2026-02-18 18:47:08 | INFO | PokePowerRequests | BATTLE_START | Enemy: #462 'Магнезон' | Level: 73
2026-02-18 18:47:08 | INFO | PokePowerRequests | BATTLE_ACTION | ATTACK | Description: Лунный взрыв: 2/15
2026-02-18 18:47:08 | INFO | PokePowerRequests | BATTLE_START | Enemy: #462 'Магнезон' | Level: 73
2026-02-18 18:47:08 | INFO | PokePowerRequests | BATTLE_ACTION | ATTACK | Description: Лунный взрыв: 1/15
2026-02-18 18:47:08 | INFO | PokePowerRequests | BATTLE_START | Enemy: #462 'Магнезон' | Level: 73
2026-02-18 18:47:08 | INFO | PokePowerRequests | BATTLE_ACTION | ATTACK | Description: Лунный взрыв: 0/15
2026-02-18 18:47:08 | INFO | PokePowerRequests | BATTLE_START | Enemy: #462 'Магнезон' | Level: 73
2026-02-18 18:47:09 | INFO | PokePowerRequests | BATTLE_ACTION | COWARD | Description: Pokemon has low level HP
2026-02-18 18:47:09 | INFO | PokePowerRequests | Move to - 520
2026-02-18 18:47:09 | ERROR | PokePowerRequests | Сlient crashed due to migration_error: 49 | Extra: BotShutdownError: Перемещение невозможно, не выполнено условие, ID: 520
2026-02-18 18:47:09 | ERROR | PokePowerRequests | Сlient crashed due to migration_error: 49 | Extra: BotShutdownError: Перемещение невозможно, не выполнено условие, ID: 520
2026-02-18 18:47:09 | ERROR | PokePowerRequests | Сlient crashed due to migration_error: 49 | Extra: BotShutdownError: Перемещение невозможно, не выполнено условие, ID: 520
2026-02-18 18:47:09 | ERROR | PokePowerRequests | Сlient crashed due to migration_error: 49 | Extra: BotShutdownError: Перемещение невозможно, не выполнено условие, ID: 520
2026-02-18 18:47:09 | ERROR | PokePowerRequests | Сlient crashed due to migration_error: 49 | Extra: BotShutdownError: Перемещение невозможно, не выполнено условие, ID: 520
2026-02-18 18:47:09 | ERROR | PokePowerRequests | Сlient crashed due to migration_error: 49 | Extra: BotShutdownError: Перемещение невозможно, не выполнено условие, ID: 520
2026-02-18 18:47:09 | ERROR | PokePowerRequests | Сlient crashed due to migration_error: 49 | Extra: BotShutdownError: Перемещение невозможно, не выполнено условие, ID: 520
2026-02-18 18:47:09 | ERROR | PokePowerRequests | Сlient crashed due to migration_error: 49 | Extra: BotShutdownError: Перемещение невозможно, не выполнено условие, ID: 520
2026-02-18 18:47:09 | ERROR | PokePowerRequests | Сlient crashed due to migration_error: 49 | Extra: BotShutdownError: Перемещение невозможно, не выполнено условие, ID: 520
2026-02-18 18:47:09 | ERROR | PokePowerRequests | Сlient crashed due to migration_error: 49 | Extra: BotShutdownError: Перемещение невозможно, не выполнено условие, ID: 520
2026-02-18 18:47:09 | ERROR | PokePowerRequests | Сlient crashed due to migration_error: 49 | Extra: BotShutdownError: Перемещение невозможно, не выполнено условие, ID: 520
2026-02-18 18:47:09 | ERROR | PokePowerRequests | Сlient crashed due to migration_error: 49 | Extra: BotShutdownError: Перемещение невозможно, не выполнено условие, ID: 520
2026-02-18 18:47:09 | ERROR | PokePowerRequests | Сlient crashed due to migration_error: 49 | Extra: BotShutdownError: Перемещение невозможно, не выполнено условие, ID: 520
2026-02-18 18:47:09 | ERROR | PokePowerRequests | Сlient crashed due to migration_error: 49 | Extra: BotShutdownError: Перемещение невозможно, не выполнено условие, ID: 520
2026-02-18 18:47:09 | ERROR | PokePowerRequests | Сlient crashed due to migration_error: 49 | Extra: BotShutdownError: Перемещение невозможно, не выполнено условие, ID: 520
2026-02-18 18:47:09 | ERROR | PokePowerRequests | Сlient crashed due to migration_error: 49 | Extra: BotShutdownError: Перемещение невозможно, не выполнено условие, ID: 520
2026-02-18 18:47:09 | ERROR | PokePowerRequests | Сlient crashed due to migration_error: 49 | Extra: BotShutdownError: Перемещение невозможно, не выполнено условие, ID: 520
2026-02-18 18:47:09 | ERROR | PokePowerRequests | Сlient crashed due to migration_error: 49 | Extra: BotShutdownError: Перемещение невозможно, не выполнено условие, ID: 520
2026-02-18 18:47:09 | ERROR | PokePowerRequests | Сlient crashed due to migration_error: 49 | Extra: BotShutdownError: Перемещение невозможно, не выполнено условие, ID: 520
2026-02-18 18:47:09 | ERROR | PokePowerRequests | Сlient crashed due to migration_error: 49 | Extra: BotShutdownError: Перемещение невозможно, не выполнено условие, ID: 520
2026-02-18 18:47:09 | ERROR | PokePowerRequests | Сlient crashed due to migration_error: 49 | Extra: BotShutdownError: Перемещение невозможно, не выполнено условие, ID: 520
2026-02-18 18:47:09 | ERROR | PokePowerRequests | Сlient crashed due to migration_error: 49 | Extra: BotShutdownError: Перемещение невозможно, не выполнено условие, ID: 520
2026-02-18 18:47:09 | ERROR | PokePowerRequests | Сlient crashed due to migration_error: 49 | Extra: BotShutdownError: Перемещение невозможно, не выполнено условие, ID: 520
2026-02-18 18:47:09 | ERROR | PokePowerRequests | Сlient crashed due to migration_error: 49 | Extra: BotShutdownError: Перемещение невозможно, не выполнено условие, ID: 520
2026-02-18 18:47:09 | ERROR | PokePowerRequests | Сlient crashed due to migration_error: 49 | Extra: BotShutdownError: Перемещение невозможно, не выполнено условие, ID: 520
2026-02-18 18:47:09 | ERROR | PokePowerRequests | Сlient crashed due to migration_error: 49 | Extra: BotShutdownError: Перемещение невозможно, не выполнено условие, ID: 520
2026-02-18 18:47:09 | ERROR | PokePowerRequests | Сlient crashed due to migration_error: 49 | Extra: BotShutdownError: Перемещение невозможно, не выполнено условие, ID: 520
2026-02-18 18:47:09 | ERROR | PokePowerRequests | Сlient crashed due to migration_error: 49 | Extra: BotShutdownError: Перемещение невозможно, не выполнено условие, ID: 520
2026-02-18 18:47:09 | ERROR | PokePowerRequests | Сlient crashed due to migration_error: 49 | Extra: BotShutdownError: Перемещение невозможно, не выполнено условие, ID: 520
2026-02-18 18:47:09 | ERROR | PokePowerRequests | Сlient crashed due to migration_error: 49 | Extra: BotShutdownError: Перемещение невозможно, не выполнено условие, ID: 520
2026-02-18 18:47:09 | ERROR | PokePowerRequests | Сlient crashed due to migration_error: 49 | Extra: BotShutdownError: Перемещение невозможно, не выполнено условие, ID: 520
2026-02-18 18:47:09 | ERROR | PokePowerRequests | Сlient crashed due to migration_error: 49 | Extra: BotShutdownError: Перемещение невозможно, не выполнено условие, ID: 520
2026-02-18 18:47:09 | ERROR | PokePowerRequests | Сlient crashed due to migration_error: 49 | Extra: BotShutdownError: Перемещение невозможно, не выполнено условие, ID: 520
2026-02-18 18:47:09 | ERROR | PokePowerRequests | Сlient crashed due to migration_error: 49 | Extra: BotShutdownError: Перемещение невозможно, не выполнено условие, ID: 520
2026-02-18 18:47:09 | ERROR | PokePowerRequests | Сlient crashed due to migration_error: 49 | Extra: BotShutdownError: Перемещение невозможно, не выполнено условие, ID: 520
2026-02-18 18:47:09 | ERROR | PokePowerRequests | Сlient crashed due to migration_error: 49 | Extra: BotShutdownError: Перемещение невозможно, не выполнено условие, ID: 520
2026-02-18 18:47:09 | ERROR | PokePowerRequests | Сlient crashed due to migration_error: 49 | Extra: BotShutdownError: Перемещение невозможно, не выполнено условие, ID: 520
2026-02-18 18:47:09 | ERROR | PokePowerRequests | Сlient crashed due to migration_error: 49 | Extra: BotShutdownError: Перемещение невозможно, не выполнено условие, ID: 520
2026-02-18 18:47:09 | ERROR | PokePowerRequests | Сlient crashed due to migration_error: 49 | Extra: BotShutdownError: Перемещение невозможно, не выполнено условие, ID: 520
2026-02-18 18:47:09 | ERROR | PokePowerRequests | Сlient crashed due to migration_error: 49 | Extra: BotShutdownError: Перемещение невозможно, не выполнено условие, ID: 520
2026-02-18 18:47:09 | ERROR | PokePowerRequests | Сlient crashed due to migration_error: 49 | Extra: BotShutdownError: Перемещение невозможно, не выполнено условие, ID: 520
2026-02-18 18:47:09 | INFO | PokePowerRequests | BOT_STOPPED | <class 'src.utils.exeptions.BotShutdownError'> | Перемещение невозможно, не выполнено условие, ID: 520 | F:\projects\PokePowerRequests\src\services\movements.py:49
2026-02-18 18:53:56 | INFO | PokePowerRequests | BOT_STARTED
2026-02-18 18:53:57 | INFO | PokePowerRequests | BATTLE_START | Enemy: #024 'Арбок' | Level: 25
2026-02-18 18:53:57 | INFO | PokePowerRequests | BATTLE_ACTION | ATTACK | Description: Кипяток: 13/15
2026-02-18 18:53:57 | INFO | PokePowerRequests | INVENTORY | ADD | Монета | Count: 23
2026-02-18 18:54:15 | INFO | PokePowerRequests | BATTLE_START | Enemy: #024 'Арбок' | Level: 28
2026-02-18 18:54:16 | INFO | PokePowerRequests | BATTLE_ACTION | ATTACK | Description: Кипяток: 12/15
2026-02-18 18:54:16 | INFO | PokePowerRequests | INVENTORY | ADD | Монета | Count: 22
2026-02-18 18:54:31 | INFO | PokePowerRequests | BATTLE_START | Enemy: #024 'Арбок' | Level: 29
2026-02-18 18:54:31 | INFO | PokePowerRequests | BATTLE_ACTION | ATTACK | Description: Кипяток: 11/15
2026-02-18 18:54:31 | INFO | PokePowerRequests | INVENTORY | ADD | Монета | Count: 21
2026-02-18 18:54:49 | INFO | PokePowerRequests | BATTLE_START | Enemy: #024 'Арбок' | Level: 25
2026-02-18 18:54:49 | INFO | PokePowerRequests | BATTLE_ACTION | ATTACK | Description: Кипяток: 10/15
2026-02-18 18:54:49 | INFO | PokePowerRequests | INVENTORY | ADD | Монета | Count: 23
2026-02-18 18:55:08 | INFO | PokePowerRequests | BATTLE_START | Enemy: #024 'Арбок' | Level: 31
2026-02-18 18:55:08 | INFO | PokePowerRequests | BATTLE_ACTION | ATTACK | Description: Кипяток: 9/15
2026-02-18 18:55:08 | INFO | PokePowerRequests | INVENTORY | ADD | Монета | Count: 22
2026-02-18 18:55:08 | INFO | PokePowerRequests | INVENTORY | ADD | Снежок | Count: 1
2026-02-18 18:55:29 | INFO | PokePowerRequests | BATTLE_START | Enemy: #024 'Арбок' | Level: 25
2026-02-18 18:55:30 | INFO | PokePowerRequests | BATTLE_ACTION | ATTACK | Description: Кипяток: 8/15
2026-02-18 18:55:30 | INFO | PokePowerRequests | INVENTORY | ADD | Монета | Count: 21
2026-02-18 18:55:45 | INFO | PokePowerRequests | BATTLE_START | Enemy: #024 'Арбок' | Level: 34
2026-02-18 18:55:45 | INFO | PokePowerRequests | BATTLE_ACTION | ATTACK | Description: Кипяток: 7/15
2026-02-18 18:55:45 | INFO | PokePowerRequests | INVENTORY | ADD | Монета | Count: 24
2026-02-18 18:56:07 | INFO | PokePowerRequests | BATTLE_START | Enemy: #024 'Арбок' | Level: 29
2026-02-18 18:56:07 | INFO | PokePowerRequests | BATTLE_ACTION | ATTACK | Description: Кипяток: 6/15
2026-02-18 18:56:07 | INFO | PokePowerRequests | INVENTORY | ADD | Монета | Count: 24
2026-02-18 18:56:25 | INFO | PokePowerRequests | BATTLE_START | Enemy: #462 'Магнезон' | Level: 71
2026-02-18 18:56:25 | INFO | PokePowerRequests | BATTLE_ACTION | ATTACK | Description: Кипяток: 5/15
2026-02-18 18:56:25 | INFO | PokePowerRequests | INVENTORY | ADD | Монета | Count: 23
2026-02-18 18:56:25 | INFO | PokePowerRequests | INVENTORY | ADD | Электродетали | Count: 1
2026-02-18 18:56:47 | INFO | PokePowerRequests | BATTLE_START | Enemy: #024 'Арбок' | Level: 28
2026-02-18 18:56:47 | INFO | PokePowerRequests | BATTLE_ACTION | ATTACK | Description: Кипяток: 4/15
2026-02-18 18:56:47 | INFO | PokePowerRequests | INVENTORY | ADD | Монета | Count: 22
2026-02-18 18:57:02 | INFO | PokePowerRequests | BATTLE_START | Enemy: #024 'Арбок' | Level: 28
2026-02-18 18:57:02 | INFO | PokePowerRequests | BATTLE_ACTION | ATTACK | Description: Кипяток: 3/15
2026-02-18 18:57:02 | INFO | PokePowerRequests | INVENTORY | ADD | Монета | Count: 24
2026-02-18 18:57:18 | INFO | PokePowerRequests | BATTLE_START | Enemy: #462 'Магнезон' | Level: 71
2026-02-18 18:57:18 | INFO | PokePowerRequests | BATTLE_ACTION | CHANGE | Description: Change current pokemon to: #151 Арамис
2026-02-18 18:57:18 | INFO | PokePowerRequests | BATTLE_ACTION | ATTACK | Description: Огнемет: 14/15
2026-02-18 18:57:18 | INFO | PokePowerRequests | INVENTORY | ADD | Монета | Count: 23
2026-02-18 18:57:18 | INFO | PokePowerRequests | BATTLE_ACTION | START | Description: Start pokémon are now: #151 Арамис
2026-02-18 18:57:33 | INFO | PokePowerRequests | BATTLE_START | Enemy: #024 'Арбок' | Level: 30
2026-02-18 18:57:33 | INFO | PokePowerRequests | BATTLE_ACTION | ATTACK | Description: Психошок: 9/10
2026-02-18 18:57:33 | INFO | PokePowerRequests | INVENTORY | ADD | Монета | Count: 24
2026-02-18 18:57:52 | INFO | PokePowerRequests | BATTLE_START | Enemy: #024 'Арбок' | Level: 31
2026-02-18 18:57:52 | INFO | PokePowerRequests | BATTLE_ACTION | ATTACK | Description: Психошок: 8/10
2026-02-18 18:57:52 | INFO | PokePowerRequests | INVENTORY | ADD | Монета | Count: 25
2026-02-18 18:58:10 | INFO | PokePowerRequests | BATTLE_START | Enemy: #024 'Арбок' | Level: 32
2026-02-18 18:58:10 | INFO | PokePowerRequests | BATTLE_ACTION | ATTACK | Description: Психошок: 7/10
2026-02-18 18:58:10 | INFO | PokePowerRequests | INVENTORY | ADD | Монета | Count: 22
2026-02-18 18:58:32 | INFO | PokePowerRequests | BATTLE_START | Enemy: #024 'Арбок' | Level: 27
2026-02-18 18:58:32 | INFO | PokePowerRequests | BATTLE_ACTION | ATTACK | Description: Психошок: 6/10
2026-02-18 18:58:32 | INFO | PokePowerRequests | INVENTORY | ADD | Монета | Count: 22
2026-02-18 18:58:53 | INFO | PokePowerRequests | BATTLE_START | Enemy: #024 'Арбок' | Level: 26
2026-02-18 18:58:54 | INFO | PokePowerRequests | BATTLE_ACTION | ATTACK | Description: Психошок: 5/10
2026-02-18 18:58:54 | INFO | PokePowerRequests | INVENTORY | ADD | Монета | Count: 25
2026-02-18 18:59:12 | INFO | PokePowerRequests | BATTLE_START | Enemy: #024 'Арбок' | Level: 25
2026-02-18 18:59:12 | INFO | PokePowerRequests | BATTLE_ACTION | ATTACK | Description: Психошок: 4/10
2026-02-18 18:59:12 | INFO | PokePowerRequests | INVENTORY | ADD | Монета | Count: 24
2026-02-18 18:59:27 | INFO | PokePowerRequests | BATTLE_START | Enemy: #024 'Арбок' | Level: 35
2026-02-18 18:59:28 | INFO | PokePowerRequests | BATTLE_ACTION | ATTACK | Description: Психошок: 3/10
2026-02-18 18:59:28 | INFO | PokePowerRequests | INVENTORY | ADD | Монета | Count: 24
2026-02-18 18:59:49 | INFO | PokePowerRequests | BATTLE_START | Enemy: #024 'Арбок' | Level: 33
2026-02-18 18:59:49 | INFO | PokePowerRequests | BATTLE_ACTION | ATTACK | Description: Психошок: 2/10
2026-02-18 18:59:49 | INFO | PokePowerRequests | INVENTORY | ADD | Монета | Count: 22
2026-02-18 19:00:08 | INFO | PokePowerRequests | BATTLE_START | Enemy: #024 'Арбок' | Level: 32
2026-02-18 19:00:08 | INFO | PokePowerRequests | BATTLE_ACTION | ATTACK | Description: Психошок: 1/10
2026-02-18 19:00:08 | INFO | PokePowerRequests | INVENTORY | ADD | Монета | Count: 25
2026-02-18 19:00:23 | INFO | PokePowerRequests | BATTLE_START | Enemy: #024 'Арбок' | Level: 25
2026-02-18 19:00:23 | INFO | PokePowerRequests | BATTLE_ACTION | ATTACK | Description: Психошок: 0/10
2026-02-18 19:00:23 | INFO | PokePowerRequests | INVENTORY | ADD | Монета | Count: 26
2026-02-18 19:00:23 | INFO | PokePowerRequests | INVENTORY | ADD | Покебол | Count: 1
2026-02-18 19:00:38 | INFO | PokePowerRequests | BATTLE_START | Enemy: #462 'Магнезон' | Level: 68
2026-02-18 19:00:38 | INFO | PokePowerRequests | BATTLE_ACTION | ATTACK | Description: Огнемет: 13/15
2026-02-18 19:00:39 | INFO | PokePowerRequests | BATTLE_ACTION | ATTACK | Description: Огнемет: 12/15
2026-02-18 19:00:39 | INFO | PokePowerRequests | INVENTORY | ADD | Монета | Count: 27
2026-02-18 19:00:54 | INFO | PokePowerRequests | BATTLE_START | Enemy: #462 'Магнезон' | Level: 68
2026-02-18 19:00:54 | INFO | PokePowerRequests | BATTLE_ACTION | ATTACK | Description: Огнемет: 11/15
2026-02-18 19:00:54 | INFO | PokePowerRequests | BATTLE_ACTION | CHANGE | Description: Change current pokemon to: #563 Клеопатра
2026-02-18 19:00:54 | INFO | PokePowerRequests | BATTLE_ACTION | ATTACK | Description: Сглаз: 9/10
2026-02-18 19:00:54 | INFO | PokePowerRequests | INVENTORY | ADD | Монета | Count: 27
2026-02-18 19:00:54 | INFO | PokePowerRequests | BATTLE_ACTION | START | Description: Start pokémon are now: #563 Клеопатра
2026-02-18 19:01:16 | INFO | PokePowerRequests | BATTLE_START | Enemy: #024 'Арбок' | Level: 31
2026-02-18 19:01:16 | INFO | PokePowerRequests | BATTLE_ACTION | ATTACK | Description: Сглаз: 8/10
2026-02-18 19:01:16 | INFO | PokePowerRequests | INVENTORY | ADD | Монета | Count: 25
2026-02-18 19:01:31 | INFO | PokePowerRequests | BATTLE_START | Enemy: #024 'Арбок' | Level: 30
2026-02-18 19:01:31 | INFO | PokePowerRequests | BATTLE_ACTION | ATTACK | Description: Сглаз: 7/10
2026-02-18 19:01:31 | INFO | PokePowerRequests | INVENTORY | ADD | Монета | Count: 24
2026-02-18 19:01:56 | INFO | PokePowerRequests | BATTLE_START | Enemy: #462 'Магнезон' | Level: 71
2026-02-18 19:01:56 | INFO | PokePowerRequests | BATTLE_ACTION | ATTACK | Description: Сглаз: 6/10
2026-02-18 19:01:56 | INFO | PokePowerRequests | BATTLE_ACTION | ATTACK | Description: Сглаз: 5/10
2026-02-18 19:01:56 | INFO | PokePowerRequests | BATTLE_ACTION | ATTACK | Description: Сглаз: 4/10
2026-02-18 19:01:56 | INFO | PokePowerRequests | INVENTORY | ADD | Монета | Count: 23
2026-02-18 19:02:11 | INFO | PokePowerRequests | BATTLE_START | Enemy: #462 'Магнезон' | Level: 67
2026-02-18 19:02:11 | INFO | PokePowerRequests | BATTLE_ACTION | ATTACK | Description: Сглаз: 3/10
2026-02-18 19:02:11 | INFO | PokePowerRequests | INVENTORY | ADD | Монета | Count: 27
2026-02-18 19:02:27 | INFO | PokePowerRequests | BATTLE_START | Enemy: #462 'Магнезон' | Level: 67
2026-02-18 19:02:27 | INFO | PokePowerRequests | BATTLE_ACTION | ATTACK | Description: Сглаз: 2/10
2026-02-18 19:02:27 | INFO | PokePowerRequests | BATTLE_ACTION | ATTACK | Description: Сглаз: 1/10
2026-02-18 19:02:27 | INFO | PokePowerRequests | INVENTORY | ADD | Монета | Count: 23
2026-02-18 19:02:27 | INFO | PokePowerRequests | POKECENTER | HEAL | Reason: Pokemons has a small amount of HP
2026-02-18 19:02:47 | INFO | PokePowerRequests | BATTLE_START | Enemy: #024 'Арбок' | Level: 31
2026-02-18 19:02:47 | INFO | PokePowerRequests | BATTLE_ACTION | ATTACK | Description: Сглаз: 9/10
2026-02-18 19:02:47 | INFO | PokePowerRequests | INVENTORY | ADD | Монета | Count: 22
2026-02-18 19:03:09 | INFO | PokePowerRequests | BATTLE_START | Enemy: #462 'Магнезон' | Level: 78
2026-02-18 19:03:09 | INFO | PokePowerRequests | BATTLE_ACTION | ATTACK | Description: Сглаз: 8/10
2026-02-18 19:03:09 | INFO | PokePowerRequests | BATTLE_ACTION | ATTACK | Description: Сглаз: 7/10
2026-02-18 19:03:09 | INFO | PokePowerRequests | INVENTORY | ADD | Монета | Count: 25
2026-02-18 19:03:28 | INFO | PokePowerRequests | BATTLE_START | Enemy: #024 'Арбок' | Level: 31
2026-02-18 19:03:28 | INFO | PokePowerRequests | BATTLE_ACTION | ATTACK | Description: Сглаз: 6/10
2026-02-18 19:03:28 | INFO | PokePowerRequests | INVENTORY | ADD | Монета | Count: 23
2026-02-18 19:03:43 | INFO | PokePowerRequests | BATTLE_START | Enemy: #024 'Арбок' | Level: 33
2026-02-18 19:03:43 | INFO | PokePowerRequests | BATTLE_ACTION | ATTACK | Description: Сглаз: 5/10
2026-02-18 19:03:43 | INFO | PokePowerRequests | INVENTORY | ADD | Монета | Count: 21
2026-02-18 19:03:58 | INFO | PokePowerRequests | BATTLE_START | Enemy: #024 'Арбок' | Level: 34
2026-02-18 19:03:59 | INFO | PokePowerRequests | BATTLE_ACTION | ATTACK | Description: Сглаз: 4/10
2026-02-18 19:03:59 | INFO | PokePowerRequests | INVENTORY | ADD | Монета | Count: 22
2026-02-18 19:04:20 | INFO | PokePowerRequests | BATTLE_START | Enemy: #024 'Арбок' | Level: 31
2026-02-18 19:04:20 | INFO | PokePowerRequests | BATTLE_ACTION | ATTACK | Description: Сглаз: 3/10
2026-02-18 19:04:20 | INFO | PokePowerRequests | INVENTORY | ADD | Монета | Count: 26
2026-02-18 19:04:33 | INFO | PokePowerRequests | BATTLE_START | Enemy: #462 'Магнезон' | Level: 72
2026-02-18 19:04:33 | INFO | PokePowerRequests | BATTLE_ACTION | ATTACK | Description: Сглаз: 2/10
2026-02-18 19:04:33 | INFO | PokePowerRequests | BATTLE_ACTION | ATTACK | Description: Сглаз: 1/10
2026-02-18 19:04:33 | INFO | PokePowerRequests | BATTLE_ACTION | ATTACK | Description: Сглаз: 0/10
2026-02-18 19:04:33 | INFO | PokePowerRequests | INVENTORY | ADD | Монета | Count: 29
2026-02-18 19:04:33 | INFO | PokePowerRequests | POKECENTER | HEAL | Reason: Pokemons has a small amount of HP
2026-02-18 19:04:49 | INFO | PokePowerRequests | BATTLE_START | Enemy: #024 'Арбок' | Level: 25
2026-02-18 19:04:49 | INFO | PokePowerRequests | BATTLE_ACTION | ATTACK | Description: Сглаз: 9/10
2026-02-18 19:04:49 | INFO | PokePowerRequests | INVENTORY | ADD | Монета | Count: 22
2026-02-18 19:05:11 | INFO | PokePowerRequests | BATTLE_START | Enemy: #024 'Арбок' | Level: 35
2026-02-18 19:05:11 | INFO | PokePowerRequests | BATTLE_ACTION | ATTACK | Description: Сглаз: 8/10
2026-02-18 19:05:11 | INFO | PokePowerRequests | INVENTORY | ADD | Монета | Count: 21
2026-02-18 19:05:30 | INFO | PokePowerRequests | BATTLE_START | Enemy: #024 'Арбок' | Level: 25
2026-02-18 19:05:30 | INFO | PokePowerRequests | BATTLE_ACTION | ATTACK | Description: Сглаз: 7/10
2026-02-18 19:05:30 | INFO | PokePowerRequests | INVENTORY | ADD | Монета | Count: 22
2026-02-18 19:05:30 | INFO | PokePowerRequests | INVENTORY | ADD | Снежок | Count: 1
2026-02-18 19:05:45 | INFO | PokePowerRequests | BATTLE_START | Enemy: #024 'Арбок' | Level: 35
2026-02-18 19:05:45 | INFO | PokePowerRequests | BATTLE_ACTION | ATTACK | Description: Сглаз: 6/10
2026-02-18 19:05:45 | INFO | PokePowerRequests | INVENTORY | ADD | Монета | Count: 23
2026-02-18 19:05:45 | INFO | PokePowerRequests | INVENTORY | ADD | Снежок | Count: 1
2026-02-18 19:06:04 | INFO | PokePowerRequests | BATTLE_START | Enemy: #024 'Арбок' | Level: 30
2026-02-18 19:06:04 | INFO | PokePowerRequests | BATTLE_ACTION | ATTACK | Description: Сглаз: 5/10
2026-02-18 19:06:04 | INFO | PokePowerRequests | INVENTORY | ADD | Монета | Count: 26
2026-02-18 19:06:04 | INFO | PokePowerRequests | INVENTORY | ADD | Снежок | Count: 1
2026-02-18 19:06:16 | INFO | PokePowerRequests | BATTLE_START | Enemy: #024 'Арбок' | Level: 32
2026-02-18 19:06:16 | INFO | PokePowerRequests | BATTLE_ACTION | ATTACK | Description: Сглаз: 4/10
2026-02-18 19:06:16 | INFO | PokePowerRequests | INVENTORY | ADD | Монета | Count: 26
2026-02-18 19:06:41 | INFO | PokePowerRequests | BATTLE_START | Enemy: #024 'Арбок' | Level: 26
2026-02-18 19:06:41 | INFO | PokePowerRequests | BATTLE_ACTION | ATTACK | Description: Сглаз: 3/10
2026-02-18 19:06:41 | INFO | PokePowerRequests | INVENTORY | ADD | Монета | Count: 23
2026-02-18 19:07:02 | INFO | PokePowerRequests | BATTLE_START | Enemy: #024 'Арбок' | Level: 34
2026-02-18 19:07:02 | INFO | PokePowerRequests | BATTLE_ACTION | ATTACK | Description: Сглаз: 2/10
2026-02-18 19:07:02 | INFO | PokePowerRequests | INVENTORY | ADD | Монета | Count: 22
2026-02-18 19:07:24 | INFO | PokePowerRequests | BATTLE_START | Enemy: #024 'Арбок' | Level: 32
2026-02-18 19:07:24 | INFO | PokePowerRequests | BATTLE_ACTION | ATTACK | Description: Сглаз: 1/10
2026-02-18 19:07:24 | INFO | PokePowerRequests | INVENTORY | ADD | Монета | Count: 26
2026-02-18 19:07:24 | INFO | PokePowerRequests | POKECENTER | HEAL | Reason: Pokemons has a small amount of HP
2026-02-18 19:07:38 | INFO | PokePowerRequests | BATTLE_START | Enemy: #024 'Арбок' | Level: 33
2026-02-18 19:07:38 | INFO | PokePowerRequests | BATTLE_ACTION | ATTACK | Description: Сглаз: 9/10
2026-02-18 19:07:38 | INFO | PokePowerRequests | INVENTORY | ADD | Монета | Count: 21
2026-02-18 19:07:50 | INFO | PokePowerRequests | BATTLE_START | Enemy: #024 'Арбок' | Level: 26
2026-02-18 19:07:50 | INFO | PokePowerRequests | BATTLE_ACTION | ATTACK | Description: Сглаз: 8/10
2026-02-18 19:07:50 | INFO | PokePowerRequests | INVENTORY | ADD | Монета | Count: 23
2026-02-18 19:08:12 | INFO | PokePowerRequests | BATTLE_START | Enemy: #024 'Арбок' | Level: 25
2026-02-18 19:08:12 | INFO | PokePowerRequests | BATTLE_ACTION | ATTACK | Description: Сглаз: 7/10
2026-02-18 19:08:12 | INFO | PokePowerRequests | INVENTORY | ADD | Монета | Count: 24
2026-02-18 19:08:33 | INFO | PokePowerRequests | BATTLE_START | Enemy: #024 'Арбок' | Level: 32
2026-02-18 19:08:33 | INFO | PokePowerRequests | BATTLE_ACTION | ATTACK | Description: Сглаз: 6/10
2026-02-18 19:08:33 | INFO | PokePowerRequests | INVENTORY | ADD | Монета | Count: 26
2026-02-18 19:08:49 | INFO | PokePowerRequests | BATTLE_START | Enemy: #024 'Арбок' | Level: 26
2026-02-18 19:08:49 | INFO | PokePowerRequests | BATTLE_ACTION | ATTACK | Description: Сглаз: 5/10
2026-02-18 19:08:49 | INFO | PokePowerRequests | INVENTORY | ADD | Монета | Count: 22
2026-02-18 19:09:04 | INFO | PokePowerRequests | BATTLE_START | Enemy: #024 'Арбок' | Level: 29
2026-02-18 19:09:04 | INFO | PokePowerRequests | BATTLE_ACTION | ATTACK | Description: Сглаз: 4/10
2026-02-18 19:09:04 | INFO | PokePowerRequests | INVENTORY | ADD | Монета | Count: 24
2026-02-18 19:09:23 | INFO | PokePowerRequests | BATTLE_START | Enemy: #024 'Арбок' | Level: 34
2026-02-18 19:09:23 | INFO | PokePowerRequests | BATTLE_ACTION | ATTACK | Description: Сглаз: 3/10
2026-02-18 19:09:23 | INFO | PokePowerRequests | INVENTORY | ADD | Монета | Count: 26
2026-02-18 19:09:38 | INFO | PokePowerRequests | BATTLE_START | Enemy: #462 'Магнезон' | Level: 77
2026-02-18 19:09:38 | INFO | PokePowerRequests | BATTLE_ACTION | ATTACK | Description: Сглаз: 2/10
2026-02-18 19:09:38 | INFO | PokePowerRequests | INVENTORY | ADD | Монета | Count: 26
2026-02-18 19:09:38 | INFO | PokePowerRequests | INVENTORY | ADD | Снежок | Count: 1
2026-02-18 19:09:57 | INFO | PokePowerRequests | BATTLE_START | Enemy: #024 'Арбок' | Level: 29
2026-02-18 19:09:57 | INFO | PokePowerRequests | BATTLE_ACTION | ATTACK | Description: Сглаз: 1/10
2026-02-18 19:09:57 | INFO | PokePowerRequests | INVENTORY | ADD | Монета | Count: 24
2026-02-18 19:09:58 | INFO | PokePowerRequests | POKECENTER | HEAL | Reason: Pokemons has a small amount of HP
2026-02-18 19:10:11 | INFO | PokePowerRequests | BATTLE_START | Enemy: #024 'Арбок' | Level: 29
2026-02-18 19:10:11 | INFO | PokePowerRequests | BATTLE_ACTION | ATTACK | Description: Сглаз: 9/10
2026-02-18 19:10:11 | INFO | PokePowerRequests | INVENTORY | ADD | Монета | Count: 21
2026-02-18 19:10:14 | INFO | PokePowerRequests | BOT_STOPPED |
2026-02-18 19:19:56 | INFO | PokePowerRequests | BOT_STARTED
2026-02-18 19:20:07 | INFO | PokePowerRequests | BATTLE_START | Enemy: #462 'Магнезон' | Level: 66
2026-02-18 19:20:07 | INFO | PokePowerRequests | BATTLE_ACTION | ATTACK | Description: Огнемет: 14/15
2026-02-18 19:20:07 | INFO | PokePowerRequests | BATTLE_ACTION | CHANGE | Description: Change current pokemon to: #788 Тапу Фини
2026-02-18 19:20:07 | INFO | PokePowerRequests | BATTLE_ACTION | ATTACK | Description: Кипяток: 14/15
2026-02-18 19:20:07 | INFO | PokePowerRequests | INVENTORY | ADD | Монета | Count: 27
2026-02-18 19:20:07 | INFO | PokePowerRequests | BATTLE_ACTION | START | Description: Start pokémon are now: #788 Тапу Фини
2026-02-18 19:20:14 | INFO | PokePowerRequests | BOT_STOPPED |
2026-02-18 19:33:43 | INFO | PokePowerRequests | BOT_STARTED
2026-02-18 19:33:44 | DEBUG | PokePowerRequests | Successful authorization...
2026-02-18 19:33:44 | DEBUG | PokePowerRequests | Socket connection successfully established...
2026-02-18 19:33:44 | DEBUG | PokePowerRequests | Location data collected | Location name: Заброшенная исследовательская база | ID: 526 | Region: 1 | Available routes: [{'id': '525', 'name': 'Проход 3'}, {'id': '520', 'name': 'Змеиное логово, ответвление 1'}]
2026-02-18 19:33:44 | DEBUG | PokePowerRequests | Initialization completed, data collected...
2026-02-18 19:33:44 | DEBUG | PokePowerRequests | Pokemon: #151 Арамис | Lvl: 100 | HP: 402 | Gender: genderless | Active: False
2026-02-18 19:33:44 | DEBUG | PokePowerRequests | Pokemon: #563 Клеопатра | Lvl: 100 | HP: 321 | Gender: venus | Active: False
2026-02-18 19:33:44 | DEBUG | PokePowerRequests | Pokemon: #788 Тапу Фини | Lvl: 100 | HP: 345 | Gender: genderless | Active: True
2026-02-18 19:33:44 | DEBUG | PokePowerRequests | Successfully collected information about the user's Pokemon team...
2026-02-18 19:33:44 | DEBUG | PokePowerRequests | Collected data on available pokeballs:
        [['Гритбол', 3], ['Фастбол', 7], ['Покебол', 79], ['Тыквобол', 6], ['Генобол', 190], ['Ультрабол', 16], ['Даскбол', 3], ['Мастербол', 49], ['Шайнибол', 58], ['Взломанный Шайнибол', 12], ['Дистанцбол', 14]]
2026-02-18 19:33:44 | DEBUG | PokePowerRequests | Received ID of the Pokeball selected for catching - None
2026-02-18 19:33:44 | DEBUG | PokePowerRequests | Current value of completed battles - 180
2026-02-18 19:33:44 | DEBUG | PokePowerRequests | Update request - sent
2026-02-18 19:33:47 | DEBUG | PokePowerRequests | Update request - sent
2026-02-18 19:33:50 | DEBUG | PokePowerRequests | Update request - sent
2026-02-18 19:33:54 | DEBUG | PokePowerRequests | Update request - sent
2026-02-18 19:33:54 | INFO | PokePowerRequests | BATTLE_START | Enemy: #024 'Арбок' | Level: 27
2026-02-18 19:33:54 | INFO | PokePowerRequests | BATTLE_ACTION | ATTACK | Description: Кипяток: 13/15
2026-02-18 19:33:54 | INFO | PokePowerRequests | INVENTORY | ADD | Монета | Count: 21
2026-02-18 19:33:57 | DEBUG | PokePowerRequests | Update request - sent
2026-02-18 19:34:00 | DEBUG | PokePowerRequests | Update request - sent
2026-02-18 19:34:03 | DEBUG | PokePowerRequests | Update request - sent
2026-02-18 19:34:06 | DEBUG | PokePowerRequests | Update request - sent
2026-02-18 19:34:09 | DEBUG | PokePowerRequests | Update request - sent
2026-02-18 19:34:09 | INFO | PokePowerRequests | BATTLE_START | Enemy: #024 'Арбок' | Level: 34
2026-02-18 19:34:09 | INFO | PokePowerRequests | BATTLE_ACTION | ATTACK | Description: Кипяток: 12/15
2026-02-18 19:34:09 | INFO | PokePowerRequests | INVENTORY | ADD | Монета | Count: 24
2026-02-18 19:34:12 | DEBUG | PokePowerRequests | Update request - sent
2026-02-18 19:34:15 | DEBUG | PokePowerRequests | Update request - sent
2026-02-18 19:34:19 | DEBUG | PokePowerRequests | Update request - sent
2026-02-18 19:34:22 | DEBUG | PokePowerRequests | Update request - sent
2026-02-18 19:34:25 | DEBUG | PokePowerRequests | Update request - sent
2026-02-18 19:34:25 | INFO | PokePowerRequests | BATTLE_START | Enemy: #024 'Арбок' | Level: 34
2026-02-18 19:34:25 | INFO | PokePowerRequests | BATTLE_ACTION | ATTACK | Description: Кипяток: 11/15
2026-02-18 19:34:25 | INFO | PokePowerRequests | INVENTORY | ADD | Монета | Count: 24
2026-02-18 19:34:28 | DEBUG | PokePowerRequests | Update request - sent
2026-02-18 19:34:31 | DEBUG | PokePowerRequests | Update request - sent
2026-02-18 19:34:34 | DEBUG | PokePowerRequests | Update request - sent
2026-02-18 19:34:37 | DEBUG | PokePowerRequests | Update request - sent
2026-02-18 19:34:40 | DEBUG | PokePowerRequests | Update request - sent
2026-02-18 19:34:43 | DEBUG | PokePowerRequests | Update request - sent
2026-02-18 19:34:43 | INFO | PokePowerRequests | BATTLE_START | Enemy: #024 'Арбок' | Level: 25
2026-02-18 19:34:44 | INFO | PokePowerRequests | BATTLE_ACTION | ATTACK | Description: Кипяток: 10/15
2026-02-18 19:34:44 | INFO | PokePowerRequests | INVENTORY | ADD | Монета | Count: 21
2026-02-18 19:34:47 | DEBUG | PokePowerRequests | Update request - sent
2026-02-18 19:34:50 | DEBUG | PokePowerRequests | Update request - sent
2026-02-18 19:34:53 | DEBUG | PokePowerRequests | Update request - sent
2026-02-18 19:34:56 | DEBUG | PokePowerRequests | Update request - sent
2026-02-18 19:34:59 | DEBUG | PokePowerRequests | Update request - sent
2026-02-18 19:34:59 | INFO | PokePowerRequests | BATTLE_START | Enemy: #024 'Арбок' | Level: 29
2026-02-18 19:34:59 | INFO | PokePowerRequests | BATTLE_ACTION | ATTACK | Description: Кипяток: 9/15
2026-02-18 19:34:59 | INFO | PokePowerRequests | INVENTORY | ADD | Монета | Count: 23
2026-02-18 19:35:02 | DEBUG | PokePowerRequests | Update request - sent
2026-02-18 19:35:05 | DEBUG | PokePowerRequests | Update request - sent
2026-02-18 19:35:08 | DEBUG | PokePowerRequests | Update request - sent
2026-02-18 19:35:12 | DEBUG | PokePowerRequests | Update request - sent
2026-02-18 19:35:15 | DEBUG | PokePowerRequests | Update request - sent
2026-02-18 19:35:18 | DEBUG | PokePowerRequests | Update request - sent
2026-02-18 19:35:21 | DEBUG | PokePowerRequests | Update request - sent
2026-02-18 19:35:21 | INFO | PokePowerRequests | BATTLE_START | Enemy: #024 'Арбок' | Level: 27
2026-02-18 19:35:21 | INFO | PokePowerRequests | BATTLE_ACTION | ATTACK | Description: Кипяток: 8/15
2026-02-18 19:35:21 | INFO | PokePowerRequests | INVENTORY | ADD | Монета | Count: 22
2026-02-18 19:35:24 | DEBUG | PokePowerRequests | Update request - sent
2026-02-18 19:35:27 | DEBUG | PokePowerRequests | Update request - sent
2026-02-18 19:35:30 | DEBUG | PokePowerRequests | Update request - sent
2026-02-18 19:35:33 | DEBUG | PokePowerRequests | Update request - sent
2026-02-18 19:35:36 | DEBUG | PokePowerRequests | Update request - sent
2026-02-18 19:35:36 | INFO | PokePowerRequests | BATTLE_START | Enemy: #024 'Арбок' | Level: 25
2026-02-18 19:35:36 | INFO | PokePowerRequests | BATTLE_ACTION | ATTACK | Description: Кипяток: 7/15
2026-02-18 19:35:36 | INFO | PokePowerRequests | INVENTORY | ADD | Монета | Count: 23
2026-02-18 19:35:36 | INFO | PokePowerRequests | INVENTORY | ADD | Снежок | Count: 1
2026-02-18 19:35:40 | DEBUG | PokePowerRequests | Update request - sent
2026-02-18 19:35:43 | DEBUG | PokePowerRequests | Update request - sent
2026-02-18 19:35:46 | DEBUG | PokePowerRequests | Update request - sent
2026-02-18 19:35:49 | DEBUG | PokePowerRequests | Update request - sent
2026-02-18 19:35:52 | DEBUG | PokePowerRequests | Update request - sent
2026-02-18 19:35:52 | INFO | PokePowerRequests | BATTLE_START | Enemy: #024 'Арбок' | Level: 27
2026-02-18 19:35:52 | INFO | PokePowerRequests | BATTLE_ACTION | ATTACK | Description: Кипяток: 6/15
2026-02-18 19:35:52 | INFO | PokePowerRequests | INVENTORY | ADD | Монета | Count: 24
2026-02-18 19:35:55 | DEBUG | PokePowerRequests | Update request - sent
2026-02-18 19:35:58 | DEBUG | PokePowerRequests | Update request - sent
2026-02-18 19:36:01 | DEBUG | PokePowerRequests | Update request - sent
2026-02-18 19:36:04 | DEBUG | PokePowerRequests | Update request - sent
2026-02-18 19:36:07 | DEBUG | PokePowerRequests | Update request - sent
2026-02-18 19:36:07 | INFO | PokePowerRequests | BATTLE_START | Enemy: #024 'Арбок' | Level: 29
2026-02-18 19:36:08 | INFO | PokePowerRequests | BATTLE_ACTION | ATTACK | Description: Кипяток: 5/15
2026-02-18 19:36:08 | INFO | PokePowerRequests | INVENTORY | ADD | Монета | Count: 22
2026-02-18 19:36:11 | DEBUG | PokePowerRequests | Update request - sent
2026-02-18 19:36:14 | DEBUG | PokePowerRequests | Update request - sent
2026-02-18 19:36:17 | DEBUG | PokePowerRequests | Update request - sent
2026-02-18 19:36:20 | DEBUG | PokePowerRequests | Update request - sent
2026-02-18 19:36:23 | DEBUG | PokePowerRequests | Update request - sent
2026-02-18 19:36:26 | DEBUG | PokePowerRequests | Update request - sent
2026-02-18 19:36:29 | DEBUG | PokePowerRequests | Update request - sent
2026-02-18 19:36:29 | INFO | PokePowerRequests | BATTLE_START | Enemy: #024 'Арбок' | Level: 28
2026-02-18 19:36:29 | INFO | PokePowerRequests | BATTLE_ACTION | ATTACK | Description: Кипяток: 4/15
2026-02-18 19:36:29 | INFO | PokePowerRequests | INVENTORY | ADD | Монета | Count: 23
2026-02-18 19:36:32 | DEBUG | PokePowerRequests | Update request - sent
2026-02-18 19:36:35 | DEBUG | PokePowerRequests | Update request - sent
2026-02-18 19:36:38 | DEBUG | PokePowerRequests | Update request - sent
2026-02-18 19:36:42 | DEBUG | PokePowerRequests | Update request - sent
2026-02-18 19:36:45 | DEBUG | PokePowerRequests | Update request - sent
2026-02-18 19:36:48 | DEBUG | PokePowerRequests | Update request - sent
2026-02-18 19:36:48 | INFO | PokePowerRequests | BATTLE_START | Enemy: #024 'Арбок' | Level: 30
2026-02-18 19:36:48 | INFO | PokePowerRequests | BATTLE_ACTION | ATTACK | Description: Кипяток: 3/15
2026-02-18 19:36:48 | INFO | PokePowerRequests | INVENTORY | ADD | Монета | Count: 21
2026-02-18 19:36:48 | INFO | PokePowerRequests | INVENTORY | ADD | Снежок | Count: 1
2026-02-18 19:36:51 | DEBUG | PokePowerRequests | Update request - sent
2026-02-18 19:36:54 | DEBUG | PokePowerRequests | Update request - sent
2026-02-18 19:36:57 | DEBUG | PokePowerRequests | Update request - sent
2026-02-18 19:37:00 | DEBUG | PokePowerRequests | Update request - sent
2026-02-18 19:37:00 | INFO | PokePowerRequests | BATTLE_START | Enemy: #024 'Арбок' | Level: 27
2026-02-18 19:37:00 | INFO | PokePowerRequests | BATTLE_ACTION | ATTACK | Description: Кипяток: 2/15
2026-02-18 19:37:00 | INFO | PokePowerRequests | INVENTORY | ADD | Монета | Count: 22
2026-02-18 19:37:03 | DEBUG | PokePowerRequests | Update request - sent
2026-02-18 19:37:06 | DEBUG | PokePowerRequests | Update request - sent
2026-02-18 19:37:10 | DEBUG | PokePowerRequests | Update request - sent
2026-02-18 19:37:13 | DEBUG | PokePowerRequests | Update request - sent
2026-02-18 19:37:16 | DEBUG | PokePowerRequests | Update request - sent
2026-02-18 19:37:16 | INFO | PokePowerRequests | BATTLE_START | Enemy: #024 'Арбок' | Level: 26
2026-02-18 19:37:16 | INFO | PokePowerRequests | BATTLE_ACTION | ATTACK | Description: Кипяток: 1/15
2026-02-18 19:37:16 | INFO | PokePowerRequests | INVENTORY | ADD | Монета | Count: 23
2026-02-18 19:37:19 | DEBUG | PokePowerRequests | Update request - sent
2026-02-18 19:37:22 | DEBUG | PokePowerRequests | Update request - sent
2026-02-18 19:37:25 | DEBUG | PokePowerRequests | Update request - sent
2026-02-18 19:37:28 | DEBUG | PokePowerRequests | Update request - sent
2026-02-18 19:37:28 | INFO | PokePowerRequests | BATTLE_START | Enemy: #462 'Магнезон' | Level: 65
2026-02-18 19:37:28 | INFO | PokePowerRequests | BATTLE_ACTION | ATTACK | Description: Кипяток: 0/15
2026-02-18 19:37:28 | INFO | PokePowerRequests | INVENTORY | ADD | Монета | Count: 25
2026-02-18 19:37:31 | DEBUG | PokePowerRequests | Update request - sent
2026-02-18 19:37:35 | DEBUG | PokePowerRequests | Update request - sent
2026-02-18 19:37:38 | DEBUG | PokePowerRequests | Update request - sent
2026-02-18 19:37:41 | DEBUG | PokePowerRequests | Update request - sent
2026-02-18 19:37:44 | DEBUG | PokePowerRequests | Update request - sent
2026-02-18 19:37:44 | INFO | PokePowerRequests | BATTLE_START | Enemy: #024 'Арбок' | Level: 31
2026-02-18 19:37:44 | INFO | PokePowerRequests | BATTLE_ACTION | ATTACK | Description: Теневой шар: 14/15
2026-02-18 19:37:44 | INFO | PokePowerRequests | INVENTORY | ADD | Монета | Count: 25
2026-02-18 19:37:47 | DEBUG | PokePowerRequests | Update request - sent
2026-02-18 19:37:50 | DEBUG | PokePowerRequests | Update request - sent
2026-02-18 19:37:53 | DEBUG | PokePowerRequests | Update request - sent
2026-02-18 19:37:56 | DEBUG | PokePowerRequests | Update request - sent
2026-02-18 19:38:00 | DEBUG | PokePowerRequests | Update request - sent
2026-02-18 19:38:03 | DEBUG | PokePowerRequests | Update request - sent
2026-02-18 19:38:06 | DEBUG | PokePowerRequests | Update request - sent
2026-02-18 19:38:06 | INFO | PokePowerRequests | BATTLE_START | Enemy: #024 'Арбок' | Level: 35
2026-02-18 19:38:06 | INFO | PokePowerRequests | BATTLE_ACTION | ATTACK | Description: Теневой шар: 13/15
2026-02-18 19:38:06 | INFO | PokePowerRequests | INVENTORY | ADD | Монета | Count: 24
2026-02-18 19:38:09 | DEBUG | PokePowerRequests | Update request - sent
2026-02-18 19:38:12 | DEBUG | PokePowerRequests | Update request - sent
2026-02-18 19:38:15 | DEBUG | PokePowerRequests | Update request - sent
2026-02-18 19:38:18 | DEBUG | PokePowerRequests | Update request - sent
2026-02-18 19:38:22 | DEBUG | PokePowerRequests | Update request - sent
2026-02-18 19:38:25 | DEBUG | PokePowerRequests | Update request - sent
2026-02-18 19:38:28 | DEBUG | PokePowerRequests | Update request - sent
2026-02-18 19:38:28 | INFO | PokePowerRequests | BATTLE_START | Enemy: #024 'Арбок' | Level: 27
2026-02-18 19:38:28 | INFO | PokePowerRequests | BATTLE_ACTION | ATTACK | Description: Теневой шар: 12/15
2026-02-18 19:38:28 | INFO | PokePowerRequests | INVENTORY | ADD | Монета | Count: 24
2026-02-18 19:38:31 | DEBUG | PokePowerRequests | Update request - sent
2026-02-18 19:38:34 | DEBUG | PokePowerRequests | Update request - sent
2026-02-18 19:38:37 | DEBUG | PokePowerRequests | Update request - sent
2026-02-18 19:38:41 | DEBUG | PokePowerRequests | Update request - sent
2026-02-18 19:38:44 | DEBUG | PokePowerRequests | Update request - sent
2026-02-18 19:38:44 | INFO | PokePowerRequests | BATTLE_START | Enemy: #024 'Арбок' | Level: 28
2026-02-18 19:38:44 | INFO | PokePowerRequests | BATTLE_ACTION | ATTACK | Description: Теневой шар: 11/15
2026-02-18 19:38:44 | INFO | PokePowerRequests | INVENTORY | ADD | Монета | Count: 23
2026-02-18 19:38:44 | INFO | PokePowerRequests | INVENTORY | ADD | Снежок | Count: 1
2026-02-18 19:38:47 | DEBUG | PokePowerRequests | Update request - sent
2026-02-18 19:38:50 | DEBUG | PokePowerRequests | Update request - sent
2026-02-18 19:38:53 | DEBUG | PokePowerRequests | Update request - sent
2026-02-18 19:38:56 | DEBUG | PokePowerRequests | Update request - sent
2026-02-18 19:38:59 | DEBUG | PokePowerRequests | Update request - sent
2026-02-18 19:38:59 | INFO | PokePowerRequests | BATTLE_START | Enemy: #024 'Арбок' | Level: 27
2026-02-18 19:39:00 | INFO | PokePowerRequests | BATTLE_ACTION | ATTACK | Description: Теневой шар: 10/15
2026-02-18 19:39:00 | INFO | PokePowerRequests | INVENTORY | ADD | Монета | Count: 22
2026-02-18 19:39:03 | DEBUG | PokePowerRequests | Update request - sent
2026-02-18 19:39:06 | DEBUG | PokePowerRequests | Update request - sent
2026-02-18 19:39:09 | DEBUG | PokePowerRequests | Update request - sent
2026-02-18 19:39:12 | DEBUG | PokePowerRequests | Update request - sent
2026-02-18 19:39:15 | DEBUG | PokePowerRequests | Update request - sent
2026-02-18 19:39:15 | INFO | PokePowerRequests | BATTLE_START | Enemy: #462 'Магнезон' | Level: 65
2026-02-18 19:39:15 | INFO | PokePowerRequests | BATTLE_ACTION | ATTACK | Description: Теневой шар: 9/15
2026-02-18 19:39:15 | INFO | PokePowerRequests | BATTLE_ACTION | CHANGE | Description: Change current pokemon to: #151 Арамис
2026-02-18 19:39:15 | INFO | PokePowerRequests | BATTLE_ACTION | ATTACK | Description: Огнемет: 14/15
2026-02-18 19:39:15 | INFO | PokePowerRequests | INVENTORY | ADD | Монета | Count: 29
2026-02-18 19:39:16 | INFO | PokePowerRequests | BATTLE_ACTION | START | Description: Start pokémon are now: #151 Арамис
2026-02-18 19:39:19 | DEBUG | PokePowerRequests | Update request - sent
2026-02-18 19:39:22 | DEBUG | PokePowerRequests | Update request - sent
2026-02-18 19:39:25 | DEBUG | PokePowerRequests | Update request - sent
2026-02-18 19:39:28 | DEBUG | PokePowerRequests | Update request - sent
2026-02-18 19:39:31 | DEBUG | PokePowerRequests | Update request - sent
2026-02-18 19:39:31 | INFO | PokePowerRequests | BATTLE_START | Enemy: #024 'Арбок' | Level: 31
2026-02-18 19:39:31 | INFO | PokePowerRequests | BATTLE_ACTION | ATTACK | Description: Психошок: 9/10
2026-02-18 19:39:31 | INFO | PokePowerRequests | INVENTORY | ADD | Монета | Count: 22
2026-02-18 19:39:34 | DEBUG | PokePowerRequests | Update request - sent
2026-02-18 19:39:37 | DEBUG | PokePowerRequests | Update request - sent
2026-02-18 19:39:41 | DEBUG | PokePowerRequests | Update request - sent
2026-02-18 19:39:44 | DEBUG | PokePowerRequests | Update request - sent
2026-02-18 19:39:47 | DEBUG | PokePowerRequests | Update request - sent
2026-02-18 19:39:47 | INFO | PokePowerRequests | BATTLE_START | Enemy: #462 'Магнезон' | Level: 65
2026-02-18 19:39:47 | INFO | PokePowerRequests | BATTLE_ACTION | ATTACK | Description: Огнемет: 13/15
2026-02-18 19:39:47 | INFO | PokePowerRequests | INVENTORY | ADD | Монета | Count: 28
2026-02-18 19:39:50 | DEBUG | PokePowerRequests | Update request - sent
2026-02-18 19:39:53 | DEBUG | PokePowerRequests | Update request - sent
2026-02-18 19:39:56 | DEBUG | PokePowerRequests | Update request - sent
2026-02-18 19:39:59 | DEBUG | PokePowerRequests | Update request - sent
2026-02-18 19:40:03 | DEBUG | PokePowerRequests | Update request - sent
2026-02-18 19:40:03 | INFO | PokePowerRequests | BATTLE_START | Enemy: #462 'Магнезон' | Level: 65
2026-02-18 19:40:03 | INFO | PokePowerRequests | BATTLE_ACTION | ATTACK | Description: Огнемет: 12/15
2026-02-18 19:40:03 | INFO | PokePowerRequests | BATTLE_ACTION | ATTACK | Description: Огнемет: 11/15
2026-02-18 19:40:03 | INFO | PokePowerRequests | INVENTORY | ADD | Монета | Count: 23
2026-02-18 19:40:03 | INFO | PokePowerRequests | INVENTORY | ADD | Электродетали | Count: 1
2026-02-18 19:40:06 | DEBUG | PokePowerRequests | Update request - sent
2026-02-18 19:40:09 | DEBUG | PokePowerRequests | Update request - sent
2026-02-18 19:40:12 | DEBUG | PokePowerRequests | Update request - sent
2026-02-18 19:40:15 | DEBUG | PokePowerRequests | Update request - sent
2026-02-18 19:40:18 | DEBUG | PokePowerRequests | Update request - sent
2026-02-18 19:40:18 | INFO | PokePowerRequests | BATTLE_START | Enemy: #024 'Арбок' | Level: 35
2026-02-18 19:40:18 | INFO | PokePowerRequests | BATTLE_ACTION | ATTACK | Description: Психошок: 8/10
2026-02-18 19:40:18 | INFO | PokePowerRequests | INVENTORY | ADD | Монета | Count: 24
2026-02-18 19:40:22 | DEBUG | PokePowerRequests | Update request - sent
2026-02-18 19:40:25 | DEBUG | PokePowerRequests | Update request - sent
2026-02-18 19:40:28 | DEBUG | PokePowerRequests | Update request - sent
2026-02-18 19:40:31 | DEBUG | PokePowerRequests | Update request - sent
2026-02-18 19:40:34 | DEBUG | PokePowerRequests | Update request - sent
2026-02-18 19:40:37 | DEBUG | PokePowerRequests | Update request - sent
2026-02-18 19:40:37 | INFO | PokePowerRequests | BATTLE_START | Enemy: #462 'Магнезон' | Level: 74
2026-02-18 19:40:37 | INFO | PokePowerRequests | BATTLE_ACTION | ATTACK | Description: Огнемет: 10/15
2026-02-18 19:40:37 | INFO | PokePowerRequests | INVENTORY | ADD | Монета | Count: 29
2026-02-18 19:40:40 | DEBUG | PokePowerRequests | Update request - sent
2026-02-18 19:40:44 | DEBUG | PokePowerRequests | Update request - sent
2026-02-18 19:40:47 | DEBUG | PokePowerRequests | Update request - sent
2026-02-18 19:40:50 | DEBUG | PokePowerRequests | Update request - sent
2026-02-18 19:40:53 | DEBUG | PokePowerRequests | Update request - sent
2026-02-18 19:40:56 | DEBUG | PokePowerRequests | Update request - sent
2026-02-18 19:40:56 | INFO | PokePowerRequests | BATTLE_START | Enemy: #024 'Арбок' | Level: 34
2026-02-18 19:40:56 | INFO | PokePowerRequests | BATTLE_ACTION | ATTACK | Description: Психошок: 7/10
2026-02-18 19:40:56 | INFO | PokePowerRequests | INVENTORY | ADD | Монета | Count: 23
2026-02-18 19:40:59 | DEBUG | PokePowerRequests | Update request - sent
2026-02-18 19:41:02 | DEBUG | PokePowerRequests | Update request - sent
2026-02-18 19:41:05 | DEBUG | PokePowerRequests | Update request - sent
2026-02-18 19:41:09 | DEBUG | PokePowerRequests | Update request - sent
2026-02-18 19:41:12 | DEBUG | PokePowerRequests | Update request - sent
2026-02-18 19:41:15 | DEBUG | PokePowerRequests | Update request - sent
2026-02-18 19:41:18 | DEBUG | PokePowerRequests | Update request - sent
2026-02-18 19:41:18 | INFO | PokePowerRequests | BATTLE_START | Enemy: #024 'Арбок' | Level: 32
2026-02-18 19:41:18 | INFO | PokePowerRequests | BATTLE_ACTION | ATTACK | Description: Психошок: 6/10
2026-02-18 19:41:18 | INFO | PokePowerRequests | INVENTORY | ADD | Монета | Count: 25
2026-02-18 19:41:18 | INFO | PokePowerRequests | INVENTORY | ADD | Снежок | Count: 1
2026-02-18 19:41:21 | DEBUG | PokePowerRequests | Update request - sent
2026-02-18 19:41:24 | DEBUG | PokePowerRequests | Update request - sent
2026-02-18 19:41:27 | DEBUG | PokePowerRequests | Update request - sent
2026-02-18 19:41:31 | DEBUG | PokePowerRequests | Update request - sent
2026-02-18 19:41:34 | DEBUG | PokePowerRequests | Update request - sent
2026-02-18 19:41:37 | DEBUG | PokePowerRequests | Update request - sent
2026-02-18 19:41:37 | INFO | PokePowerRequests | BATTLE_START | Enemy: #024 'Арбок' | Level: 35
2026-02-18 19:41:37 | INFO | PokePowerRequests | BATTLE_ACTION | ATTACK | Description: Психошок: 5/10
2026-02-18 19:41:37 | INFO | PokePowerRequests | INVENTORY | ADD | Монета | Count: 25
2026-02-18 19:41:40 | DEBUG | PokePowerRequests | Update request - sent
2026-02-18 19:41:43 | DEBUG | PokePowerRequests | Update request - sent
2026-02-18 19:41:46 | DEBUG | PokePowerRequests | Update request - sent
2026-02-18 19:41:49 | DEBUG | PokePowerRequests | Update request - sent
2026-02-18 19:41:52 | DEBUG | PokePowerRequests | Update request - sent
2026-02-18 19:41:56 | DEBUG | PokePowerRequests | Update request - sent
2026-02-18 19:41:59 | DEBUG | PokePowerRequests | Update request - sent
2026-02-18 19:42:02 | DEBUG | PokePowerRequests | Update request - sent
2026-02-18 19:42:02 | INFO | PokePowerRequests | BATTLE_START | Enemy: #024 'Арбок' | Level: 26
2026-02-18 19:42:02 | INFO | PokePowerRequests | BATTLE_ACTION | ATTACK | Description: Психошок: 4/10
2026-02-18 19:42:02 | INFO | PokePowerRequests | INVENTORY | ADD | Монета | Count: 25
2026-02-18 19:42:05 | DEBUG | PokePowerRequests | Update request - sent
2026-02-18 19:42:08 | DEBUG | PokePowerRequests | Update request - sent
2026-02-18 19:42:11 | DEBUG | PokePowerRequests | Update request - sent
2026-02-18 19:42:14 | DEBUG | PokePowerRequests | Update request - sent
2026-02-18 19:42:18 | DEBUG | PokePowerRequests | Update request - sent
2026-02-18 19:42:18 | INFO | PokePowerRequests | BATTLE_START | Enemy: #462 'Магнезон' | Level: 76
2026-02-18 19:42:18 | INFO | PokePowerRequests | BATTLE_ACTION | ATTACK | Description: Огнемет: 9/15
2026-02-18 19:42:18 | INFO | PokePowerRequests | BATTLE_ACTION | ATTACK | Description: Огнемет: 8/15
2026-02-18 19:42:18 | INFO | PokePowerRequests | INVENTORY | ADD | Монета | Count: 27
2026-02-18 19:42:18 | INFO | PokePowerRequests | INVENTORY | ADD | Снежок | Count: 1
2026-02-18 19:42:21 | DEBUG | PokePowerRequests | Update request - sent
2026-02-18 19:42:24 | DEBUG | PokePowerRequests | Update request - sent
2026-02-18 19:42:27 | DEBUG | PokePowerRequests | Update request - sent
2026-02-18 19:42:30 | DEBUG | PokePowerRequests | Update request - sent
2026-02-18 19:42:30 | INFO | PokePowerRequests | BATTLE_START | Enemy: #024 'Арбок' | Level: 25
2026-02-18 19:42:30 | INFO | PokePowerRequests | BATTLE_ACTION | ATTACK | Description: Психошок: 3/10
2026-02-18 19:42:30 | INFO | PokePowerRequests | INVENTORY | ADD | Монета | Count: 24
2026-02-18 19:42:33 | DEBUG | PokePowerRequests | Update request - sent
2026-02-18 19:42:36 | DEBUG | PokePowerRequests | Update request - sent
2026-02-18 19:42:40 | DEBUG | PokePowerRequests | Update request - sent
2026-02-18 19:42:43 | DEBUG | PokePowerRequests | Update request - sent
2026-02-18 19:42:46 | DEBUG | PokePowerRequests | Update request - sent
2026-02-18 19:42:46 | INFO | PokePowerRequests | BATTLE_START | Enemy: #024 'Арбок' | Level: 30
2026-02-18 19:42:46 | INFO | PokePowerRequests | BATTLE_ACTION | ATTACK | Description: Психошок: 2/10
2026-02-18 19:42:46 | INFO | PokePowerRequests | INVENTORY | ADD | Монета | Count: 24
2026-02-18 19:42:49 | DEBUG | PokePowerRequests | Update request - sent
2026-02-18 19:42:52 | DEBUG | PokePowerRequests | Update request - sent
2026-02-18 19:42:55 | DEBUG | PokePowerRequests | Update request - sent
2026-02-18 19:42:58 | DEBUG | PokePowerRequests | Update request - sent
2026-02-18 19:43:01 | DEBUG | PokePowerRequests | Update request - sent
2026-02-18 19:43:04 | DEBUG | PokePowerRequests | Update request - sent
2026-02-18 19:43:04 | INFO | PokePowerRequests | BATTLE_START | Enemy: #462 'Магнезон' | Level: 69
2026-02-18 19:43:04 | INFO | PokePowerRequests | BATTLE_ACTION | ATTACK | Description: Огнемет: 7/15
2026-02-18 19:43:05 | INFO | PokePowerRequests | BATTLE_ACTION | ATTACK | Description: Огнемет: 6/15
2026-02-18 19:43:05 | INFO | PokePowerRequests | INVENTORY | ADD | Монета | Count: 23
2026-02-18 19:43:05 | INFO | PokePowerRequests | INVENTORY | ADD | Снежок | Count: 1
2026-02-18 19:43:08 | DEBUG | PokePowerRequests | Update request - sent
2026-02-18 19:43:11 | DEBUG | PokePowerRequests | Update request - sent
2026-02-18 19:43:14 | DEBUG | PokePowerRequests | Update request - sent
2026-02-18 19:43:17 | DEBUG | PokePowerRequests | Update request - sent
2026-02-18 19:43:20 | DEBUG | PokePowerRequests | Update request - sent
2026-02-18 19:43:20 | INFO | PokePowerRequests | BATTLE_START | Enemy: #024 'Арбок' | Level: 26
2026-02-18 19:43:20 | INFO | PokePowerRequests | BATTLE_ACTION | ATTACK | Description: Психошок: 1/10
2026-02-18 19:43:20 | INFO | PokePowerRequests | INVENTORY | ADD | Монета | Count: 22
2026-02-18 19:43:20 | INFO | PokePowerRequests | INVENTORY | ADD | Хрустальный ящик | Count: 1
2026-02-18 19:43:23 | DEBUG | PokePowerRequests | Update request - sent
2026-02-18 19:43:26 | DEBUG | PokePowerRequests | Update request - sent
2026-02-18 19:43:29 | DEBUG | PokePowerRequests | Update request - sent
2026-02-18 19:43:33 | DEBUG | PokePowerRequests | Update request - sent
2026-02-18 19:43:36 | DEBUG | PokePowerRequests | Update request - sent
2026-02-18 19:43:39 | DEBUG | PokePowerRequests | Update request - sent
2026-02-18 19:43:39 | INFO | PokePowerRequests | BATTLE_START | Enemy: #024 'Арбок' | Level: 28
2026-02-18 19:43:39 | INFO | PokePowerRequests | BATTLE_ACTION | ATTACK | Description: Психошок: 0/10
2026-02-18 19:43:39 | INFO | PokePowerRequests | INVENTORY | ADD | Монета | Count: 24
2026-02-18 19:43:42 | DEBUG | PokePowerRequests | Update request - sent
2026-02-18 19:43:45 | DEBUG | PokePowerRequests | Update request - sent
2026-02-18 19:43:48 | DEBUG | PokePowerRequests | Update request - sent
2026-02-18 19:43:51 | DEBUG | PokePowerRequests | Update request - sent
2026-02-18 19:43:54 | DEBUG | PokePowerRequests | Update request - sent
2026-02-18 19:43:57 | DEBUG | PokePowerRequests | Update request - sent
2026-02-18 19:44:01 | DEBUG | PokePowerRequests | Update request - sent
2026-02-18 19:44:01 | INFO | PokePowerRequests | BATTLE_START | Enemy: #462 'Магнезон' | Level: 80
2026-02-18 19:44:01 | INFO | PokePowerRequests | BATTLE_ACTION | ATTACK | Description: Огнемет: 5/15
2026-02-18 19:44:01 | INFO | PokePowerRequests | BATTLE_ACTION | ATTACK | Description: Огнемет: 4/15
2026-02-18 19:44:01 | INFO | PokePowerRequests | BATTLE_ACTION | ATTACK | Description: Огнемет: 3/15
2026-02-18 19:44:01 | INFO | PokePowerRequests | INVENTORY | ADD | Монета | Count: 27
2026-02-18 19:44:04 | DEBUG | PokePowerRequests | Update request - sent
2026-02-18 19:44:07 | DEBUG | PokePowerRequests | Update request - sent
2026-02-18 19:44:10 | DEBUG | PokePowerRequests | Update request - sent
2026-02-18 19:44:13 | DEBUG | PokePowerRequests | Update request - sent
2026-02-18 19:44:13 | INFO | PokePowerRequests | BATTLE_START | Enemy: #024 'Арбок' | Level: 27
2026-02-18 19:44:13 | INFO | PokePowerRequests | BATTLE_ACTION | ATTACK | Description: Молния: 14/15
2026-02-18 19:44:13 | INFO | PokePowerRequests | INVENTORY | ADD | Монета | Count: 22
2026-02-18 19:44:16 | DEBUG | PokePowerRequests | Update request - sent
2026-02-18 19:44:19 | DEBUG | PokePowerRequests | Update request - sent
2026-02-18 19:44:22 | DEBUG | PokePowerRequests | Update request - sent
2026-02-18 19:44:26 | DEBUG | PokePowerRequests | Update request - sent
2026-02-18 19:44:29 | DEBUG | PokePowerRequests | Update request - sent
2026-02-18 19:44:32 | DEBUG | PokePowerRequests | Update request - sent
2026-02-18 19:44:35 | DEBUG | PokePowerRequests | Update request - sent
2026-02-18 19:44:35 | INFO | PokePowerRequests | BATTLE_START | Enemy: #462 'Магнезон' | Level: 78
2026-02-18 19:44:35 | INFO | PokePowerRequests | BATTLE_ACTION | ATTACK | Description: Огнемет: 2/15
2026-02-18 19:44:35 | INFO | PokePowerRequests | BATTLE_ACTION | ATTACK | Description: Огнемет: 1/15
2026-02-18 19:44:35 | INFO | PokePowerRequests | INVENTORY | ADD | Монета | Count: 28
2026-02-18 19:44:38 | DEBUG | PokePowerRequests | Update request - sent
2026-02-18 19:44:41 | DEBUG | PokePowerRequests | Update request - sent
2026-02-18 19:44:44 | DEBUG | PokePowerRequests | Update request - sent
2026-02-18 19:44:47 | DEBUG | PokePowerRequests | Update request - sent
2026-02-18 19:44:50 | DEBUG | PokePowerRequests | Update request - sent
2026-02-18 19:44:54 | DEBUG | PokePowerRequests | Update request - sent
2026-02-18 19:44:57 | DEBUG | PokePowerRequests | Update request - sent
2026-02-18 19:44:57 | INFO | PokePowerRequests | BATTLE_START | Enemy: #024 'Арбок' | Level: 34
2026-02-18 19:44:57 | INFO | PokePowerRequests | BATTLE_ACTION | ATTACK | Description: Молния: 13/15
2026-02-18 19:44:57 | INFO | PokePowerRequests | INVENTORY | ADD | Монета | Count: 24
2026-02-18 19:45:00 | DEBUG | PokePowerRequests | Update request - sent
2026-02-18 19:45:03 | DEBUG | PokePowerRequests | Update request - sent
2026-02-18 19:45:06 | DEBUG | PokePowerRequests | Update request - sent
2026-02-18 19:45:09 | DEBUG | PokePowerRequests | Update request - sent
2026-02-18 19:45:12 | DEBUG | PokePowerRequests | Update request - sent
2026-02-18 19:45:15 | DEBUG | PokePowerRequests | Update request - sent
2026-02-18 19:45:19 | DEBUG | PokePowerRequests | Update request - sent
2026-02-18 19:45:19 | INFO | PokePowerRequests | BATTLE_START | Enemy: #024 'Арбок' | Level: 27
2026-02-18 19:45:19 | INFO | PokePowerRequests | BATTLE_ACTION | ATTACK | Description: Молния: 12/15
2026-02-18 19:45:19 | INFO | PokePowerRequests | INVENTORY | ADD | Монета | Count: 26
2026-02-18 19:45:22 | DEBUG | PokePowerRequests | Update request - sent
2026-02-18 19:45:25 | DEBUG | PokePowerRequests | Update request - sent
2026-02-18 19:45:28 | DEBUG | PokePowerRequests | Update request - sent
2026-02-18 19:45:31 | DEBUG | PokePowerRequests | Update request - sent
2026-02-18 19:45:34 | DEBUG | PokePowerRequests | Update request - sent
2026-02-18 19:45:34 | INFO | PokePowerRequests | BATTLE_START | Enemy: #024 'Арбок' | Level: 25
2026-02-18 19:45:34 | INFO | PokePowerRequests | BATTLE_ACTION | ATTACK | Description: Молния: 11/15
2026-02-18 19:45:34 | INFO | PokePowerRequests | INVENTORY | ADD | Монета | Count: 23
2026-02-18 19:45:34 | INFO | PokePowerRequests | INVENTORY | ADD | Снежок | Count: 1
2026-02-18 19:45:37 | DEBUG | PokePowerRequests | Update request - sent
2026-02-18 19:45:40 | DEBUG | PokePowerRequests | Update request - sent
2026-02-18 19:45:44 | DEBUG | PokePowerRequests | Update request - sent
2026-02-18 19:45:47 | DEBUG | PokePowerRequests | Update request - sent
2026-02-18 19:45:50 | DEBUG | PokePowerRequests | Update request - sent
2026-02-18 19:45:50 | INFO | PokePowerRequests | BATTLE_START | Enemy: #462 'Магнезон' | Level: 80
2026-02-18 19:45:50 | INFO | PokePowerRequests | BATTLE_ACTION | ATTACK | Description: Огнемет: 0/15
2026-02-18 19:45:50 | INFO | PokePowerRequests | BATTLE_ACTION | ATTACK | Description: Молния: 10/15
2026-02-18 19:45:50 | INFO | PokePowerRequests | INVENTORY | ADD | Монета | Count: 24
2026-02-18 19:45:53 | DEBUG | PokePowerRequests | Update request - sent
2026-02-18 19:45:56 | DEBUG | PokePowerRequests | Update request - sent
2026-02-18 19:45:59 | DEBUG | PokePowerRequests | Update request - sent
2026-02-18 19:46:02 | DEBUG | PokePowerRequests | Update request - sent
2026-02-18 19:46:05 | DEBUG | PokePowerRequests | Update request - sent
2026-02-18 19:46:09 | DEBUG | PokePowerRequests | Update request - sent
2026-02-18 19:46:09 | INFO | PokePowerRequests | BATTLE_START | Enemy: #024 'Арбок' | Level: 27
2026-02-18 19:46:09 | INFO | PokePowerRequests | BATTLE_ACTION | ATTACK | Description: Молния: 9/15
2026-02-18 19:46:09 | INFO | PokePowerRequests | INVENTORY | ADD | Монета | Count: 24
2026-02-18 19:46:12 | DEBUG | PokePowerRequests | Update request - sent
2026-02-18 19:46:15 | DEBUG | PokePowerRequests | Update request - sent
2026-02-18 19:46:18 | DEBUG | PokePowerRequests | Update request - sent
2026-02-18 19:46:21 | DEBUG | PokePowerRequests | Update request - sent
2026-02-18 19:46:24 | DEBUG | PokePowerRequests | Update request - sent
2026-02-18 19:46:27 | DEBUG | PokePowerRequests | Update request - sent
2026-02-18 19:46:27 | INFO | PokePowerRequests | BATTLE_START | Enemy: #024 'Арбок' | Level: 33
2026-02-18 19:46:27 | INFO | PokePowerRequests | BATTLE_ACTION | ATTACK | Description: Молния: 8/15
2026-02-18 19:46:27 | INFO | PokePowerRequests | INVENTORY | ADD | Монета | Count: 22
2026-02-18 19:46:30 | DEBUG | PokePowerRequests | Update request - sent
2026-02-18 19:46:33 | DEBUG | PokePowerRequests | Update request - sent
2026-02-18 19:46:37 | DEBUG | PokePowerRequests | Update request - sent
2026-02-18 19:46:40 | DEBUG | PokePowerRequests | Update request - sent
2026-02-18 19:46:43 | DEBUG | PokePowerRequests | Update request - sent
2026-02-18 19:46:43 | INFO | PokePowerRequests | BATTLE_START | Enemy: #024 'Арбок' | Level: 34
2026-02-18 19:46:43 | INFO | PokePowerRequests | BATTLE_ACTION | ATTACK | Description: Молния: 7/15
2026-02-18 19:46:43 | INFO | PokePowerRequests | INVENTORY | ADD | Монета | Count: 26
2026-02-18 19:46:46 | DEBUG | PokePowerRequests | Update request - sent
2026-02-18 19:46:49 | DEBUG | PokePowerRequests | Update request - sent
2026-02-18 19:46:52 | DEBUG | PokePowerRequests | Update request - sent
2026-02-18 19:46:55 | DEBUG | PokePowerRequests | Update request - sent
2026-02-18 19:46:58 | DEBUG | PokePowerRequests | Update request - sent
2026-02-18 19:47:01 | DEBUG | PokePowerRequests | Update request - sent
2026-02-18 19:47:04 | DEBUG | PokePowerRequests | Update request - sent
2026-02-18 19:47:04 | INFO | PokePowerRequests | BATTLE_START | Enemy: #024 'Арбок' | Level: 33
2026-02-18 19:47:04 | INFO | PokePowerRequests | BATTLE_ACTION | ATTACK | Description: Молния: 6/15
2026-02-18 19:47:04 | INFO | PokePowerRequests | INVENTORY | ADD | Монета | Count: 25
2026-02-18 19:47:04 | INFO | PokePowerRequests | INVENTORY | ADD | Снежок | Count: 1
2026-02-18 19:47:07 | DEBUG | PokePowerRequests | Update request - sent
2026-02-18 19:47:10 | DEBUG | PokePowerRequests | Update request - sent
2026-02-18 19:47:14 | DEBUG | PokePowerRequests | Update request - sent
2026-02-18 19:47:17 | DEBUG | PokePowerRequests | Update request - sent
2026-02-18 19:47:17 | INFO | PokePowerRequests | BATTLE_START | Enemy: #462 'Магнезон' | Level: 68
2026-02-18 19:47:17 | INFO | PokePowerRequests | BATTLE_ACTION | ATTACK | Description: Молния: 5/15
2026-02-18 19:47:17 | INFO | PokePowerRequests | BATTLE_ACTION | ATTACK | Description: Молния: 4/15
2026-02-18 19:47:17 | INFO | PokePowerRequests | INVENTORY | ADD | Монета | Count: 28
2026-02-18 19:47:20 | DEBUG | PokePowerRequests | Update request - sent
2026-02-18 19:47:23 | DEBUG | PokePowerRequests | Update request - sent
2026-02-18 19:47:26 | DEBUG | PokePowerRequests | Update request - sent
2026-02-18 19:47:29 | DEBUG | PokePowerRequests | Update request - sent
2026-02-18 19:47:32 | DEBUG | PokePowerRequests | Update request - sent
2026-02-18 19:47:35 | DEBUG | PokePowerRequests | Update request - sent
2026-02-18 19:47:35 | INFO | PokePowerRequests | BATTLE_START | Enemy: #024 'Арбок' | Level: 29
2026-02-18 19:47:35 | INFO | PokePowerRequests | BATTLE_ACTION | ATTACK | Description: Молния: 3/15
2026-02-18 19:47:35 | INFO | PokePowerRequests | INVENTORY | ADD | Монета | Count: 21
2026-02-18 19:47:38 | DEBUG | PokePowerRequests | Update request - sent
2026-02-18 19:47:41 | DEBUG | PokePowerRequests | Update request - sent
2026-02-18 19:47:44 | DEBUG | PokePowerRequests | Update request - sent
2026-02-18 19:47:48 | DEBUG | PokePowerRequests | Update request - sent
2026-02-18 19:47:51 | DEBUG | PokePowerRequests | Update request - sent
2026-02-18 19:47:54 | DEBUG | PokePowerRequests | Update request - sent
2026-02-18 19:47:54 | INFO | PokePowerRequests | BATTLE_START | Enemy: #462 'Магнезон' | Level: 73
2026-02-18 19:47:54 | INFO | PokePowerRequests | BATTLE_ACTION | ATTACK | Description: Молния: 2/15
2026-02-18 19:47:54 | INFO | PokePowerRequests | BATTLE_ACTION | ATTACK | Description: Молния: 1/15
2026-02-18 19:47:54 | INFO | PokePowerRequests | INVENTORY | ADD | Монета | Count: 27
2026-02-18 19:47:57 | DEBUG | PokePowerRequests | Update request - sent
2026-02-18 19:48:00 | DEBUG | PokePowerRequests | Update request - sent
2026-02-18 19:48:03 | DEBUG | PokePowerRequests | Update request - sent
2026-02-18 19:48:06 | DEBUG | PokePowerRequests | Update request - sent
2026-02-18 19:48:09 | DEBUG | PokePowerRequests | Update request - sent
2026-02-18 19:48:09 | INFO | PokePowerRequests | BATTLE_START | Enemy: #024 'Арбок' | Level: 33
2026-02-18 19:48:09 | INFO | PokePowerRequests | BATTLE_ACTION | CHANGE | Description: Change current pokemon to: #563 Клеопатра
2026-02-18 19:48:09 | INFO | PokePowerRequests | BATTLE_ACTION | ATTACK | Description: Сглаз: 9/10
2026-02-18 19:48:09 | INFO | PokePowerRequests | INVENTORY | ADD | Монета | Count: 22
2026-02-18 19:48:09 | INFO | PokePowerRequests | BATTLE_ACTION | START | Description: Start pokémon are now: #563 Клеопатра
2026-02-18 19:48:12 | DEBUG | PokePowerRequests | Update request - sent
2026-02-18 19:48:16 | DEBUG | PokePowerRequests | Update request - sent
2026-02-18 19:48:19 | DEBUG | PokePowerRequests | Update request - sent
2026-02-18 19:48:22 | DEBUG | PokePowerRequests | Update request - sent
2026-02-18 19:48:25 | DEBUG | PokePowerRequests | Update request - sent
2026-02-18 19:48:25 | INFO | PokePowerRequests | BATTLE_START | Enemy: #024 'Арбок' | Level: 29
2026-02-18 19:48:25 | INFO | PokePowerRequests | BATTLE_ACTION | ATTACK | Description: Сглаз: 8/10
2026-02-18 19:48:25 | INFO | PokePowerRequests | INVENTORY | ADD | Монета | Count: 25
2026-02-18 19:48:28 | DEBUG | PokePowerRequests | Update request - sent
2026-02-18 19:48:31 | DEBUG | PokePowerRequests | Update request - sent
2026-02-18 19:48:34 | DEBUG | PokePowerRequests | Update request - sent
2026-02-18 19:48:37 | DEBUG | PokePowerRequests | Update request - sent
2026-02-18 19:48:40 | DEBUG | PokePowerRequests | Update request - sent
2026-02-18 19:48:40 | INFO | PokePowerRequests | BATTLE_START | Enemy: #024 'Арбок' | Level: 32
2026-02-18 19:48:40 | INFO | PokePowerRequests | BATTLE_ACTION | ATTACK | Description: Сглаз: 7/10
2026-02-18 19:48:40 | INFO | PokePowerRequests | INVENTORY | ADD | Монета | Count: 26
2026-02-18 19:48:43 | DEBUG | PokePowerRequests | Update request - sent
2026-02-18 19:48:46 | DEBUG | PokePowerRequests | Update request - sent
2026-02-18 19:48:49 | DEBUG | PokePowerRequests | Update request - sent
2026-02-18 19:48:53 | DEBUG | PokePowerRequests | Update request - sent
2026-02-18 19:48:56 | DEBUG | PokePowerRequests | Update request - sent
2026-02-18 19:48:59 | DEBUG | PokePowerRequests | Update request - sent
2026-02-18 19:48:59 | INFO | PokePowerRequests | BATTLE_START | Enemy: #462 'Магнезон' | Level: 79
2026-02-18 19:48:59 | INFO | PokePowerRequests | BATTLE_ACTION | ATTACK | Description: Сглаз: 6/10
2026-02-18 19:48:59 | INFO | PokePowerRequests | BATTLE_ACTION | ATTACK | Description: Сглаз: 5/10
2026-02-18 19:48:59 | INFO | PokePowerRequests | INVENTORY | ADD | Монета | Count: 28
2026-02-18 19:49:02 | DEBUG | PokePowerRequests | Update request - sent
2026-02-18 19:49:05 | DEBUG | PokePowerRequests | Update request - sent
2026-02-18 19:49:08 | DEBUG | PokePowerRequests | Update request - sent
2026-02-18 19:49:11 | DEBUG | PokePowerRequests | Update request - sent
2026-02-18 19:49:14 | DEBUG | PokePowerRequests | Update request - sent
2026-02-18 19:49:17 | DEBUG | PokePowerRequests | Update request - sent
2026-02-18 19:49:20 | DEBUG | PokePowerRequests | Update request - sent
2026-02-18 19:49:20 | INFO | PokePowerRequests | BATTLE_START | Enemy: #462 'Магнезон' | Level: 67
2026-02-18 19:49:20 | INFO | PokePowerRequests | BATTLE_ACTION | ATTACK | Description: Сглаз: 4/10
2026-02-18 19:49:20 | INFO | PokePowerRequests | BATTLE_ACTION | ATTACK | Description: Сглаз: 3/10
2026-02-18 19:49:20 | INFO | PokePowerRequests | INVENTORY | ADD | Монета | Count: 28
2026-02-18 19:49:24 | DEBUG | PokePowerRequests | Update request - sent
2026-02-18 19:49:27 | DEBUG | PokePowerRequests | Update request - sent
2026-02-18 19:49:30 | DEBUG | PokePowerRequests | Update request - sent
2026-02-18 19:49:33 | DEBUG | PokePowerRequests | Update request - sent
2026-02-18 19:49:36 | DEBUG | PokePowerRequests | Update request - sent
2026-02-18 19:49:39 | DEBUG | PokePowerRequests | Update request - sent
2026-02-18 19:49:42 | DEBUG | PokePowerRequests | Update request - sent
2026-02-18 19:49:42 | INFO | PokePowerRequests | BATTLE_START | Enemy: #462 'Магнезон' | Level: 80
2026-02-18 19:49:42 | INFO | PokePowerRequests | BATTLE_ACTION | ATTACK | Description: Сглаз: 2/10
2026-02-18 19:49:42 | INFO | PokePowerRequests | BATTLE_ACTION | ATTACK | Description: Сглаз: 1/10
2026-02-18 19:49:42 | INFO | PokePowerRequests | INVENTORY | ADD | Монета | Count: 24
2026-02-18 19:49:42 | DEBUG | PokePowerRequests | Move to - 520
2026-02-18 19:49:42 | DEBUG | PokePowerRequests | Location data collected | Location name: Змеиное логово, ответвление 1 | ID: 520 | Region: 1 | Available routes: [{'id': '521', 'name': 'Змеиное логово, ответвление 2'}, {'id': '522', 'name': 'Змеиное логово, ответвление 3'}]
2026-02-18 19:49:42 | DEBUG | PokePowerRequests | Move to - 522
2026-02-18 19:49:42 | DEBUG | PokePowerRequests | Location data collected | Location name: Змеиное логово, ответвление 3 | ID: 522 | Region: 1 | Available routes: [{'id': '520', 'name': 'Змеиное логово, ответвление 1'}, {'id': '521', 'name': 'Змеиное логово, ответвление 2'}, {'id': '527', 'name': 'Проход 4'}]
2026-02-18 19:49:42 | DEBUG | PokePowerRequests | Move to - 527
2026-02-18 19:49:42 | DEBUG | PokePowerRequests | Location data collected | Location name: Проход 4 | ID: 527 | Region: 1 | Available routes: [{'id': '519', 'name': 'Проход 1'}, {'id': '525', 'name': 'Проход 3'}, {'id': '528', 'name': 'Выход'}]
2026-02-18 19:49:42 | DEBUG | PokePowerRequests | Move to - 528
2026-02-18 19:49:42 | DEBUG | PokePowerRequests | Location data collected | Location name: Дорога 9 | ID: 35 | Region: 1 | Available routes: [{'id': '31', 'name': 'Церулин'}, {'id': '37', 'name': 'Разрушенная электростанция'}]
2026-02-18 19:49:42 | DEBUG | PokePowerRequests | Move to - 31
2026-02-18 19:49:42 | DEBUG | PokePowerRequests | Location data collected | Location name: Церулин | ID: 31 | Region: 1 | Available routes: [{'id': '32', 'name': 'Покецентр'}, {'id': '33', 'name': 'Дорога 4'}, {'id': '35', 'name': 'Дорога 9'}, {'id': '58', 'name': 'Покемаркет'}, {'id': '228', 'name': 'Торговый центр «Пиджеот»'}]
2026-02-18 19:49:42 | DEBUG | PokePowerRequests | Move to - 32
2026-02-18 19:49:42 | DEBUG | PokePowerRequests | Location data collected | Location name: Покецентр | ID: 32 | Region: 1 | Available routes: [{'id': '31', 'name': 'Церулин'}]
2026-02-18 19:49:42 | INFO | PokePowerRequests | POKECENTER | HEAL | Reason: Pokemons has a small amount of HP
2026-02-18 19:49:42 | DEBUG | PokePowerRequests | Successfully collected information about the user's Pokemon team...
2026-02-18 19:49:42 | DEBUG | PokePowerRequests | Move to - 31
2026-02-18 19:49:42 | DEBUG | PokePowerRequests | Location data collected | Location name: Церулин | ID: 31 | Region: 1 | Available routes: [{'id': '32', 'name': 'Покецентр'}, {'id': '33', 'name': 'Дорога 4'}, {'id': '35', 'name': 'Дорога 9'}, {'id': '58', 'name': 'Покемаркет'}, {'id': '228', 'name': 'Торговый центр «Пиджеот»'}]
2026-02-18 19:49:43 | DEBUG | PokePowerRequests | Move to - 33
2026-02-18 19:49:43 | DEBUG | PokePowerRequests | Location data collected | Location name: Дорога 4 | ID: 33 | Region: 1 | Available routes: [{'id': '31', 'name': 'Церулин'}, {'id': '34', 'name': 'Лунная гора'}, {'id': '529', 'name': 'Спуск'}]
2026-02-18 19:49:43 | DEBUG | PokePowerRequests | Move to - 529
2026-02-18 19:49:43 | DEBUG | PokePowerRequests | Location data collected | Location name: Перекресток | ID: 30 | Region: 1 | Available routes: [{'id': '28', 'name': 'Шафрания'}, {'id': '413', 'name': 'Ядовитый стадион'}]
2026-02-18 19:49:43 | DEBUG | PokePowerRequests | Move to - 28
2026-02-18 19:49:43 | DEBUG | PokePowerRequests | Location data collected | Location name: Шафрания | ID: 28 | Region: 1 | Available routes: [{'id': '27', 'name': 'Дорога 7'}, {'id': '29', 'name': 'Покецентр'}, {'id': '30', 'name': 'Перекресток'}, {'id': '41', 'name': 'Дорога 8'}, {'id': '47', 'name': 'Дорога 6'}, {'id': '57', 'name': 'Покемаркет'}, {'id': '409', 'name': 'Стадион драконов'}]
2026-02-18 19:49:43 | DEBUG | PokePowerRequests | Move to - 41
2026-02-18 19:49:43 | DEBUG | PokePowerRequests | Location data collected | Location name: Дорога 8 | ID: 41 | Region: 1 | Available routes: [{'id': '39', 'name': 'Лавендер'}, {'id': '28', 'name': 'Шафрания'}, {'id': '227', 'name': 'Ферма'}]
2026-02-18 19:49:43 | DEBUG | PokePowerRequests | Move to - 39
2026-02-18 19:49:43 | DEBUG | PokePowerRequests | Location data collected | Location name: Лавендер | ID: 39 | Region: 1 | Available routes: [{'id': '38', 'name': 'Дорога 10'}, {'id': '40', 'name': 'Покецентр'}, {'id': '41', 'name': 'Дорога 8'}, {'id': '42', 'name': 'Дорога 12'}, {'id': '59', 'name': 'Покемаркет'}, {'id': '223', 'name': 'Аптека Лавендера'}]
2026-02-18 19:49:43 | DEBUG | PokePowerRequests | Move to - 38
2026-02-18 19:49:43 | DEBUG | PokePowerRequests | Location data collected | Location name: Дорога 10 | ID: 38 | Region: 1 | Available routes: [{'id': '36', 'name': 'Вход в лабиринт'}, {'id': '39', 'name': 'Лавендер'}]
2026-02-18 19:49:43 | DEBUG | PokePowerRequests | Move to - 36
2026-02-18 19:49:43 | DEBUG | PokePowerRequests | Location data collected | Location name: Коридор 1 | ID: 509 | Region: 1 | Available routes: [{'id': '510', 'name': 'Коридор 2'}, {'id': '512', 'name': 'Коридор 4'}, {'id': '514', 'name': 'Коридор 6'}]
2026-02-18 19:49:43 | DEBUG | PokePowerRequests | Move to - 510
2026-02-18 19:49:43 | DEBUG | PokePowerRequests | Location data collected | Location name: Коридор 2 | ID: 510 | Region: 1 | Available routes: [{'id': '513', 'name': 'Коридор 5'}, {'id': '514', 'name': 'Коридор 6'}]
2026-02-18 19:49:43 | DEBUG | PokePowerRequests | Move to - 513
2026-02-18 19:49:43 | DEBUG | PokePowerRequests | Location data collected | Location name: Коридор 5 | ID: 513 | Region: 1 | Available routes: [{'id': '509', 'name': 'Коридор 1'}, {'id': '510', 'name': 'Коридор 2'}, {'id': '517', 'name': 'Коридор 9'}]
2026-02-18 19:49:43 | DEBUG | PokePowerRequests | Move to - 517
2026-02-18 19:49:43 | DEBUG | PokePowerRequests | Location data collected | Location name: Коридор 9 | ID: 517 | Region: 1 | Available routes: [{'id': '511', 'name': 'Коридор 3'}, {'id': '512', 'name': 'Коридор 4'}, {'id': '516', 'name': 'Коридор 8'}, {'id': '541', 'name': 'Потайная стена'}]
2026-02-18 19:49:43 | DEBUG | PokePowerRequests | Move to - 516
2026-02-18 19:49:43 | DEBUG | PokePowerRequests | Location data collected | Location name: Коридор 8 | ID: 516 | Region: 1 | Available routes: [{'id': '510', 'name': 'Коридор 2'}, {'id': '513', 'name': 'Коридор 5'}, {'id': '515', 'name': 'Коридор 7'}]
2026-02-18 19:49:43 | DEBUG | PokePowerRequests | Move to - 515
2026-02-18 19:49:43 | DEBUG | PokePowerRequests | Location data collected | Location name: Гранитный зал | ID: 518 | Region: 1 | Available routes: [{'id': '519', 'name': 'Проход 1'}, {'id': '523', 'name': 'Проход 2'}, {'id': '525', 'name': 'Проход 3'}]
2026-02-18 19:49:43 | DEBUG | PokePowerRequests | Move to - 519
2026-02-18 19:49:43 | DEBUG | PokePowerRequests | Location data collected | Location name: Проход 1 | ID: 519 | Region: 1 | Available routes: [{'id': '526', 'name': 'Заброшенная исследовательская база'}, {'id': '518', 'name': 'Гранитный зал'}]
2026-02-18 19:49:43 | DEBUG | PokePowerRequests | Move to - 526
2026-02-18 19:49:43 | DEBUG | PokePowerRequests | Location data collected | Location name: Заброшенная исследовательская база | ID: 526 | Region: 1 | Available routes: [{'id': '525', 'name': 'Проход 3'}, {'id': '520', 'name': 'Змеиное логово, ответвление 1'}]
2026-02-18 19:49:43 | ERROR | PokePowerRequests | Сlient crashed due to pokemon_health: 107 | Extra: BotShutdownError: Перемещение невозможно, не выполнено условие, ID: 529
2026-02-18 19:49:43 | ERROR | PokePowerRequests | Сlient crashed due to pokemon_health: 107 | Extra: BotShutdownError: Перемещение невозможно, не выполнено условие, ID: 529
2026-02-18 19:49:43 | ERROR | PokePowerRequests | Сlient crashed due to pokemon_health: 107 | Extra: BotShutdownError: Перемещение невозможно, не выполнено условие, ID: 529
2026-02-18 19:49:43 | INFO | PokePowerRequests | BOT_STOPPED | <class 'src.utils.exeptions.BotShutdownError'> | Перемещение невозможно, не выполнено условие, ID: 529 | F:\projects\PokePowerRequests\src\services\movements.py:107
2026-02-18 19:50:51 | INFO | PokePowerRequests | BOT_STARTED
2026-02-18 19:50:51 | DEBUG | PokePowerRequests | Successful authorization...
2026-02-18 19:50:51 | DEBUG | PokePowerRequests | Socket connection successfully established...
2026-02-18 19:50:52 | DEBUG | PokePowerRequests | Location data collected | Location name: Заброшенная исследовательская база | ID: 526 | Region: 1 | Available routes: [{'id': '525', 'name': 'Проход 3'}, {'id': '520', 'name': 'Змеиное логово, ответвление 1'}]
2026-02-18 19:50:52 | DEBUG | PokePowerRequests | Initialization completed, data collected...
2026-02-18 19:50:52 | DEBUG | PokePowerRequests | Pokemon: #151 Арамис | Lvl: 100 | HP: 402 | Gender: genderless | Active: False
2026-02-18 19:50:52 | DEBUG | PokePowerRequests | Pokemon: #563 Клеопатра | Lvl: 100 | HP: 321 | Gender: venus | Active: True
2026-02-18 19:50:52 | DEBUG | PokePowerRequests | Pokemon: #788 Тапу Фини | Lvl: 100 | HP: 345 | Gender: genderless | Active: False
2026-02-18 19:50:52 | DEBUG | PokePowerRequests | Successfully collected information about the user's Pokemon team...
2026-02-18 19:50:52 | DEBUG | PokePowerRequests | Collected data on available pokeballs:
        [['Гритбол', 3], ['Фастбол', 7], ['Покебол', 79], ['Тыквобол', 6], ['Генобол', 190], ['Ультрабол', 16], ['Даскбол', 3], ['Мастербол', 49], ['Шайнибол', 58], ['Взломанный Шайнибол', 12], ['Дистанцбол', 14]]
2026-02-18 19:50:52 | DEBUG | PokePowerRequests | Received ID of the Pokeball selected for catching - None
2026-02-18 19:50:52 | DEBUG | PokePowerRequests | Current value of completed battles - 236
2026-02-18 19:50:52 | DEBUG | PokePowerRequests | Update request - sent
2026-02-18 19:50:52 | INFO | PokePowerRequests | BATTLE_START | Enemy: #024 'Арбок' | Level: 30
2026-02-18 19:50:52 | INFO | PokePowerRequests | BATTLE_ACTION | ATTACK | Description: Сглаз: 8/10
2026-02-18 19:50:52 | INFO | PokePowerRequests | INVENTORY | ADD | Монета | Count: 22
2026-02-18 19:50:55 | DEBUG | PokePowerRequests | Update request - sent
2026-02-18 19:50:58 | DEBUG | PokePowerRequests | Update request - sent
2026-02-18 19:51:01 | DEBUG | PokePowerRequests | Update request - sent
2026-02-18 19:51:04 | DEBUG | PokePowerRequests | Update request - sent
2026-02-18 19:51:08 | DEBUG | PokePowerRequests | Update request - sent
2026-02-18 19:51:08 | INFO | PokePowerRequests | BATTLE_START | Enemy: #024 'Арбок' | Level: 35
2026-02-18 19:51:08 | INFO | PokePowerRequests | BATTLE_ACTION | ATTACK | Description: Сглаз: 7/10
2026-02-18 19:51:08 | INFO | PokePowerRequests | INVENTORY | ADD | Монета | Count: 24
2026-02-18 19:51:11 | DEBUG | PokePowerRequests | Update request - sent
2026-02-18 19:51:14 | DEBUG | PokePowerRequests | Update request - sent
2026-02-18 19:51:17 | DEBUG | PokePowerRequests | Update request - sent
2026-02-18 19:51:20 | DEBUG | PokePowerRequests | Update request - sent
2026-02-18 19:51:20 | INFO | PokePowerRequests | BATTLE_START | Enemy: #024 'Арбок' | Level: 34
2026-02-18 19:51:20 | INFO | PokePowerRequests | BATTLE_ACTION | ATTACK | Description: Сглаз: 6/10
2026-02-18 19:51:20 | INFO | PokePowerRequests | INVENTORY | ADD | Монета | Count: 25
2026-02-18 19:51:23 | DEBUG | PokePowerRequests | Update request - sent
2026-02-18 19:51:26 | DEBUG | PokePowerRequests | Update request - sent
2026-02-18 19:51:29 | DEBUG | PokePowerRequests | Update request - sent
2026-02-18 19:51:32 | DEBUG | PokePowerRequests | Update request - sent
2026-02-18 19:51:36 | DEBUG | PokePowerRequests | Update request - sent
2026-02-18 19:51:36 | INFO | PokePowerRequests | BATTLE_START | Enemy: #462 'Магнезон' | Level: 80
2026-02-18 19:51:36 | INFO | PokePowerRequests | BATTLE_ACTION | ATTACK | Description: Сглаз: 5/10
2026-02-18 19:51:36 | INFO | PokePowerRequests | BATTLE_ACTION | CHANGE | Description: Change current pokemon to: #151 Арамис
2026-02-18 19:51:36 | INFO | PokePowerRequests | BATTLE_ACTION | ATTACK | Description: Огнемет: 14/15
2026-02-18 19:51:36 | INFO | PokePowerRequests | INVENTORY | ADD | Монета | Count: 28
2026-02-18 19:51:36 | INFO | PokePowerRequests | BATTLE_ACTION | START | Description: Start pokémon are now: #151 Арамис
2026-02-18 19:51:39 | DEBUG | PokePowerRequests | Update request - sent
2026-02-18 19:51:42 | DEBUG | PokePowerRequests | Update request - sent
2026-02-18 19:51:45 | DEBUG | PokePowerRequests | Update request - sent
2026-02-18 19:51:48 | DEBUG | PokePowerRequests | Update request - sent
2026-02-18 19:51:51 | DEBUG | PokePowerRequests | Update request - sent
2026-02-18 19:51:51 | INFO | PokePowerRequests | BATTLE_START | Enemy: #024 'Арбок' | Level: 31
2026-02-18 19:51:51 | INFO | PokePowerRequests | BATTLE_ACTION | ATTACK | Description: Психошок: 9/10
2026-02-18 19:51:51 | INFO | PokePowerRequests | INVENTORY | ADD | Монета | Count: 23
2026-02-18 19:51:55 | DEBUG | PokePowerRequests | Update request - sent
2026-02-18 19:51:58 | DEBUG | PokePowerRequests | Update request - sent
2026-02-18 19:52:01 | DEBUG | PokePowerRequests | Update request - sent
2026-02-18 19:52:04 | DEBUG | PokePowerRequests | Update request - sent
2026-02-18 19:52:07 | DEBUG | PokePowerRequests | Update request - sent
2026-02-18 19:52:07 | INFO | PokePowerRequests | BATTLE_START | Enemy: #024 'Арбок' | Level: 32
2026-02-18 19:52:07 | INFO | PokePowerRequests | BATTLE_ACTION | ATTACK | Description: Психошок: 8/10
2026-02-18 19:52:07 | INFO | PokePowerRequests | INVENTORY | ADD | Монета | Count: 26
2026-02-18 19:52:10 | DEBUG | PokePowerRequests | Update request - sent
2026-02-18 19:52:13 | DEBUG | PokePowerRequests | Update request - sent
2026-02-18 19:52:16 | DEBUG | PokePowerRequests | Update request - sent
2026-02-18 19:52:20 | DEBUG | PokePowerRequests | Update request - sent
2026-02-18 19:52:23 | DEBUG | PokePowerRequests | Update request - sent
2026-02-18 19:52:26 | DEBUG | PokePowerRequests | Update request - sent
2026-02-18 19:52:29 | DEBUG | PokePowerRequests | Update request - sent
2026-02-18 19:52:29 | INFO | PokePowerRequests | BATTLE_START | Enemy: #462 'Магнезон' | Level: 75
2026-02-18 19:52:29 | INFO | PokePowerRequests | BATTLE_ACTION | ATTACK | Description: Огнемет: 13/15
2026-02-18 19:52:29 | INFO | PokePowerRequests | BATTLE_ACTION | ATTACK | Description: Огнемет: 12/15
2026-02-18 19:52:29 | INFO | PokePowerRequests | INVENTORY | ADD | Монета | Count: 27
2026-02-18 19:52:32 | DEBUG | PokePowerRequests | Update request - sent
2026-02-18 19:52:35 | DEBUG | PokePowerRequests | Update request - sent
2026-02-18 19:52:38 | DEBUG | PokePowerRequests | Update request - sent
2026-02-18 19:52:41 | DEBUG | PokePowerRequests | Update request - sent
2026-02-18 19:52:44 | DEBUG | PokePowerRequests | Update request - sent
2026-02-18 19:52:44 | INFO | PokePowerRequests | BATTLE_START | Enemy: #024 'Арбок' | Level: 33
2026-02-18 19:52:45 | INFO | PokePowerRequests | BATTLE_ACTION | ATTACK | Description: Психошок: 7/10
2026-02-18 19:52:45 | INFO | PokePowerRequests | INVENTORY | ADD | Монета | Count: 22
2026-02-18 19:52:45 | INFO | PokePowerRequests | INVENTORY | ADD | Снежок | Count: 1
2026-02-18 19:52:48 | DEBUG | PokePowerRequests | Update request - sent
2026-02-18 19:52:51 | DEBUG | PokePowerRequests | Update request - sent
2026-02-18 19:52:54 | DEBUG | PokePowerRequests | Update request - sent
2026-02-18 19:52:57 | DEBUG | PokePowerRequests | Update request - sent
2026-02-18 19:53:00 | DEBUG | PokePowerRequests | Update request - sent
2026-02-18 19:53:03 | DEBUG | PokePowerRequests | Update request - sent
2026-02-18 19:53:06 | DEBUG | PokePowerRequests | Update request - sent
2026-02-18 19:53:06 | INFO | PokePowerRequests | BATTLE_START | Enemy: #462 'Магнезон' | Level: 73
2026-02-18 19:53:06 | INFO | PokePowerRequests | BATTLE_ACTION | ATTACK | Description: Огнемет: 11/15
2026-02-18 19:53:06 | INFO | PokePowerRequests | BATTLE_ACTION | ATTACK | Description: Огнемет: 10/15
2026-02-18 19:53:06 | INFO | PokePowerRequests | INVENTORY | ADD | Монета | Count: 26
2026-02-18 19:53:09 | DEBUG | PokePowerRequests | Update request - sent
2026-02-18 19:53:13 | DEBUG | PokePowerRequests | Update request - sent
2026-02-18 19:53:16 | DEBUG | PokePowerRequests | Update request - sent
2026-02-18 19:53:19 | DEBUG | PokePowerRequests | Update request - sent
2026-02-18 19:53:22 | DEBUG | PokePowerRequests | Update request - sent
2026-02-18 19:53:25 | DEBUG | PokePowerRequests | Update request - sent
2026-02-18 19:53:28 | DEBUG | PokePowerRequests | Update request - sent
2026-02-18 19:53:28 | INFO | PokePowerRequests | BATTLE_START | Enemy: #024 'Арбок' | Level: 25
2026-02-18 19:53:28 | INFO | PokePowerRequests | BATTLE_ACTION | ATTACK | Description: Психошок: 6/10
2026-02-18 19:53:28 | INFO | PokePowerRequests | INVENTORY | ADD | Монета | Count: 22
2026-02-18 19:53:31 | DEBUG | PokePowerRequests | Update request - sent
2026-02-18 19:53:34 | DEBUG | PokePowerRequests | Update request - sent
2026-02-18 19:53:37 | DEBUG | PokePowerRequests | Update request - sent
2026-02-18 19:53:41 | DEBUG | PokePowerRequests | Update request - sent
2026-02-18 19:53:44 | DEBUG | PokePowerRequests | Update request - sent
2026-02-18 19:53:47 | DEBUG | PokePowerRequests | Update request - sent
2026-02-18 19:53:47 | INFO | PokePowerRequests | BATTLE_START | Enemy: #024 'Арбок' | Level: 27
2026-02-18 19:53:47 | INFO | PokePowerRequests | BATTLE_ACTION | ATTACK | Description: Психошок: 5/10
2026-02-18 19:53:47 | INFO | PokePowerRequests | INVENTORY | ADD | Монета | Count: 26
2026-02-18 19:53:50 | DEBUG | PokePowerRequests | Update request - sent
2026-02-18 19:53:53 | DEBUG | PokePowerRequests | Update request - sent
2026-02-18 19:53:56 | DEBUG | PokePowerRequests | Update request - sent
2026-02-18 19:53:59 | DEBUG | PokePowerRequests | Update request - sent
2026-02-18 19:54:02 | DEBUG | PokePowerRequests | Update request - sent
2026-02-18 19:54:02 | INFO | PokePowerRequests | BATTLE_START | Enemy: #024 'Арбок' | Level: 35
2026-02-18 19:54:02 | INFO | PokePowerRequests | BATTLE_ACTION | ATTACK | Description: Психошок: 4/10
2026-02-18 19:54:02 | INFO | PokePowerRequests | INVENTORY | ADD | Монета | Count: 22
2026-02-18 19:54:02 | INFO | PokePowerRequests | INVENTORY | ADD | Снежок | Count: 1
2026-02-18 19:54:06 | DEBUG | PokePowerRequests | Update request - sent
2026-02-18 19:54:09 | DEBUG | PokePowerRequests | Update request - sent
2026-02-18 19:54:12 | DEBUG | PokePowerRequests | Update request - sent
2026-02-18 19:54:15 | DEBUG | PokePowerRequests | Update request - sent
2026-02-18 19:54:15 | INFO | PokePowerRequests | BATTLE_START | Enemy: #462 'Магнезон' | Level: 76
2026-02-18 19:54:15 | INFO | PokePowerRequests | BATTLE_ACTION | ATTACK | Description: Огнемет: 9/15
2026-02-18 19:54:15 | INFO | PokePowerRequests | BATTLE_ACTION | ATTACK | Description: Огнемет: 8/15
2026-02-18 19:54:15 | INFO | PokePowerRequests | INVENTORY | ADD | Монета | Count: 26
2026-02-18 19:54:18 | DEBUG | PokePowerRequests | Update request - sent
2026-02-18 19:54:21 | DEBUG | PokePowerRequests | Update request - sent
2026-02-18 19:54:24 | DEBUG | PokePowerRequests | Update request - sent
2026-02-18 19:54:27 | DEBUG | PokePowerRequests | Update request - sent
2026-02-18 19:54:30 | DEBUG | PokePowerRequests | Update request - sent
2026-02-18 19:54:34 | DEBUG | PokePowerRequests | Update request - sent
2026-02-18 19:54:37 | DEBUG | PokePowerRequests | Update request - sent
2026-02-18 19:54:37 | INFO | PokePowerRequests | BATTLE_START | Enemy: #024 'Арбок' | Level: 33
2026-02-18 19:54:37 | INFO | PokePowerRequests | BATTLE_ACTION | ATTACK | Description: Психошок: 3/10
2026-02-18 19:54:37 | INFO | PokePowerRequests | INVENTORY | ADD | Монета | Count: 26
2026-02-18 19:54:40 | DEBUG | PokePowerRequests | Update request - sent
2026-02-18 19:54:43 | DEBUG | PokePowerRequests | Update request - sent
2026-02-18 19:54:46 | DEBUG | PokePowerRequests | Update request - sent
2026-02-18 19:54:49 | DEBUG | PokePowerRequests | Update request - sent
2026-02-18 19:54:52 | DEBUG | PokePowerRequests | Update request - sent
2026-02-18 19:54:52 | INFO | PokePowerRequests | BATTLE_START | Enemy: #024 'Арбок' | Level: 30
2026-02-18 19:54:52 | INFO | PokePowerRequests | BATTLE_ACTION | ATTACK | Description: Психошок: 2/10
2026-02-18 19:54:52 | INFO | PokePowerRequests | INVENTORY | ADD | Монета | Count: 21
2026-02-18 19:54:52 | INFO | PokePowerRequests | INVENTORY | ADD | Снежок | Count: 1
2026-02-18 19:54:55 | DEBUG | PokePowerRequests | Update request - sent
2026-02-18 19:54:58 | DEBUG | PokePowerRequests | Update request - sent
2026-02-18 19:55:02 | DEBUG | PokePowerRequests | Update request - sent
2026-02-18 19:55:05 | DEBUG | PokePowerRequests | Update request - sent
2026-02-18 19:55:08 | DEBUG | PokePowerRequests | Update request - sent
2026-02-18 19:55:11 | DEBUG | PokePowerRequests | Update request - sent
2026-02-18 19:55:11 | INFO | PokePowerRequests | BATTLE_START | Enemy: #024 'Арбок' | Level: 26
2026-02-18 19:55:11 | INFO | PokePowerRequests | BATTLE_ACTION | ATTACK | Description: Психошок: 1/10
2026-02-18 19:55:11 | INFO | PokePowerRequests | INVENTORY | ADD | Монета | Count: 22
2026-02-18 19:55:14 | DEBUG | PokePowerRequests | Update request - sent
2026-02-18 19:55:17 | DEBUG | PokePowerRequests | Update request - sent
2026-02-18 19:55:20 | DEBUG | PokePowerRequests | Update request - sent
2026-02-18 19:55:23 | DEBUG | PokePowerRequests | Update request - sent
2026-02-18 19:55:26 | DEBUG | PokePowerRequests | Update request - sent
2026-02-18 19:55:29 | DEBUG | PokePowerRequests | Update request - sent
2026-02-18 19:55:32 | DEBUG | PokePowerRequests | Update request - sent
2026-02-18 19:55:32 | INFO | PokePowerRequests | BATTLE_START | Enemy: #024 'Арбок' | Level: 30
2026-02-18 19:55:32 | INFO | PokePowerRequests | BATTLE_ACTION | ATTACK | Description: Психошок: 0/10
2026-02-18 19:55:32 | INFO | PokePowerRequests | INVENTORY | ADD | Монета | Count: 24
2026-02-18 19:55:35 | DEBUG | PokePowerRequests | Update request - sent
2026-02-18 19:55:38 | DEBUG | PokePowerRequests | Update request - sent
2026-02-18 19:55:42 | DEBUG | PokePowerRequests | Update request - sent
2026-02-18 19:55:45 | DEBUG | PokePowerRequests | Update request - sent
2026-02-18 19:55:48 | DEBUG | PokePowerRequests | Update request - sent
2026-02-18 19:55:51 | DEBUG | PokePowerRequests | Update request - sent
2026-02-18 19:55:54 | DEBUG | PokePowerRequests | Update request - sent
2026-02-18 19:55:54 | INFO | PokePowerRequests | BATTLE_START | Enemy: #024 'Арбок' | Level: 31
2026-02-18 19:55:54 | INFO | PokePowerRequests | BATTLE_ACTION | ATTACK | Description: Молния: 14/15
2026-02-18 19:55:54 | INFO | PokePowerRequests | INVENTORY | ADD | Монета | Count: 26
2026-02-18 19:55:57 | DEBUG | PokePowerRequests | Update request - sent
2026-02-18 19:56:00 | DEBUG | PokePowerRequests | Update request - sent
2026-02-18 19:56:03 | DEBUG | PokePowerRequests | Update request - sent
2026-02-18 19:56:06 | DEBUG | PokePowerRequests | Update request - sent
2026-02-18 19:56:09 | DEBUG | PokePowerRequests | Update request - sent
2026-02-18 19:56:12 | DEBUG | PokePowerRequests | Update request - sent
2026-02-18 19:56:15 | DEBUG | PokePowerRequests | Update request - sent
2026-02-18 19:56:15 | INFO | PokePowerRequests | BATTLE_START | Enemy: #024 'Арбок' | Level: 25
2026-02-18 19:56:16 | INFO | PokePowerRequests | BATTLE_ACTION | ATTACK | Description: Молния: 13/15
2026-02-18 19:56:16 | INFO | PokePowerRequests | INVENTORY | ADD | Монета | Count: 23
2026-02-18 19:56:19 | DEBUG | PokePowerRequests | Update request - sent
2026-02-18 19:56:22 | DEBUG | PokePowerRequests | Update request - sent
2026-02-18 19:56:25 | DEBUG | PokePowerRequests | Update request - sent
2026-02-18 19:56:28 | DEBUG | PokePowerRequests | Update request - sent
2026-02-18 19:56:31 | DEBUG | PokePowerRequests | Update request - sent
2026-02-18 19:56:34 | DEBUG | PokePowerRequests | Update request - sent
2026-02-18 19:56:34 | INFO | PokePowerRequests | BATTLE_START | Enemy: #462 'Магнезон' | Level: 79
2026-02-18 19:56:34 | INFO | PokePowerRequests | BATTLE_ACTION | ATTACK | Description: Огнемет: 7/15
2026-02-18 19:56:34 | INFO | PokePowerRequests | BATTLE_ACTION | ATTACK | Description: Огнемет: 6/15
2026-02-18 19:56:34 | INFO | PokePowerRequests | INVENTORY | ADD | Монета | Count: 27
2026-02-18 19:56:37 | DEBUG | PokePowerRequests | Update request - sent
2026-02-18 19:56:40 | DEBUG | PokePowerRequests | Update request - sent
2026-02-18 19:56:43 | DEBUG | PokePowerRequests | Update request - sent
2026-02-18 19:56:46 | DEBUG | PokePowerRequests | Update request - sent
2026-02-18 19:56:49 | DEBUG | PokePowerRequests | Update request - sent
2026-02-18 19:56:53 | DEBUG | PokePowerRequests | Update request - sent
2026-02-18 19:56:53 | INFO | PokePowerRequests | BATTLE_START | Enemy: #024 'Арбок' | Level: 27
2026-02-18 19:56:53 | INFO | PokePowerRequests | BATTLE_ACTION | ATTACK | Description: Молния: 12/15
2026-02-18 19:56:53 | INFO | PokePowerRequests | INVENTORY | ADD | Монета | Count: 25
2026-02-18 19:56:56 | DEBUG | PokePowerRequests | Update request - sent
2026-02-18 19:56:59 | DEBUG | PokePowerRequests | Update request - sent
2026-02-18 19:57:02 | DEBUG | PokePowerRequests | Update request - sent
2026-02-18 19:57:05 | DEBUG | PokePowerRequests | Update request - sent
2026-02-18 19:57:05 | INFO | PokePowerRequests | BATTLE_START | Enemy: #024 'Арбок' | Level: 31
2026-02-18 19:57:05 | INFO | PokePowerRequests | BATTLE_ACTION | ATTACK | Description: Молния: 11/15
2026-02-18 19:57:05 | INFO | PokePowerRequests | INVENTORY | ADD | Монета | Count: 25
2026-02-18 19:57:08 | DEBUG | PokePowerRequests | Update request - sent
2026-02-18 19:57:11 | DEBUG | PokePowerRequests | Update request - sent
2026-02-18 19:57:14 | DEBUG | PokePowerRequests | Update request - sent
2026-02-18 19:57:17 | DEBUG | PokePowerRequests | Update request - sent
2026-02-18 19:57:17 | INFO | PokePowerRequests | BATTLE_START | Enemy: #024 'Арбок' | Level: 28
2026-02-18 19:57:17 | INFO | PokePowerRequests | BATTLE_ACTION | ATTACK | Description: Молния: 10/15
2026-02-18 19:57:17 | INFO | PokePowerRequests | INVENTORY | ADD | Монета | Count: 26
2026-02-18 19:57:20 | DEBUG | PokePowerRequests | Update request - sent
2026-02-18 19:57:23 | DEBUG | PokePowerRequests | Update request - sent
2026-02-18 19:57:27 | DEBUG | PokePowerRequests | Update request - sent
2026-02-18 19:57:30 | DEBUG | PokePowerRequests | Update request - sent
2026-02-18 19:57:33 | DEBUG | PokePowerRequests | Update request - sent
2026-02-18 19:57:33 | INFO | PokePowerRequests | BATTLE_START | Enemy: #024 'Арбок' | Level: 34
2026-02-18 19:57:33 | INFO | PokePowerRequests | BATTLE_ACTION | ATTACK | Description: Молния: 9/15
2026-02-18 19:57:33 | INFO | PokePowerRequests | INVENTORY | ADD | Монета | Count: 25
2026-02-18 19:57:33 | INFO | PokePowerRequests | INVENTORY | ADD | Снежок | Count: 1
2026-02-18 19:57:36 | DEBUG | PokePowerRequests | Update request - sent
2026-02-18 19:57:39 | DEBUG | PokePowerRequests | Update request - sent
2026-02-18 19:57:42 | DEBUG | PokePowerRequests | Update request - sent
2026-02-18 19:57:45 | DEBUG | PokePowerRequests | Update request - sent
2026-02-18 19:57:48 | DEBUG | PokePowerRequests | Update request - sent
2026-02-18 19:57:51 | DEBUG | PokePowerRequests | Update request - sent
2026-02-18 19:57:54 | DEBUG | PokePowerRequests | Update request - sent
2026-02-18 19:57:54 | INFO | PokePowerRequests | BATTLE_START | Enemy: #024 'Арбок' | Level: 32
2026-02-18 19:57:54 | INFO | PokePowerRequests | BATTLE_ACTION | ATTACK | Description: Молния: 8/15
2026-02-18 19:57:54 | INFO | PokePowerRequests | INVENTORY | ADD | Монета | Count: 26
2026-02-18 19:57:57 | DEBUG | PokePowerRequests | Update request - sent
2026-02-18 19:58:01 | DEBUG | PokePowerRequests | Update request - sent
2026-02-18 19:58:04 | DEBUG | PokePowerRequests | Update request - sent
2026-02-18 19:58:07 | DEBUG | PokePowerRequests | Update request - sent
2026-02-18 19:58:07 | INFO | PokePowerRequests | BATTLE_START | Enemy: #462 'Магнезон' | Level: 77
2026-02-18 19:58:07 | INFO | PokePowerRequests | BATTLE_ACTION | ATTACK | Description: Огнемет: 5/15
2026-02-18 19:58:07 | INFO | PokePowerRequests | BATTLE_ACTION | CHANGE | Description: Change current pokemon to: #788 Тапу Фини
2026-02-18 19:58:07 | INFO | PokePowerRequests | BATTLE_ACTION | ATTACK | Description: Кипяток: 14/15
2026-02-18 19:58:07 | INFO | PokePowerRequests | INVENTORY | ADD | Монета | Count: 24
2026-02-18 19:58:07 | INFO | PokePowerRequests | BATTLE_ACTION | START | Description: Start pokémon are now: #788 Тапу Фини
2026-02-18 19:58:10 | DEBUG | PokePowerRequests | Update request - sent
2026-02-18 19:58:13 | DEBUG | PokePowerRequests | Update request - sent
2026-02-18 19:58:16 | DEBUG | PokePowerRequests | Update request - sent
2026-02-18 19:58:19 | DEBUG | PokePowerRequests | Update request - sent
2026-02-18 19:58:22 | DEBUG | PokePowerRequests | Update request - sent
2026-02-18 19:58:25 | DEBUG | PokePowerRequests | Update request - sent
2026-02-18 19:58:25 | INFO | PokePowerRequests | BATTLE_START | Enemy: #024 'Арбок' | Level: 30
2026-02-18 19:58:25 | INFO | PokePowerRequests | BATTLE_ACTION | ATTACK | Description: Кипяток: 13/15
2026-02-18 19:58:25 | INFO | PokePowerRequests | INVENTORY | ADD | Монета | Count: 26
2026-02-18 19:58:28 | DEBUG | PokePowerRequests | Update request - sent
2026-02-18 19:58:31 | DEBUG | PokePowerRequests | Update request - sent
2026-02-18 19:58:35 | DEBUG | PokePowerRequests | Update request - sent
2026-02-18 19:58:38 | DEBUG | PokePowerRequests | Update request - sent
2026-02-18 19:58:41 | DEBUG | PokePowerRequests | Update request - sent
2026-02-18 19:58:44 | DEBUG | PokePowerRequests | Update request - sent
2026-02-18 19:58:44 | INFO | PokePowerRequests | BATTLE_START | Enemy: #024 'Арбок' | Level: 34
2026-02-18 19:58:44 | INFO | PokePowerRequests | BATTLE_ACTION | ATTACK | Description: Кипяток: 12/15
2026-02-18 19:58:44 | INFO | PokePowerRequests | INVENTORY | ADD | Монета | Count: 22
2026-02-18 19:58:47 | DEBUG | PokePowerRequests | Update request - sent
2026-02-18 19:58:50 | DEBUG | PokePowerRequests | Update request - sent
2026-02-18 19:58:53 | DEBUG | PokePowerRequests | Update request - sent
2026-02-18 19:58:56 | DEBUG | PokePowerRequests | Update request - sent
2026-02-18 19:58:59 | DEBUG | PokePowerRequests | Update request - sent
2026-02-18 19:58:59 | INFO | PokePowerRequests | BATTLE_START | Enemy: #024 'Арбок' | Level: 35
2026-02-18 19:58:59 | INFO | PokePowerRequests | BATTLE_ACTION | ATTACK | Description: Кипяток: 11/15
2026-02-18 19:58:59 | INFO | PokePowerRequests | INVENTORY | ADD | Монета | Count: 26
2026-02-18 19:59:03 | DEBUG | PokePowerRequests | Update request - sent
2026-02-18 19:59:06 | DEBUG | PokePowerRequests | Update request - sent
2026-02-18 19:59:09 | DEBUG | PokePowerRequests | Update request - sent
2026-02-18 19:59:12 | DEBUG | PokePowerRequests | Update request - sent
2026-02-18 19:59:15 | DEBUG | PokePowerRequests | Update request - sent
2026-02-18 19:59:18 | DEBUG | PokePowerRequests | Update request - sent
2026-02-18 19:59:21 | DEBUG | PokePowerRequests | Update request - sent
2026-02-18 19:59:21 | INFO | PokePowerRequests | BATTLE_START | Enemy: #024 'Арбок' | Level: 31
2026-02-18 19:59:21 | INFO | PokePowerRequests | BATTLE_ACTION | ATTACK | Description: Кипяток: 10/15
2026-02-18 19:59:21 | INFO | PokePowerRequests | INVENTORY | ADD | Монета | Count: 25
2026-02-18 19:59:24 | DEBUG | PokePowerRequests | Update request - sent
2026-02-18 19:59:27 | DEBUG | PokePowerRequests | Update request - sent
2026-02-18 19:59:30 | DEBUG | PokePowerRequests | Update request - sent
2026-02-18 19:59:33 | DEBUG | PokePowerRequests | Update request - sent
2026-02-18 19:59:36 | DEBUG | PokePowerRequests | Update request - sent
2026-02-18 19:59:40 | DEBUG | PokePowerRequests | Update request - sent
2026-02-18 19:59:40 | INFO | PokePowerRequests | BATTLE_START | Enemy: #024 'Арбок' | Level: 32
2026-02-18 19:59:40 | INFO | PokePowerRequests | BATTLE_ACTION | ATTACK | Description: Кипяток: 9/15
2026-02-18 19:59:40 | INFO | PokePowerRequests | INVENTORY | ADD | Монета | Count: 21
2026-02-18 19:59:43 | DEBUG | PokePowerRequests | Update request - sent
2026-02-18 19:59:46 | DEBUG | PokePowerRequests | Update request - sent
2026-02-18 19:59:49 | DEBUG | PokePowerRequests | Update request - sent
2026-02-18 19:59:52 | DEBUG | PokePowerRequests | Update request - sent
2026-02-18 19:59:55 | DEBUG | PokePowerRequests | Update request - sent
2026-02-18 19:59:58 | DEBUG | PokePowerRequests | Update request - sent
2026-02-18 20:00:01 | DEBUG | PokePowerRequests | Update request - sent
2026-02-18 20:00:01 | INFO | PokePowerRequests | BATTLE_START | Enemy: #024 'Арбок' | Level: 34
2026-02-18 20:00:02 | INFO | PokePowerRequests | BATTLE_ACTION | ATTACK | Description: Кипяток: 8/15
2026-02-18 20:00:02 | INFO | PokePowerRequests | INVENTORY | ADD | Монета | Count: 22
2026-02-18 20:00:05 | DEBUG | PokePowerRequests | Update request - sent
2026-02-18 20:00:08 | DEBUG | PokePowerRequests | Update request - sent
2026-02-18 20:00:11 | DEBUG | PokePowerRequests | Update request - sent
2026-02-18 20:00:14 | DEBUG | PokePowerRequests | Update request - sent
2026-02-18 20:00:17 | DEBUG | PokePowerRequests | Update request - sent
2026-02-18 20:00:20 | DEBUG | PokePowerRequests | Update request - sent
2026-02-18 20:00:20 | INFO | PokePowerRequests | BATTLE_START | Enemy: #462 'Магнезон' | Level: 70
2026-02-18 20:00:20 | INFO | PokePowerRequests | BATTLE_ACTION | ATTACK | Description: Кипяток: 7/15
2026-02-18 20:00:20 | INFO | PokePowerRequests | BATTLE_ACTION | ATTACK | Description: Кипяток: 6/15
2026-02-18 20:00:20 | INFO | PokePowerRequests | BATTLE_START | Enemy: #462 'Магнезон' | Level: 70
2026-02-18 20:00:20 | INFO | PokePowerRequests | BATTLE_ACTION | ATTACK | Description: Кипяток: 5/15
2026-02-18 20:00:20 | INFO | PokePowerRequests | BATTLE_START | Enemy: #462 'Магнезон' | Level: 70
2026-02-18 20:00:20 | INFO | PokePowerRequests | BATTLE_ACTION | ATTACK | Description: Кипяток: 4/15
2026-02-18 20:00:20 | INFO | PokePowerRequests | BATTLE_START | Enemy: #462 'Магнезон' | Level: 70
2026-02-18 20:00:21 | INFO | PokePowerRequests | BATTLE_ACTION | ATTACK | Description: Кипяток: 3/15
2026-02-18 20:00:21 | INFO | PokePowerRequests | BATTLE_START | Enemy: #462 'Магнезон' | Level: 70
2026-02-18 20:00:21 | INFO | PokePowerRequests | BATTLE_ACTION | ATTACK | Description: Кипяток: 2/15
2026-02-18 20:00:21 | INFO | PokePowerRequests | BATTLE_START | Enemy: #462 'Магнезон' | Level: 70
2026-02-18 20:00:21 | INFO | PokePowerRequests | BATTLE_ACTION | ATTACK | Description: Кипяток: 1/15
2026-02-18 20:00:21 | INFO | PokePowerRequests | BATTLE_START | Enemy: #462 'Магнезон' | Level: 70
2026-02-18 20:00:21 | INFO | PokePowerRequests | BATTLE_ACTION | ATTACK | Description: Кипяток: 0/15
2026-02-18 20:00:21 | INFO | PokePowerRequests | BATTLE_START | Enemy: #462 'Магнезон' | Level: 70
2026-02-18 20:00:21 | INFO | PokePowerRequests | BATTLE_ACTION | ATTACK | Description: Теневой шар: 14/15
2026-02-18 20:00:21 | INFO | PokePowerRequests | BATTLE_START | Enemy: #462 'Магнезон' | Level: 70
2026-02-18 20:00:21 | INFO | PokePowerRequests | BATTLE_ACTION | ATTACK | Description: Теневой шар: 13/15
2026-02-18 20:00:21 | INFO | PokePowerRequests | BATTLE_START | Enemy: #462 'Магнезон' | Level: 70
2026-02-18 20:00:21 | INFO | PokePowerRequests | BATTLE_ACTION | ATTACK | Description: Теневой шар: 12/15
2026-02-18 20:00:21 | INFO | PokePowerRequests | BATTLE_START | Enemy: #462 'Магнезон' | Level: 70
2026-02-18 20:00:21 | INFO | PokePowerRequests | BATTLE_ACTION | ATTACK | Description: Теневой шар: 11/15
2026-02-18 20:00:21 | INFO | PokePowerRequests | BATTLE_START | Enemy: #462 'Магнезон' | Level: 70
2026-02-18 20:00:21 | INFO | PokePowerRequests | BATTLE_ACTION | ATTACK | Description: Теневой шар: 10/15
2026-02-18 20:00:21 | INFO | PokePowerRequests | BATTLE_START | Enemy: #462 'Магнезон' | Level: 70
2026-02-18 20:00:21 | INFO | PokePowerRequests | BATTLE_ACTION | ATTACK | Description: Теневой шар: 9/15
2026-02-18 20:00:21 | INFO | PokePowerRequests | BATTLE_START | Enemy: #462 'Магнезон' | Level: 70
2026-02-18 20:00:21 | INFO | PokePowerRequests | BATTLE_ACTION | ATTACK | Description: Теневой шар: 8/15
2026-02-18 20:00:21 | INFO | PokePowerRequests | BATTLE_START | Enemy: #462 'Магнезон' | Level: 70
2026-02-18 20:00:21 | INFO | PokePowerRequests | BATTLE_ACTION | ATTACK | Description: Теневой шар: 7/15
2026-02-18 20:00:21 | INFO | PokePowerRequests | BATTLE_START | Enemy: #462 'Магнезон' | Level: 70
2026-02-18 20:00:21 | INFO | PokePowerRequests | BATTLE_ACTION | ATTACK | Description: Теневой шар: 6/15
2026-02-18 20:00:21 | INFO | PokePowerRequests | BATTLE_START | Enemy: #462 'Магнезон' | Level: 70
2026-02-18 20:00:21 | INFO | PokePowerRequests | BATTLE_ACTION | ATTACK | Description: Теневой шар: 5/15
2026-02-18 20:00:21 | INFO | PokePowerRequests | BATTLE_START | Enemy: #462 'Магнезон' | Level: 70
2026-02-18 20:00:21 | INFO | PokePowerRequests | BATTLE_ACTION | ATTACK | Description: Теневой шар: 4/15
2026-02-18 20:00:21 | INFO | PokePowerRequests | BATTLE_START | Enemy: #462 'Магнезон' | Level: 70
2026-02-18 20:00:21 | INFO | PokePowerRequests | BATTLE_ACTION | ATTACK | Description: Теневой шар: 3/15
2026-02-18 20:00:21 | INFO | PokePowerRequests | BATTLE_START | Enemy: #462 'Магнезон' | Level: 70
2026-02-18 20:00:21 | INFO | PokePowerRequests | BATTLE_ACTION | ATTACK | Description: Теневой шар: 2/15
2026-02-18 20:00:21 | INFO | PokePowerRequests | BATTLE_START | Enemy: #462 'Магнезон' | Level: 70
2026-02-18 20:00:21 | INFO | PokePowerRequests | BATTLE_ACTION | ATTACK | Description: Теневой шар: 1/15
2026-02-18 20:00:21 | INFO | PokePowerRequests | BATTLE_START | Enemy: #462 'Магнезон' | Level: 70
2026-02-18 20:00:21 | INFO | PokePowerRequests | BATTLE_ACTION | ATTACK | Description: Теневой шар: 0/15
2026-02-18 20:00:21 | INFO | PokePowerRequests | BATTLE_START | Enemy: #462 'Магнезон' | Level: 70
2026-02-18 20:00:21 | INFO | PokePowerRequests | BATTLE_ACTION | ATTACK | Description: Лунный взрыв: 14/15
2026-02-18 20:00:21 | INFO | PokePowerRequests | BATTLE_START | Enemy: #462 'Магнезон' | Level: 70
2026-02-18 20:00:21 | INFO | PokePowerRequests | BATTLE_ACTION | ATTACK | Description: Лунный взрыв: 13/15
2026-02-18 20:00:21 | INFO | PokePowerRequests | BATTLE_START | Enemy: #462 'Магнезон' | Level: 70
2026-02-18 20:00:22 | INFO | PokePowerRequests | BATTLE_ACTION | ATTACK | Description: Лунный взрыв: 12/15
2026-02-18 20:00:22 | INFO | PokePowerRequests | BATTLE_START | Enemy: #462 'Магнезон' | Level: 70
2026-02-18 20:00:22 | INFO | PokePowerRequests | BATTLE_ACTION | ATTACK | Description: Лунный взрыв: 11/15
2026-02-18 20:00:22 | INFO | PokePowerRequests | BATTLE_START | Enemy: #462 'Магнезон' | Level: 70
2026-02-18 20:00:22 | INFO | PokePowerRequests | BATTLE_ACTION | ATTACK | Description: Лунный взрыв: 10/15
2026-02-18 20:00:22 | INFO | PokePowerRequests | BATTLE_START | Enemy: #462 'Магнезон' | Level: 70
2026-02-18 20:00:22 | INFO | PokePowerRequests | BATTLE_ACTION | ATTACK | Description: Лунный взрыв: 9/15
2026-02-18 20:00:22 | INFO | PokePowerRequests | BATTLE_START | Enemy: #462 'Магнезон' | Level: 70
2026-02-18 20:00:22 | INFO | PokePowerRequests | BATTLE_ACTION | ATTACK | Description: Лунный взрыв: 8/15
2026-02-18 20:00:22 | INFO | PokePowerRequests | BATTLE_START | Enemy: #462 'Магнезон' | Level: 70
2026-02-18 20:00:22 | INFO | PokePowerRequests | BATTLE_ACTION | ATTACK | Description: Лунный взрыв: 7/15
2026-02-18 20:00:22 | INFO | PokePowerRequests | BATTLE_START | Enemy: #462 'Магнезон' | Level: 70
2026-02-18 20:00:22 | INFO | PokePowerRequests | BATTLE_ACTION | ATTACK | Description: Лунный взрыв: 6/15
2026-02-18 20:00:22 | INFO | PokePowerRequests | BATTLE_START | Enemy: #462 'Магнезон' | Level: 70
2026-02-18 20:00:22 | INFO | PokePowerRequests | BATTLE_ACTION | ATTACK | Description: Лунный взрыв: 5/15
2026-02-18 20:00:22 | INFO | PokePowerRequests | BATTLE_START | Enemy: #462 'Магнезон' | Level: 70
2026-02-18 20:00:22 | INFO | PokePowerRequests | BATTLE_ACTION | ATTACK | Description: Лунный взрыв: 4/15
2026-02-18 20:00:22 | INFO | PokePowerRequests | BATTLE_START | Enemy: #462 'Магнезон' | Level: 70
2026-02-18 20:00:22 | INFO | PokePowerRequests | BATTLE_ACTION | ATTACK | Description: Лунный взрыв: 3/15
2026-02-18 20:00:22 | INFO | PokePowerRequests | BATTLE_START | Enemy: #462 'Магнезон' | Level: 70
2026-02-18 20:00:22 | INFO | PokePowerRequests | BATTLE_ACTION | ATTACK | Description: Лунный взрыв: 2/15
2026-02-18 20:00:22 | INFO | PokePowerRequests | BATTLE_START | Enemy: #462 'Магнезон' | Level: 70
2026-02-18 20:00:22 | INFO | PokePowerRequests | BATTLE_ACTION | ATTACK | Description: Лунный взрыв: 1/15
2026-02-18 20:00:22 | INFO | PokePowerRequests | BATTLE_START | Enemy: #462 'Магнезон' | Level: 70
2026-02-18 20:00:22 | INFO | PokePowerRequests | BATTLE_ACTION | ATTACK | Description: Лунный взрыв: 0/15
2026-02-18 20:00:22 | INFO | PokePowerRequests | BATTLE_START | Enemy: #462 'Магнезон' | Level: 70
2026-02-18 20:00:22 | INFO | PokePowerRequests | BATTLE_ACTION | COWARD | Description: Pokemon has low level HP
2026-02-18 20:00:22 | DEBUG | PokePowerRequests | Move to - 520
2026-02-18 20:00:22 | ERROR | PokePowerRequests | Critical error in geo_position: 103 | Extra: TypeError: 'int' object is not subscriptable
2026-02-18 20:00:22 | ERROR | PokePowerRequests | Critical error in geo_position: 103 | Extra: TypeError: 'int' object is not subscriptable
2026-02-18 20:00:22 | ERROR | PokePowerRequests | Critical error in geo_position: 103 | Extra: TypeError: 'int' object is not subscriptable
2026-02-18 20:00:22 | ERROR | PokePowerRequests | Critical error in geo_position: 103 | Extra: TypeError: 'int' object is not subscriptable
2026-02-18 20:00:22 | ERROR | PokePowerRequests | Critical error in geo_position: 103 | Extra: TypeError: 'int' object is not subscriptable
2026-02-18 20:00:22 | ERROR | PokePowerRequests | Critical error in geo_position: 103 | Extra: TypeError: 'int' object is not subscriptable
2026-02-18 20:00:22 | ERROR | PokePowerRequests | Critical error in geo_position: 103 | Extra: TypeError: 'int' object is not subscriptable
2026-02-18 20:00:22 | ERROR | PokePowerRequests | Critical error in geo_position: 103 | Extra: TypeError: 'int' object is not subscriptable
2026-02-18 20:00:22 | ERROR | PokePowerRequests | Critical error in geo_position: 103 | Extra: TypeError: 'int' object is not subscriptable
2026-02-18 20:00:22 | ERROR | PokePowerRequests | Critical error in geo_position: 103 | Extra: TypeError: 'int' object is not subscriptable
2026-02-18 20:00:22 | ERROR | PokePowerRequests | Critical error in geo_position: 103 | Extra: TypeError: 'int' object is not subscriptable
2026-02-18 20:00:22 | ERROR | PokePowerRequests | Critical error in geo_position: 103 | Extra: TypeError: 'int' object is not subscriptable
2026-02-18 20:00:22 | ERROR | PokePowerRequests | Critical error in geo_position: 103 | Extra: TypeError: 'int' object is not subscriptable
2026-02-18 20:00:22 | ERROR | PokePowerRequests | Critical error in geo_position: 103 | Extra: TypeError: 'int' object is not subscriptable
2026-02-18 20:00:22 | ERROR | PokePowerRequests | Critical error in geo_position: 103 | Extra: TypeError: 'int' object is not subscriptable
2026-02-18 20:00:22 | ERROR | PokePowerRequests | Critical error in geo_position: 103 | Extra: TypeError: 'int' object is not subscriptable
2026-02-18 20:00:22 | ERROR | PokePowerRequests | Critical error in geo_position: 103 | Extra: TypeError: 'int' object is not subscriptable
2026-02-18 20:00:22 | ERROR | PokePowerRequests | Critical error in geo_position: 103 | Extra: TypeError: 'int' object is not subscriptable
2026-02-18 20:00:22 | ERROR | PokePowerRequests | Critical error in geo_position: 103 | Extra: TypeError: 'int' object is not subscriptable
2026-02-18 20:00:22 | ERROR | PokePowerRequests | Critical error in geo_position: 103 | Extra: TypeError: 'int' object is not subscriptable
2026-02-18 20:00:22 | ERROR | PokePowerRequests | Critical error in geo_position: 103 | Extra: TypeError: 'int' object is not subscriptable
2026-02-18 20:00:22 | ERROR | PokePowerRequests | Critical error in geo_position: 103 | Extra: TypeError: 'int' object is not subscriptable
2026-02-18 20:00:22 | ERROR | PokePowerRequests | Critical error in geo_position: 103 | Extra: TypeError: 'int' object is not subscriptable
2026-02-18 20:00:22 | ERROR | PokePowerRequests | Critical error in geo_position: 103 | Extra: TypeError: 'int' object is not subscriptable
2026-02-18 20:00:22 | ERROR | PokePowerRequests | Critical error in geo_position: 103 | Extra: TypeError: 'int' object is not subscriptable
2026-02-18 20:00:22 | ERROR | PokePowerRequests | Critical error in geo_position: 103 | Extra: TypeError: 'int' object is not subscriptable
2026-02-18 20:00:22 | ERROR | PokePowerRequests | Critical error in geo_position: 103 | Extra: TypeError: 'int' object is not subscriptable
2026-02-18 20:00:22 | ERROR | PokePowerRequests | Critical error in geo_position: 103 | Extra: TypeError: 'int' object is not subscriptable
2026-02-18 20:00:22 | ERROR | PokePowerRequests | Critical error in geo_position: 103 | Extra: TypeError: 'int' object is not subscriptable
2026-02-18 20:00:22 | ERROR | PokePowerRequests | Critical error in geo_position: 103 | Extra: TypeError: 'int' object is not subscriptable
2026-02-18 20:00:22 | ERROR | PokePowerRequests | Critical error in geo_position: 103 | Extra: TypeError: 'int' object is not subscriptable
2026-02-18 20:00:22 | ERROR | PokePowerRequests | Critical error in geo_position: 103 | Extra: TypeError: 'int' object is not subscriptable
2026-02-18 20:00:22 | ERROR | PokePowerRequests | Critical error in geo_position: 103 | Extra: TypeError: 'int' object is not subscriptable
2026-02-18 20:00:22 | ERROR | PokePowerRequests | Critical error in geo_position: 103 | Extra: TypeError: 'int' object is not subscriptable
2026-02-18 20:00:22 | ERROR | PokePowerRequests | Critical error in geo_position: 103 | Extra: TypeError: 'int' object is not subscriptable
2026-02-18 20:00:22 | ERROR | PokePowerRequests | Critical error in geo_position: 103 | Extra: TypeError: 'int' object is not subscriptable
2026-02-18 20:00:22 | ERROR | PokePowerRequests | Critical error in geo_position: 103 | Extra: TypeError: 'int' object is not subscriptable
2026-02-18 20:00:22 | ERROR | PokePowerRequests | Critical error in geo_position: 103 | Extra: TypeError: 'int' object is not subscriptable
2026-02-18 20:00:22 | ERROR | PokePowerRequests | Critical error in geo_position: 103 | Extra: TypeError: 'int' object is not subscriptable
2026-02-18 20:00:22 | ERROR | PokePowerRequests | Critical error in geo_position: 103 | Extra: TypeError: 'int' object is not subscriptable
2026-02-18 20:00:22 | ERROR | PokePowerRequests | Critical error in geo_position: 103 | Extra: TypeError: 'int' object is not subscriptable
2026-02-18 20:00:22 | INFO | PokePowerRequests | BOT_STOPPED | <class 'TypeError'> | 'int' object is not subscriptable | F:\projects\PokePowerRequests\src\services\parser.py:103
2026-02-18 20:33:50 | INFO | PokePowerRequests | BOT_STARTED
2026-02-18 20:33:51 | DEBUG | PokePowerRequests | Successful authorization...
2026-02-18 20:33:51 | DEBUG | PokePowerRequests | Socket connection successfully established...
2026-02-18 20:33:51 | DEBUG | PokePowerRequests | Location data collected | Location name: Заброшенная исследовательская база | ID: 526 | Region: 1 | Available routes: [{'id': '525', 'name': 'Проход 3'}, {'id': '520', 'name': 'Змеиное логово, ответвление 1'}]
2026-02-18 20:33:51 | DEBUG | PokePowerRequests | Initialization completed, data collected...
2026-02-18 20:33:51 | DEBUG | PokePowerRequests | Pokemon: #151 Арамис | Lvl: 100 | HP: 402 | Gender: genderless | Active: False
2026-02-18 20:33:51 | DEBUG | PokePowerRequests | Pokemon: #563 Клеопатра | Lvl: 100 | HP: 321 | Gender: venus | Active: False
2026-02-18 20:33:51 | DEBUG | PokePowerRequests | Pokemon: #788 Тапу Фини | Lvl: 100 | HP: 345 | Gender: genderless | Active: True
2026-02-18 20:33:51 | DEBUG | PokePowerRequests | Successfully collected information about the user's Pokemon team...
2026-02-18 20:33:51 | DEBUG | PokePowerRequests | Collected data on available pokeballs:
        [['Гритбол', 3], ['Фастбол', 7], ['Покебол', 79], ['Тыквобол', 6], ['Генобол', 190], ['Ультрабол', 16], ['Даскбол', 3], ['Мастербол', 49], ['Шайнибол', 58], ['Взломанный Шайнибол', 12], ['Дистанцбол', 14]]
2026-02-18 20:33:51 | DEBUG | PokePowerRequests | Received ID of the Pokeball selected for catching - None
2026-02-18 20:33:51 | DEBUG | PokePowerRequests | Current value of completed battles - 282
2026-02-18 20:33:51 | DEBUG | PokePowerRequests | Update request - sent
2026-02-18 20:33:54 | DEBUG | PokePowerRequests | Update request - sent
2026-02-18 20:33:54 | INFO | PokePowerRequests | BATTLE_START | Enemy: #024 'Арбок' | Level: 30
2026-02-18 20:33:54 | INFO | PokePowerRequests | BATTLE_ACTION | ATTACK | Description: Кипяток: 13/15
2026-02-18 20:33:54 | INFO | PokePowerRequests | INVENTORY | ADD | Монета | Count: 22
2026-02-18 20:33:57 | DEBUG | PokePowerRequests | Update request - sent
2026-02-18 20:34:00 | DEBUG | PokePowerRequests | Update request - sent
2026-02-18 20:34:04 | DEBUG | PokePowerRequests | Update request - sent
2026-02-18 20:34:07 | DEBUG | PokePowerRequests | Update request - sent
2026-02-18 20:34:10 | DEBUG | PokePowerRequests | Update request - sent
2026-02-18 20:34:10 | INFO | PokePowerRequests | BATTLE_START | Enemy: #024 'Арбок' | Level: 35
2026-02-18 20:34:10 | INFO | PokePowerRequests | BATTLE_ACTION | ATTACK | Description: Кипяток: 12/15
2026-02-18 20:34:10 | INFO | PokePowerRequests | INVENTORY | ADD | Монета | Count: 23
2026-02-18 20:34:13 | DEBUG | PokePowerRequests | Update request - sent
2026-02-18 20:34:16 | DEBUG | PokePowerRequests | Update request - sent
2026-02-18 20:34:19 | DEBUG | PokePowerRequests | Update request - sent
2026-02-18 20:34:22 | DEBUG | PokePowerRequests | Update request - sent
2026-02-18 20:34:25 | DEBUG | PokePowerRequests | Update request - sent
2026-02-18 20:34:25 | INFO | PokePowerRequests | BATTLE_START | Enemy: #024 'Арбок' | Level: 26
2026-02-18 20:34:26 | INFO | PokePowerRequests | BATTLE_ACTION | ATTACK | Description: Кипяток: 11/15
2026-02-18 20:34:26 | INFO | PokePowerRequests | INVENTORY | ADD | Монета | Count: 26
2026-02-18 20:34:29 | DEBUG | PokePowerRequests | Update request - sent
2026-02-18 20:34:32 | DEBUG | PokePowerRequests | Update request - sent
2026-02-18 20:34:35 | DEBUG | PokePowerRequests | Update request - sent
2026-02-18 20:34:38 | DEBUG | PokePowerRequests | Update request - sent
2026-02-18 20:34:41 | DEBUG | PokePowerRequests | Update request - sent
2026-02-18 20:34:44 | DEBUG | PokePowerRequests | Update request - sent
2026-02-18 20:34:47 | DEBUG | PokePowerRequests | Update request - sent
2026-02-18 20:34:47 | INFO | PokePowerRequests | BATTLE_START | Enemy: #024 'Арбок' | Level: 27
2026-02-18 20:34:47 | INFO | PokePowerRequests | BATTLE_ACTION | ATTACK | Description: Кипяток: 10/15
2026-02-18 20:34:47 | INFO | PokePowerRequests | INVENTORY | ADD | Монета | Count: 24
2026-02-18 20:34:50 | DEBUG | PokePowerRequests | Update request - sent
2026-02-18 20:34:53 | DEBUG | PokePowerRequests | Update request - sent
2026-02-18 20:34:57 | DEBUG | PokePowerRequests | Update request - sent
2026-02-18 20:35:00 | DEBUG | PokePowerRequests | Update request - sent
2026-02-18 20:35:00 | INFO | PokePowerRequests | BATTLE_START | Enemy: #024 'Арбок' | Level: 25
2026-02-18 20:35:00 | INFO | PokePowerRequests | BATTLE_ACTION | ATTACK | Description: Кипяток: 9/15
2026-02-18 20:35:00 | INFO | PokePowerRequests | INVENTORY | ADD | Монета | Count: 23
2026-02-18 20:35:03 | DEBUG | PokePowerRequests | Update request - sent
2026-02-18 20:35:06 | DEBUG | PokePowerRequests | Update request - sent
2026-02-18 20:35:09 | DEBUG | PokePowerRequests | Update request - sent
2026-02-18 20:35:12 | DEBUG | PokePowerRequests | Update request - sent
2026-02-18 20:35:15 | DEBUG | PokePowerRequests | Update request - sent
2026-02-18 20:35:18 | DEBUG | PokePowerRequests | Update request - sent
2026-02-18 20:35:21 | DEBUG | PokePowerRequests | Update request - sent
2026-02-18 20:35:21 | INFO | PokePowerRequests | BATTLE_START | Enemy: #024 'Арбок' | Level: 32
2026-02-18 20:35:21 | INFO | PokePowerRequests | BATTLE_ACTION | ATTACK | Description: Кипяток: 8/15
2026-02-18 20:35:21 | INFO | PokePowerRequests | INVENTORY | ADD | Монета | Count: 22
2026-02-18 20:35:24 | DEBUG | PokePowerRequests | Update request - sent
2026-02-18 20:35:27 | DEBUG | PokePowerRequests | Update request - sent
2026-02-18 20:35:31 | DEBUG | PokePowerRequests | Update request - sent
2026-02-18 20:35:34 | DEBUG | PokePowerRequests | Update request - sent
2026-02-18 20:35:37 | DEBUG | PokePowerRequests | Update request - sent
2026-02-18 20:35:37 | INFO | PokePowerRequests | BATTLE_START | Enemy: #024 'Арбок' | Level: 34
2026-02-18 20:35:37 | INFO | PokePowerRequests | BATTLE_ACTION | ATTACK | Description: Кипяток: 7/15
2026-02-18 20:35:37 | INFO | PokePowerRequests | INVENTORY | ADD | Монета | Count: 25
2026-02-18 20:35:40 | DEBUG | PokePowerRequests | Update request - sent
2026-02-18 20:35:43 | DEBUG | PokePowerRequests | Update request - sent
2026-02-18 20:35:46 | DEBUG | PokePowerRequests | Update request - sent
2026-02-18 20:35:49 | DEBUG | PokePowerRequests | Update request - sent
2026-02-18 20:35:52 | DEBUG | PokePowerRequests | Update request - sent
2026-02-18 20:35:52 | INFO | PokePowerRequests | BATTLE_START | Enemy: #462 'Магнезон' | Level: 73
2026-02-18 20:35:52 | INFO | PokePowerRequests | BATTLE_ACTION | ATTACK | Description: Кипяток: 6/15
2026-02-18 20:35:52 | INFO | PokePowerRequests | BATTLE_ACTION | ATTACK | Description: Кипяток: 5/15
2026-02-18 20:35:52 | INFO | PokePowerRequests | INVENTORY | ADD | Монета | Count: 27
2026-02-18 20:35:55 | DEBUG | PokePowerRequests | Update request - sent
2026-02-18 20:35:58 | DEBUG | PokePowerRequests | Update request - sent
2026-02-18 20:36:02 | DEBUG | PokePowerRequests | Update request - sent
2026-02-18 20:36:05 | DEBUG | PokePowerRequests | Update request - sent
2026-02-18 20:36:08 | DEBUG | PokePowerRequests | Update request - sent
2026-02-18 20:36:11 | DEBUG | PokePowerRequests | Update request - sent
2026-02-18 20:36:14 | DEBUG | PokePowerRequests | Update request - sent
2026-02-18 20:36:14 | INFO | PokePowerRequests | BATTLE_START | Enemy: #024 'Арбок' | Level: 33
2026-02-18 20:36:14 | INFO | PokePowerRequests | BATTLE_ACTION | ATTACK | Description: Кипяток: 4/15
2026-02-18 20:36:14 | INFO | PokePowerRequests | INVENTORY | ADD | Монета | Count: 25
2026-02-18 20:36:14 | INFO | PokePowerRequests | INVENTORY | ADD | Снежок | Count: 1
2026-02-18 20:36:17 | DEBUG | PokePowerRequests | Update request - sent
2026-02-18 20:36:21 | DEBUG | PokePowerRequests | Update request - sent
2026-02-18 20:36:24 | DEBUG | PokePowerRequests | Update request - sent
2026-02-18 20:36:27 | DEBUG | PokePowerRequests | Update request - sent
2026-02-18 20:36:30 | DEBUG | PokePowerRequests | Update request - sent
2026-02-18 20:36:33 | DEBUG | PokePowerRequests | Update request - sent
2026-02-18 20:36:33 | INFO | PokePowerRequests | BATTLE_START | Enemy: #024 'Арбок' | Level: 28
2026-02-18 20:36:33 | INFO | PokePowerRequests | BATTLE_ACTION | ATTACK | Description: Кипяток: 3/15
2026-02-18 20:36:33 | INFO | PokePowerRequests | INVENTORY | ADD | Монета | Count: 26
2026-02-18 20:36:36 | DEBUG | PokePowerRequests | Update request - sent
2026-02-18 20:36:39 | DEBUG | PokePowerRequests | Update request - sent
2026-02-18 20:36:42 | DEBUG | PokePowerRequests | Update request - sent
2026-02-18 20:36:45 | DEBUG | PokePowerRequests | Update request - sent
2026-02-18 20:36:48 | DEBUG | PokePowerRequests | Update request - sent
2026-02-18 20:36:51 | DEBUG | PokePowerRequests | Update request - sent
2026-02-18 20:36:51 | INFO | PokePowerRequests | BATTLE_START | Enemy: #024 'Арбок' | Level: 25
2026-02-18 20:36:51 | INFO | PokePowerRequests | BATTLE_ACTION | ATTACK | Description: Кипяток: 2/15
2026-02-18 20:36:51 | INFO | PokePowerRequests | INVENTORY | ADD | Монета | Count: 25
2026-02-18 20:36:55 | DEBUG | PokePowerRequests | Update request - sent
2026-02-18 20:36:58 | DEBUG | PokePowerRequests | Update request - sent
2026-02-18 20:37:01 | DEBUG | PokePowerRequests | Update request - sent
2026-02-18 20:37:04 | DEBUG | PokePowerRequests | Update request - sent
2026-02-18 20:37:07 | DEBUG | PokePowerRequests | Update request - sent
2026-02-18 20:37:10 | DEBUG | PokePowerRequests | Update request - sent
2026-02-18 20:37:13 | DEBUG | PokePowerRequests | Update request - sent
2026-02-18 20:37:13 | INFO | PokePowerRequests | BATTLE_START | Enemy: #024 'Арбок' | Level: 33
2026-02-18 20:37:13 | INFO | PokePowerRequests | BATTLE_ACTION | ATTACK | Description: Кипяток: 1/15
2026-02-18 20:37:13 | INFO | PokePowerRequests | INVENTORY | ADD | Монета | Count: 26
2026-02-18 20:37:16 | DEBUG | PokePowerRequests | Update request - sent
2026-02-18 20:37:19 | DEBUG | PokePowerRequests | Update request - sent
2026-02-18 20:37:22 | DEBUG | PokePowerRequests | Update request - sent
2026-02-18 20:37:25 | DEBUG | PokePowerRequests | Update request - sent
2026-02-18 20:37:29 | DEBUG | PokePowerRequests | Update request - sent
2026-02-18 20:37:32 | DEBUG | PokePowerRequests | Update request - sent
2026-02-18 20:37:32 | INFO | PokePowerRequests | BATTLE_START | Enemy: #462 'Магнезон' | Level: 68
2026-02-18 20:37:32 | INFO | PokePowerRequests | BATTLE_ACTION | ATTACK | Description: Кипяток: 0/15
2026-02-18 20:37:32 | INFO | PokePowerRequests | INVENTORY | ADD | Монета | Count: 23
2026-02-18 20:37:32 | INFO | PokePowerRequests | INVENTORY | ADD | Снежок | Count: 1
2026-02-18 20:37:35 | DEBUG | PokePowerRequests | Update request - sent
2026-02-18 20:37:38 | DEBUG | PokePowerRequests | Update request - sent
2026-02-18 20:37:41 | DEBUG | PokePowerRequests | Update request - sent
2026-02-18 20:37:44 | DEBUG | PokePowerRequests | Update request - sent
2026-02-18 20:37:47 | DEBUG | PokePowerRequests | Update request - sent
2026-02-18 20:37:50 | DEBUG | PokePowerRequests | Update request - sent
2026-02-18 20:37:50 | INFO | PokePowerRequests | BATTLE_START | Enemy: #024 'Арбок' | Level: 31
2026-02-18 20:37:50 | INFO | PokePowerRequests | BATTLE_ACTION | ATTACK | Description: Теневой шар: 14/15
2026-02-18 20:37:50 | INFO | PokePowerRequests | INVENTORY | ADD | Монета | Count: 25
2026-02-18 20:37:53 | DEBUG | PokePowerRequests | Update request - sent
2026-02-18 20:37:57 | DEBUG | PokePowerRequests | Update request - sent
2026-02-18 20:38:01 | DEBUG | PokePowerRequests | Update request - sent
2026-02-18 20:38:04 | DEBUG | PokePowerRequests | Update request - sent
2026-02-18 20:38:04 | INFO | PokePowerRequests | BATTLE_START | Enemy: #024 'Арбок' | Level: 33
2026-02-18 20:38:04 | INFO | PokePowerRequests | BATTLE_ACTION | ATTACK | Description: Теневой шар: 13/15
2026-02-18 20:38:04 | INFO | PokePowerRequests | INVENTORY | ADD | Монета | Count: 26
2026-02-18 20:38:07 | DEBUG | PokePowerRequests | Update request - sent
2026-02-18 20:38:10 | DEBUG | PokePowerRequests | Update request - sent
2026-02-18 20:38:13 | DEBUG | PokePowerRequests | Update request - sent
2026-02-18 20:38:16 | DEBUG | PokePowerRequests | Update request - sent
2026-02-18 20:38:19 | DEBUG | PokePowerRequests | Update request - sent
2026-02-18 20:38:22 | DEBUG | PokePowerRequests | Update request - sent
2026-02-18 20:38:25 | DEBUG | PokePowerRequests | Update request - sent
2026-02-18 20:38:25 | INFO | PokePowerRequests | BATTLE_START | Enemy: #024 'Арбок' | Level: 26
2026-02-18 20:38:25 | INFO | PokePowerRequests | BATTLE_ACTION | ATTACK | Description: Теневой шар: 12/15
2026-02-18 20:38:25 | INFO | PokePowerRequests | INVENTORY | ADD | Монета | Count: 25
2026-02-18 20:38:28 | DEBUG | PokePowerRequests | Update request - sent
2026-02-18 20:38:32 | DEBUG | PokePowerRequests | Update request - sent
2026-02-18 20:38:35 | DEBUG | PokePowerRequests | Update request - sent
2026-02-18 20:38:38 | DEBUG | PokePowerRequests | Update request - sent
2026-02-18 20:38:38 | INFO | PokePowerRequests | BATTLE_START | Enemy: #024 'Арбок' | Level: 29
2026-02-18 20:38:38 | INFO | PokePowerRequests | BATTLE_ACTION | ATTACK | Description: Теневой шар: 11/15
2026-02-18 20:38:38 | INFO | PokePowerRequests | INVENTORY | ADD | Монета | Count: 21
2026-02-18 20:38:41 | DEBUG | PokePowerRequests | Update request - sent
2026-02-18 20:38:44 | DEBUG | PokePowerRequests | Update request - sent
2026-02-18 20:38:47 | DEBUG | PokePowerRequests | Update request - sent
2026-02-18 20:38:50 | DEBUG | PokePowerRequests | Update request - sent
2026-02-18 20:38:53 | DEBUG | PokePowerRequests | Update request - sent
2026-02-18 20:38:53 | INFO | PokePowerRequests | BATTLE_START | Enemy: #024 'Арбок' | Level: 26
2026-02-18 20:38:53 | INFO | PokePowerRequests | BATTLE_ACTION | ATTACK | Description: Теневой шар: 10/15
2026-02-18 20:38:53 | INFO | PokePowerRequests | INVENTORY | ADD | Монета | Count: 22
2026-02-18 20:38:56 | DEBUG | PokePowerRequests | Update request - sent
2026-02-18 20:38:59 | DEBUG | PokePowerRequests | Update request - sent
2026-02-18 20:39:03 | DEBUG | PokePowerRequests | Update request - sent
2026-02-18 20:39:06 | DEBUG | PokePowerRequests | Update request - sent
2026-02-18 20:39:09 | DEBUG | PokePowerRequests | Update request - sent
2026-02-18 20:39:12 | DEBUG | PokePowerRequests | Update request - sent
2026-02-18 20:39:12 | INFO | PokePowerRequests | BATTLE_START | Enemy: #024 'Арбок' | Level: 35
2026-02-18 20:39:12 | INFO | PokePowerRequests | BATTLE_ACTION | ATTACK | Description: Теневой шар: 9/15
2026-02-18 20:39:12 | INFO | PokePowerRequests | INVENTORY | ADD | Монета | Count: 24
2026-02-18 20:39:15 | DEBUG | PokePowerRequests | Update request - sent
2026-02-18 20:39:18 | DEBUG | PokePowerRequests | Update request - sent
2026-02-18 20:39:21 | DEBUG | PokePowerRequests | Update request - sent
2026-02-18 20:39:24 | DEBUG | PokePowerRequests | Update request - sent
2026-02-18 20:39:27 | DEBUG | PokePowerRequests | Update request - sent
2026-02-18 20:39:30 | DEBUG | PokePowerRequests | Update request - sent
2026-02-18 20:39:30 | INFO | PokePowerRequests | BATTLE_START | Enemy: #024 'Арбок' | Level: 33
2026-02-18 20:39:30 | INFO | PokePowerRequests | BATTLE_ACTION | ATTACK | Description: Теневой шар: 8/15
2026-02-18 20:39:30 | INFO | PokePowerRequests | INVENTORY | ADD | Монета | Count: 23
2026-02-18 20:39:33 | DEBUG | PokePowerRequests | Update request - sent
2026-02-18 20:39:37 | DEBUG | PokePowerRequests | Update request - sent
2026-02-18 20:39:40 | DEBUG | PokePowerRequests | Update request - sent
2026-02-18 20:39:43 | DEBUG | PokePowerRequests | Update request - sent
2026-02-18 20:39:46 | DEBUG | PokePowerRequests | Update request - sent
2026-02-18 20:39:49 | DEBUG | PokePowerRequests | Update request - sent
2026-02-18 20:39:49 | INFO | PokePowerRequests | BATTLE_START | Enemy: #462 'Магнезон' | Level: 77
2026-02-18 20:39:49 | INFO | PokePowerRequests | BATTLE_ACTION | ATTACK | Description: Теневой шар: 7/15
2026-02-18 20:39:49 | INFO | PokePowerRequests | BATTLE_ACTION | ATTACK | Description: Теневой шар: 6/15
2026-02-18 20:39:49 | INFO | PokePowerRequests | INVENTORY | ADD | Монета | Count: 24
2026-02-18 20:39:52 | DEBUG | PokePowerRequests | Update request - sent
2026-02-18 20:39:55 | DEBUG | PokePowerRequests | Update request - sent
2026-02-18 20:39:58 | DEBUG | PokePowerRequests | Update request - sent
2026-02-18 20:40:01 | DEBUG | PokePowerRequests | Update request - sent
2026-02-18 20:40:04 | DEBUG | PokePowerRequests | Update request - sent
2026-02-18 20:40:04 | INFO | PokePowerRequests | BATTLE_START | Enemy: #024 'Арбок' | Level: 33
2026-02-18 20:40:04 | INFO | PokePowerRequests | BATTLE_ACTION | ATTACK | Description: Теневой шар: 5/15
2026-02-18 20:40:04 | INFO | PokePowerRequests | INVENTORY | ADD | Монета | Count: 25
2026-02-18 20:40:08 | DEBUG | PokePowerRequests | Update request - sent
2026-02-18 20:40:11 | DEBUG | PokePowerRequests | Update request - sent
2026-02-18 20:40:14 | DEBUG | PokePowerRequests | Update request - sent
2026-02-18 20:40:17 | DEBUG | PokePowerRequests | Update request - sent
2026-02-18 20:40:20 | DEBUG | PokePowerRequests | Update request - sent
2026-02-18 20:40:23 | DEBUG | PokePowerRequests | Update request - sent
2026-02-18 20:40:26 | DEBUG | PokePowerRequests | Update request - sent
2026-02-18 20:40:26 | INFO | PokePowerRequests | BATTLE_START | Enemy: #024 'Арбок' | Level: 26
2026-02-18 20:40:26 | INFO | PokePowerRequests | BATTLE_ACTION | ATTACK | Description: Теневой шар: 4/15
2026-02-18 20:40:26 | INFO | PokePowerRequests | INVENTORY | ADD | Монета | Count: 22
2026-02-18 20:40:29 | DEBUG | PokePowerRequests | Update request - sent
2026-02-18 20:40:32 | DEBUG | PokePowerRequests | Update request - sent
2026-02-18 20:40:35 | DEBUG | PokePowerRequests | Update request - sent
2026-02-18 20:40:39 | DEBUG | PokePowerRequests | Update request - sent
2026-02-18 20:40:42 | DEBUG | PokePowerRequests | Update request - sent
2026-02-18 20:40:45 | DEBUG | PokePowerRequests | Update request - sent
2026-02-18 20:40:45 | INFO | PokePowerRequests | BATTLE_START | Enemy: #024 'Арбок' | Level: 29
2026-02-18 20:40:45 | INFO | PokePowerRequests | BATTLE_ACTION | ATTACK | Description: Теневой шар: 3/15
2026-02-18 20:40:45 | INFO | PokePowerRequests | INVENTORY | ADD | Монета | Count: 24
2026-02-18 20:40:48 | DEBUG | PokePowerRequests | Update request - sent
2026-02-18 20:40:51 | DEBUG | PokePowerRequests | Update request - sent
2026-02-18 20:40:54 | DEBUG | PokePowerRequests | Update request - sent
2026-02-18 20:40:57 | DEBUG | PokePowerRequests | Update request - sent
2026-02-18 20:41:00 | DEBUG | PokePowerRequests | Update request - sent
2026-02-18 20:41:00 | INFO | PokePowerRequests | BATTLE_START | Enemy: #024 'Арбок' | Level: 30
2026-02-18 20:41:00 | INFO | PokePowerRequests | BATTLE_ACTION | ATTACK | Description: Теневой шар: 2/15
2026-02-18 20:41:00 | INFO | PokePowerRequests | INVENTORY | ADD | Монета | Count: 22
2026-02-18 20:41:03 | DEBUG | PokePowerRequests | Update request - sent
2026-02-18 20:41:06 | DEBUG | PokePowerRequests | Update request - sent
2026-02-18 20:41:09 | DEBUG | PokePowerRequests | Update request - sent
2026-02-18 20:41:12 | DEBUG | PokePowerRequests | Update request - sent
2026-02-18 20:41:16 | DEBUG | PokePowerRequests | Update request - sent
2026-02-18 20:41:16 | INFO | PokePowerRequests | BATTLE_START | Enemy: #024 'Арбок' | Level: 34
2026-02-18 20:41:16 | INFO | PokePowerRequests | BATTLE_ACTION | ATTACK | Description: Теневой шар: 1/15
2026-02-18 20:41:16 | INFO | PokePowerRequests | INVENTORY | ADD | Монета | Count: 26
2026-02-18 20:41:19 | DEBUG | PokePowerRequests | Update request - sent
2026-02-18 20:41:22 | DEBUG | PokePowerRequests | Update request - sent
2026-02-18 20:41:25 | DEBUG | PokePowerRequests | Update request - sent
2026-02-18 20:41:28 | DEBUG | PokePowerRequests | Update request - sent
2026-02-18 20:41:31 | DEBUG | PokePowerRequests | Update request - sent
2026-02-18 20:41:34 | DEBUG | PokePowerRequests | Update request - sent
2026-02-18 20:41:37 | DEBUG | PokePowerRequests | Update request - sent
2026-02-18 20:41:37 | INFO | PokePowerRequests | BATTLE_START | Enemy: #462 'Магнезон' | Level: 80
2026-02-18 20:41:37 | INFO | PokePowerRequests | BATTLE_ACTION | ATTACK | Description: Теневой шар: 0/15
2026-02-18 20:41:37 | INFO | PokePowerRequests | BATTLE_ACTION | ATTACK | Description: Лунный взрыв: 14/15
2026-02-18 20:41:37 | INFO | PokePowerRequests | BATTLE_ACTION | ATTACK | Description: Лунный взрыв: 13/15
2026-02-18 20:41:37 | INFO | PokePowerRequests | BATTLE_ACTION | ATTACK | Description: Лунный взрыв: 12/15
2026-02-18 20:41:37 | INFO | PokePowerRequests | INVENTORY | ADD | Монета | Count: 25
2026-02-18 20:41:37 | INFO | PokePowerRequests | INVENTORY | ADD | Электродетали | Count: 1
2026-02-18 20:41:40 | DEBUG | PokePowerRequests | Update request - sent
2026-02-18 20:41:43 | DEBUG | PokePowerRequests | Update request - sent
2026-02-18 20:41:47 | DEBUG | PokePowerRequests | Update request - sent
2026-02-18 20:41:50 | DEBUG | PokePowerRequests | Update request - sent
2026-02-18 20:41:53 | DEBUG | PokePowerRequests | Update request - sent
2026-02-18 20:41:56 | DEBUG | PokePowerRequests | Update request - sent
2026-02-18 20:41:59 | DEBUG | PokePowerRequests | Update request - sent
2026-02-18 20:41:59 | INFO | PokePowerRequests | BATTLE_START | Enemy: #024 'Арбок' | Level: 35
2026-02-18 20:41:59 | INFO | PokePowerRequests | BATTLE_ACTION | ATTACK | Description: Лунный взрыв: 11/15
2026-02-18 20:41:59 | INFO | PokePowerRequests | INVENTORY | ADD | Монета | Count: 24
2026-02-18 20:42:02 | DEBUG | PokePowerRequests | Update request - sent
2026-02-18 20:42:05 | DEBUG | PokePowerRequests | Update request - sent
2026-02-18 20:42:08 | DEBUG | PokePowerRequests | Update request - sent
2026-02-18 20:42:11 | DEBUG | PokePowerRequests | Update request - sent
2026-02-18 20:42:14 | DEBUG | PokePowerRequests | Update request - sent
2026-02-18 20:42:17 | DEBUG | PokePowerRequests | Update request - sent
2026-02-18 20:42:17 | INFO | PokePowerRequests | BATTLE_START | Enemy: #024 'Арбок' | Level: 35
2026-02-18 20:42:18 | INFO | PokePowerRequests | BATTLE_ACTION | ATTACK | Description: Лунный взрыв: 10/15
2026-02-18 20:42:18 | INFO | PokePowerRequests | INVENTORY | ADD | Монета | Count: 26
2026-02-18 20:42:21 | DEBUG | PokePowerRequests | Update request - sent
2026-02-18 20:42:24 | DEBUG | PokePowerRequests | Update request - sent
2026-02-18 20:42:27 | DEBUG | PokePowerRequests | Update request - sent
2026-02-18 20:42:30 | DEBUG | PokePowerRequests | Update request - sent
2026-02-18 20:42:33 | DEBUG | PokePowerRequests | Update request - sent
2026-02-18 20:42:33 | INFO | PokePowerRequests | BATTLE_START | Enemy: #024 'Арбок' | Level: 32
2026-02-18 20:42:33 | INFO | PokePowerRequests | BATTLE_ACTION | ATTACK | Description: Лунный взрыв: 9/15
2026-02-18 20:42:33 | INFO | PokePowerRequests | INVENTORY | ADD | Монета | Count: 26
2026-02-18 20:42:33 | INFO | PokePowerRequests | INVENTORY | ADD | Снежок | Count: 1
2026-02-18 20:42:36 | DEBUG | PokePowerRequests | Update request - sent
2026-02-18 20:42:39 | DEBUG | PokePowerRequests | Update request - sent
2026-02-18 20:42:42 | DEBUG | PokePowerRequests | Update request - sent
2026-02-18 20:42:45 | DEBUG | PokePowerRequests | Update request - sent
2026-02-18 20:42:48 | DEBUG | PokePowerRequests | Update request - sent
2026-02-18 20:42:51 | DEBUG | PokePowerRequests | Update request - sent
2026-02-18 20:42:55 | DEBUG | PokePowerRequests | Update request - sent
2026-02-18 20:42:58 | DEBUG | PokePowerRequests | Update request - sent
2026-02-18 20:42:58 | INFO | PokePowerRequests | BATTLE_START | Enemy: #024 'Арбок' | Level: 32
2026-02-18 20:42:58 | INFO | PokePowerRequests | BATTLE_ACTION | ATTACK | Description: Лунный взрыв: 8/15
2026-02-18 20:42:58 | INFO | PokePowerRequests | INVENTORY | ADD | Монета | Count: 26
2026-02-18 20:43:01 | DEBUG | PokePowerRequests | Update request - sent
2026-02-18 20:43:04 | DEBUG | PokePowerRequests | Update request - sent
2026-02-18 20:43:07 | DEBUG | PokePowerRequests | Update request - sent
2026-02-18 20:43:10 | DEBUG | PokePowerRequests | Update request - sent
2026-02-18 20:43:13 | DEBUG | PokePowerRequests | Update request - sent
2026-02-18 20:43:13 | INFO | PokePowerRequests | BATTLE_START | Enemy: #024 'Арбок' | Level: 29
2026-02-18 20:43:13 | INFO | PokePowerRequests | BATTLE_ACTION | ATTACK | Description: Лунный взрыв: 7/15
2026-02-18 20:43:13 | INFO | PokePowerRequests | INVENTORY | ADD | Монета | Count: 24
2026-02-18 20:43:16 | DEBUG | PokePowerRequests | Update request - sent
2026-02-18 20:43:19 | DEBUG | PokePowerRequests | Update request - sent
2026-02-18 20:43:22 | DEBUG | PokePowerRequests | Update request - sent
2026-02-18 20:43:25 | DEBUG | PokePowerRequests | Update request - sent
2026-02-18 20:43:28 | DEBUG | PokePowerRequests | Update request - sent
2026-02-18 20:43:28 | INFO | PokePowerRequests | BATTLE_START | Enemy: #024 'Арбок' | Level: 29
2026-02-18 20:43:29 | INFO | PokePowerRequests | BATTLE_ACTION | ATTACK | Description: Лунный взрыв: 6/15
2026-02-18 20:43:29 | INFO | PokePowerRequests | INVENTORY | ADD | Монета | Count: 24
2026-02-18 20:43:32 | DEBUG | PokePowerRequests | Update request - sent
2026-02-18 20:43:35 | DEBUG | PokePowerRequests | Update request - sent
2026-02-18 20:43:38 | DEBUG | PokePowerRequests | Update request - sent
2026-02-18 20:43:41 | DEBUG | PokePowerRequests | Update request - sent
2026-02-18 20:43:44 | DEBUG | PokePowerRequests | Update request - sent
2026-02-18 20:43:44 | INFO | PokePowerRequests | BATTLE_START | Enemy: #024 'Арбок' | Level: 25
2026-02-18 20:43:44 | INFO | PokePowerRequests | BATTLE_ACTION | ATTACK | Description: Лунный взрыв: 5/15
2026-02-18 20:43:44 | INFO | PokePowerRequests | INVENTORY | ADD | Монета | Count: 22
2026-02-18 20:43:47 | DEBUG | PokePowerRequests | Update request - sent
2026-02-18 20:43:50 | DEBUG | PokePowerRequests | Update request - sent
2026-02-18 20:43:53 | DEBUG | PokePowerRequests | Update request - sent
2026-02-18 20:43:56 | DEBUG | PokePowerRequests | Update request - sent
2026-02-18 20:43:56 | INFO | PokePowerRequests | BATTLE_START | Enemy: #024 'Арбок' | Level: 30
2026-02-18 20:43:56 | INFO | PokePowerRequests | BATTLE_ACTION | ATTACK | Description: Лунный взрыв: 4/15
2026-02-18 20:43:56 | INFO | PokePowerRequests | INVENTORY | ADD | Монета | Count: 25
2026-02-18 20:43:59 | DEBUG | PokePowerRequests | Update request - sent
2026-02-18 20:44:02 | DEBUG | PokePowerRequests | Update request - sent
2026-02-18 20:44:06 | DEBUG | PokePowerRequests | Update request - sent
2026-02-18 20:44:09 | DEBUG | PokePowerRequests | Update request - sent
2026-02-18 20:44:12 | DEBUG | PokePowerRequests | Update request - sent
2026-02-18 20:44:15 | DEBUG | PokePowerRequests | Update request - sent
2026-02-18 20:44:15 | INFO | PokePowerRequests | BATTLE_START | Enemy: #024 'Арбок' | Level: 29
2026-02-18 20:44:15 | INFO | PokePowerRequests | BATTLE_ACTION | ATTACK | Description: Лунный взрыв: 3/15
2026-02-18 20:44:15 | INFO | PokePowerRequests | INVENTORY | ADD | Монета | Count: 23
2026-02-18 20:44:18 | DEBUG | PokePowerRequests | Update request - sent
2026-02-18 20:44:21 | DEBUG | PokePowerRequests | Update request - sent
2026-02-18 20:44:24 | DEBUG | PokePowerRequests | Update request - sent
2026-02-18 20:44:27 | DEBUG | PokePowerRequests | Update request - sent
2026-02-18 20:44:27 | INFO | PokePowerRequests | BATTLE_START | Enemy: #024 'Арбок' | Level: 25
2026-02-18 20:44:27 | INFO | PokePowerRequests | BATTLE_ACTION | ATTACK | Description: Лунный взрыв: 2/15
2026-02-18 20:44:27 | INFO | PokePowerRequests | INVENTORY | ADD | Монета | Count: 24
2026-02-18 20:44:30 | DEBUG | PokePowerRequests | Update request - sent
2026-02-18 20:44:33 | DEBUG | PokePowerRequests | Update request - sent
2026-02-18 20:44:36 | DEBUG | PokePowerRequests | Update request - sent
2026-02-18 20:44:40 | DEBUG | PokePowerRequests | Update request - sent
2026-02-18 20:44:43 | DEBUG | PokePowerRequests | Update request - sent
2026-02-18 20:44:46 | DEBUG | PokePowerRequests | Update request - sent
2026-02-18 20:44:46 | INFO | PokePowerRequests | BATTLE_START | Enemy: #024 'Арбок' | Level: 26
2026-02-18 20:44:46 | INFO | PokePowerRequests | BATTLE_ACTION | ATTACK | Description: Лунный взрыв: 1/15
2026-02-18 20:44:46 | INFO | PokePowerRequests | INVENTORY | ADD | Монета | Count: 21
2026-02-18 20:44:46 | INFO | PokePowerRequests | INVENTORY | ADD | Снежок | Count: 1
2026-02-18 20:44:46 | INFO | PokePowerRequests | INVENTORY | ADD | Покебол | Count: 1
2026-02-18 20:44:49 | DEBUG | PokePowerRequests | Update request - sent
2026-02-18 20:44:52 | DEBUG | PokePowerRequests | Update request - sent
2026-02-18 20:44:55 | DEBUG | PokePowerRequests | Update request - sent
2026-02-18 20:44:58 | DEBUG | PokePowerRequests | Update request - sent
2026-02-18 20:45:01 | DEBUG | PokePowerRequests | Update request - sent
2026-02-18 20:45:04 | DEBUG | PokePowerRequests | Update request - sent
2026-02-18 20:45:04 | INFO | PokePowerRequests | BATTLE_START | Enemy: #024 'Арбок' | Level: 25
2026-02-18 20:45:04 | INFO | PokePowerRequests | BATTLE_ACTION | CHANGE | Description: Change current pokemon to: #151 Арамис
2026-02-18 20:45:04 | INFO | PokePowerRequests | BATTLE_ACTION | ATTACK | Description: Психошок: 9/10
2026-02-18 20:45:04 | INFO | PokePowerRequests | INVENTORY | ADD | Монета | Count: 22
2026-02-18 20:45:04 | INFO | PokePowerRequests | BATTLE_ACTION | START | Description: Start pokémon are now: #151 Арамис
2026-02-18 20:45:07 | DEBUG | PokePowerRequests | Update request - sent
2026-02-18 20:45:11 | DEBUG | PokePowerRequests | Update request - sent
2026-02-18 20:45:14 | DEBUG | PokePowerRequests | Update request - sent
2026-02-18 20:45:17 | DEBUG | PokePowerRequests | Update request - sent
2026-02-18 20:45:17 | INFO | PokePowerRequests | BATTLE_START | Enemy: #024 'Арбок' | Level: 28
2026-02-18 20:45:17 | INFO | PokePowerRequests | BATTLE_ACTION | ATTACK | Description: Психошок: 8/10
2026-02-18 20:45:17 | INFO | PokePowerRequests | INVENTORY | ADD | Монета | Count: 26
2026-02-18 20:45:20 | DEBUG | PokePowerRequests | Update request - sent
2026-02-18 20:45:23 | DEBUG | PokePowerRequests | Update request - sent
2026-02-18 20:45:26 | DEBUG | PokePowerRequests | Update request - sent
2026-02-18 20:45:29 | DEBUG | PokePowerRequests | Update request - sent
2026-02-18 20:45:32 | DEBUG | PokePowerRequests | Update request - sent
2026-02-18 20:45:35 | DEBUG | PokePowerRequests | Update request - sent
2026-02-18 20:45:35 | INFO | PokePowerRequests | BATTLE_START | Enemy: #462 'Магнезон' | Level: 80
2026-02-18 20:45:35 | INFO | PokePowerRequests | BATTLE_ACTION | ATTACK | Description: Огнемет: 14/15
2026-02-18 20:45:35 | INFO | PokePowerRequests | INVENTORY | ADD | Монета | Count: 24
2026-02-18 20:45:38 | DEBUG | PokePowerRequests | Update request - sent
2026-02-18 20:45:41 | DEBUG | PokePowerRequests | Update request - sent
2026-02-18 20:45:45 | DEBUG | PokePowerRequests | Update request - sent
2026-02-18 20:45:48 | DEBUG | PokePowerRequests | Update request - sent
2026-02-18 20:45:51 | DEBUG | PokePowerRequests | Update request - sent
2026-02-18 20:45:51 | INFO | PokePowerRequests | BATTLE_START | Enemy: #462 'Магнезон' | Level: 69
2026-02-18 20:45:51 | INFO | PokePowerRequests | BATTLE_ACTION | ATTACK | Description: Огнемет: 13/15
2026-02-18 20:45:51 | INFO | PokePowerRequests | BATTLE_ACTION | CHANGE | Description: Change current pokemon to: #563 Клеопатра
2026-02-18 20:45:51 | INFO | PokePowerRequests | BATTLE_ACTION | ATTACK | Description: Сглаз: 9/10
2026-02-18 20:45:51 | INFO | PokePowerRequests | INVENTORY | ADD | Монета | Count: 26
2026-02-18 20:45:51 | INFO | PokePowerRequests | BATTLE_ACTION | START | Description: Start pokémon are now: #563 Клеопатра
2026-02-18 20:45:54 | DEBUG | PokePowerRequests | Update request - sent
2026-02-18 20:45:57 | DEBUG | PokePowerRequests | Update request - sent
2026-02-18 20:46:00 | DEBUG | PokePowerRequests | Update request - sent
2026-02-18 20:46:03 | DEBUG | PokePowerRequests | Update request - sent
2026-02-18 20:46:03 | INFO | PokePowerRequests | BATTLE_START | Enemy: #024 'Арбок' | Level: 33
2026-02-18 20:46:03 | INFO | PokePowerRequests | BATTLE_ACTION | ATTACK | Description: Сглаз: 8/10
2026-02-18 20:46:03 | INFO | PokePowerRequests | INVENTORY | ADD | Монета | Count: 26
2026-02-18 20:46:06 | DEBUG | PokePowerRequests | Update request - sent
2026-02-18 20:46:09 | DEBUG | PokePowerRequests | Update request - sent
2026-02-18 20:46:13 | DEBUG | PokePowerRequests | Update request - sent
2026-02-18 20:46:16 | DEBUG | PokePowerRequests | Update request - sent
2026-02-18 20:46:19 | DEBUG | PokePowerRequests | Update request - sent
2026-02-18 20:46:22 | DEBUG | PokePowerRequests | Update request - sent
2026-02-18 20:46:22 | INFO | PokePowerRequests | BATTLE_START | Enemy: #462 'Магнезон' | Level: 68
2026-02-18 20:46:22 | INFO | PokePowerRequests | BATTLE_ACTION | ATTACK | Description: Сглаз: 7/10
2026-02-18 20:46:22 | INFO | PokePowerRequests | BATTLE_ACTION | ATTACK | Description: Сглаз: 6/10
2026-02-18 20:46:22 | INFO | PokePowerRequests | BATTLE_START | Enemy: #462 'Магнезон' | Level: 68
2026-02-18 20:46:22 | INFO | PokePowerRequests | BATTLE_ACTION | ATTACK | Description: Сглаз: 5/10
2026-02-18 20:46:22 | INFO | PokePowerRequests | BATTLE_START | Enemy: #462 'Магнезон' | Level: 68
2026-02-18 20:46:22 | INFO | PokePowerRequests | BATTLE_ACTION | ATTACK | Description: Сглаз: 4/10
2026-02-18 20:46:22 | INFO | PokePowerRequests | BATTLE_START | Enemy: #462 'Магнезон' | Level: 68
2026-02-18 20:46:22 | INFO | PokePowerRequests | BATTLE_ACTION | ATTACK | Description: Сглаз: 3/10
2026-02-18 20:46:22 | INFO | PokePowerRequests | BATTLE_START | Enemy: #462 'Магнезон' | Level: 68
2026-02-18 20:46:22 | INFO | PokePowerRequests | BATTLE_ACTION | ATTACK | Description: Сглаз: 2/10
2026-02-18 20:46:22 | INFO | PokePowerRequests | BATTLE_START | Enemy: #462 'Магнезон' | Level: 68
2026-02-18 20:46:22 | INFO | PokePowerRequests | BATTLE_ACTION | ATTACK | Description: Сглаз: 1/10
2026-02-18 20:46:22 | INFO | PokePowerRequests | BATTLE_START | Enemy: #462 'Магнезон' | Level: 68
2026-02-18 20:46:22 | INFO | PokePowerRequests | BATTLE_ACTION | ATTACK | Description: Сглаз: 0/10
2026-02-18 20:46:22 | INFO | PokePowerRequests | BATTLE_START | Enemy: #462 'Магнезон' | Level: 68
2026-02-18 20:46:22 | INFO | PokePowerRequests | BATTLE_ACTION | COWARD | Description: Pokemon has low level HP
2026-02-18 20:46:22 | ERROR | PokePowerRequests | Critical error in pokemon_health: 77 | Extra: TypeError: object method can't be used in 'await' expression
2026-02-18 20:46:22 | ERROR | PokePowerRequests | Critical error in pokemon_health: 77 | Extra: TypeError: object method can't be used in 'await' expression
2026-02-18 20:46:22 | ERROR | PokePowerRequests | Critical error in pokemon_health: 77 | Extra: TypeError: object method can't be used in 'await' expression
2026-02-18 20:46:22 | ERROR | PokePowerRequests | Critical error in pokemon_health: 77 | Extra: TypeError: object method can't be used in 'await' expression
2026-02-18 20:46:22 | ERROR | PokePowerRequests | Critical error in pokemon_health: 77 | Extra: TypeError: object method can't be used in 'await' expression
2026-02-18 20:46:22 | ERROR | PokePowerRequests | Critical error in pokemon_health: 77 | Extra: TypeError: object method can't be used in 'await' expression
2026-02-18 20:46:22 | ERROR | PokePowerRequests | Critical error in pokemon_health: 77 | Extra: TypeError: object method can't be used in 'await' expression
2026-02-18 20:46:22 | ERROR | PokePowerRequests | Critical error in pokemon_health: 77 | Extra: TypeError: object method can't be used in 'await' expression
2026-02-18 20:46:22 | ERROR | PokePowerRequests | Critical error in pokemon_health: 77 | Extra: TypeError: object method can't be used in 'await' expression
2026-02-18 20:46:22 | ERROR | PokePowerRequests | Critical error in pokemon_health: 77 | Extra: TypeError: object method can't be used in 'await' expression
2026-02-18 20:46:22 | INFO | PokePowerRequests | BOT_STOPPED | <class 'TypeError'> | object method can't be used in 'await' expression | F:\projects\PokePowerRequests\src\services\movements.py:77
2026-02-18 20:50:27 | INFO | PokePowerRequests | BOT_STARTED
2026-02-18 20:50:27 | DEBUG | PokePowerRequests | Successful authorization...
2026-02-18 20:50:27 | DEBUG | PokePowerRequests | Socket connection successfully established...
2026-02-18 20:50:28 | DEBUG | PokePowerRequests | Location data collected | Location name: Заброшенная исследовательская база | ID: 526 | Region: 1 | Available routes: [{'id': '525', 'name': 'Проход 3'}, {'id': '520', 'name': 'Змеиное логово, ответвление 1'}]
2026-02-18 20:50:28 | DEBUG | PokePowerRequests | Initialization completed, data collected...
2026-02-18 20:50:28 | DEBUG | PokePowerRequests | Pokemon: #151 Арамис | Lvl: 100 | HP: 0 | Gender: genderless | Active: False
2026-02-18 20:50:28 | DEBUG | PokePowerRequests | Pokemon: #563 Клеопатра | Lvl: 100 | HP: 321 | Gender: venus | Active: True
2026-02-18 20:50:28 | DEBUG | PokePowerRequests | Pokemon: #788 Тапу Фини | Lvl: 100 | HP: 324 | Gender: genderless | Active: False
2026-02-18 20:50:28 | DEBUG | PokePowerRequests | Successfully collected information about the user's Pokemon team...
2026-02-18 20:50:28 | DEBUG | PokePowerRequests | Collected data on available pokeballs:
        [['Гритбол', 3], ['Фастбол', 7], ['Покебол', 80], ['Тыквобол', 6], ['Генобол', 190], ['Ультрабол', 16], ['Даскбол', 3], ['Мастербол', 49], ['Шайнибол', 58], ['Взломанный Шайнибол', 12], ['Дистанцбол', 14]]
2026-02-18 20:50:28 | DEBUG | PokePowerRequests | Received ID of the Pokeball selected for catching - None
2026-02-18 20:50:28 | DEBUG | PokePowerRequests | Current value of completed battles - 325
2026-02-18 20:50:28 | INFO | PokePowerRequests | BATTLE_START | Enemy: #024 'Арбок' | Level: 33
2026-02-18 20:50:28 | INFO | PokePowerRequests | BATTLE_ACTION | ATTACK | Description: Сглаз: 7/10
2026-02-18 20:50:28 | INFO | PokePowerRequests | INVENTORY | ADD | Монета | Count: 21
2026-02-18 20:50:28 | DEBUG | PokePowerRequests | Update request - sent
2026-02-18 20:50:31 | DEBUG | PokePowerRequests | Update request - sent
2026-02-18 20:50:34 | DEBUG | PokePowerRequests | Update request - sent
2026-02-18 20:50:37 | DEBUG | PokePowerRequests | Update request - sent
2026-02-18 20:50:37 | INFO | PokePowerRequests | BATTLE_START | Enemy: #024 'Арбок' | Level: 35
2026-02-18 20:50:37 | INFO | PokePowerRequests | BATTLE_ACTION | ATTACK | Description: Сглаз: 6/10
2026-02-18 20:50:37 | INFO | PokePowerRequests | INVENTORY | ADD | Монета | Count: 21
2026-02-18 20:50:40 | DEBUG | PokePowerRequests | Update request - sent
2026-02-18 20:50:43 | DEBUG | PokePowerRequests | Update request - sent
2026-02-18 20:50:46 | DEBUG | PokePowerRequests | Update request - sent
2026-02-18 20:50:49 | DEBUG | PokePowerRequests | Update request - sent
2026-02-18 20:50:53 | DEBUG | PokePowerRequests | Update request - sent
2026-02-18 20:50:56 | DEBUG | PokePowerRequests | Update request - sent
2026-02-18 20:50:56 | INFO | PokePowerRequests | BATTLE_START | Enemy: #024 'Арбок' | Level: 30
2026-02-18 20:50:56 | INFO | PokePowerRequests | BATTLE_ACTION | ATTACK | Description: Сглаз: 5/10
2026-02-18 20:50:56 | INFO | PokePowerRequests | INVENTORY | ADD | Монета | Count: 25
2026-02-18 20:50:59 | DEBUG | PokePowerRequests | Update request - sent
2026-02-18 20:51:02 | DEBUG | PokePowerRequests | Update request - sent
2026-02-18 20:51:05 | DEBUG | PokePowerRequests | Update request - sent
2026-02-18 20:51:08 | DEBUG | PokePowerRequests | Update request - sent
2026-02-18 20:51:11 | DEBUG | PokePowerRequests | Update request - sent
2026-02-18 20:51:11 | INFO | PokePowerRequests | BATTLE_START | Enemy: #024 'Арбок' | Level: 27
2026-02-18 20:51:11 | INFO | PokePowerRequests | BATTLE_ACTION | ATTACK | Description: Сглаз: 4/10
2026-02-18 20:51:11 | INFO | PokePowerRequests | INVENTORY | ADD | Монета | Count: 25
2026-02-18 20:51:14 | DEBUG | PokePowerRequests | Update request - sent
2026-02-18 20:51:17 | DEBUG | PokePowerRequests | Update request - sent
2026-02-18 20:51:20 | DEBUG | PokePowerRequests | Update request - sent
2026-02-18 20:51:23 | DEBUG | PokePowerRequests | Update request - sent
2026-02-18 20:51:26 | DEBUG | PokePowerRequests | Update request - sent
2026-02-18 20:51:30 | DEBUG | PokePowerRequests | Update request - sent
2026-02-18 20:51:30 | INFO | PokePowerRequests | BATTLE_START | Enemy: #024 'Арбок' | Level: 31
2026-02-18 20:51:30 | INFO | PokePowerRequests | BATTLE_ACTION | ATTACK | Description: Сглаз: 3/10
2026-02-18 20:51:30 | INFO | PokePowerRequests | INVENTORY | ADD | Монета | Count: 22
2026-02-18 20:51:33 | DEBUG | PokePowerRequests | Update request - sent
2026-02-18 20:51:36 | DEBUG | PokePowerRequests | Update request - sent
2026-02-18 20:51:39 | DEBUG | PokePowerRequests | Update request - sent
2026-02-18 20:51:42 | DEBUG | PokePowerRequests | Update request - sent
2026-02-18 20:51:45 | DEBUG | PokePowerRequests | Update request - sent
2026-02-18 20:51:48 | DEBUG | PokePowerRequests | Update request - sent
2026-02-18 20:51:48 | INFO | PokePowerRequests | BATTLE_START | Enemy: #024 'Арбок' | Level: 31
2026-02-18 20:51:48 | INFO | PokePowerRequests | BATTLE_ACTION | ATTACK | Description: Сглаз: 2/10
2026-02-18 20:51:48 | INFO | PokePowerRequests | INVENTORY | ADD | Монета | Count: 26
2026-02-18 20:51:51 | DEBUG | PokePowerRequests | Update request - sent
2026-02-18 20:51:54 | DEBUG | PokePowerRequests | Update request - sent
2026-02-18 20:51:57 | DEBUG | PokePowerRequests | Update request - sent
2026-02-18 20:52:00 | DEBUG | PokePowerRequests | Update request - sent
2026-02-18 20:52:03 | DEBUG | PokePowerRequests | Update request - sent
2026-02-18 20:52:07 | DEBUG | PokePowerRequests | Update request - sent
2026-02-18 20:52:10 | DEBUG | PokePowerRequests | Update request - sent
2026-02-18 20:52:13 | DEBUG | PokePowerRequests | Update request - sent
2026-02-18 20:52:13 | INFO | PokePowerRequests | BATTLE_START | Enemy: #462 'Магнезон' | Level: 71
2026-02-18 20:52:13 | INFO | PokePowerRequests | BATTLE_ACTION | ATTACK | Description: Сглаз: 1/10
2026-02-18 20:52:13 | INFO | PokePowerRequests | BATTLE_ACTION | ATTACK | Description: Сглаз: 0/10
2026-02-18 20:52:13 | INFO | PokePowerRequests | INVENTORY | ADD | Монета | Count: 23
2026-02-18 20:52:13 | DEBUG | PokePowerRequests | Move to - 520
2026-02-18 20:52:13 | DEBUG | PokePowerRequests | Location data collected | Location name: Змеиное логово, ответвление 1 | ID: 520 | Region: 1 | Available routes: [{'id': '521', 'name': 'Змеиное логово, ответвление 2'}, {'id': '522', 'name': 'Змеиное логово, ответвление 3'}]
2026-02-18 20:52:13 | DEBUG | PokePowerRequests | Move to - 522
2026-02-18 20:52:13 | DEBUG | PokePowerRequests | Location data collected | Location name: Змеиное логово, ответвление 3 | ID: 522 | Region: 1 | Available routes: [{'id': '520', 'name': 'Змеиное логово, ответвление 1'}, {'id': '521', 'name': 'Змеиное логово, ответвление 2'}, {'id': '527', 'name': 'Проход 4'}]
2026-02-18 20:52:13 | DEBUG | PokePowerRequests | Move to - 527
2026-02-18 20:52:13 | DEBUG | PokePowerRequests | Location data collected | Location name: Проход 4 | ID: 527 | Region: 1 | Available routes: [{'id': '519', 'name': 'Проход 1'}, {'id': '525', 'name': 'Проход 3'}, {'id': '528', 'name': 'Выход'}]
2026-02-18 20:52:13 | DEBUG | PokePowerRequests | Move to - 528
2026-02-18 20:52:13 | DEBUG | PokePowerRequests | Location data collected | Location name: Дорога 9 | ID: 35 | Region: 1 | Available routes: [{'id': '31', 'name': 'Церулин'}, {'id': '37', 'name': 'Разрушенная электростанция'}]
2026-02-18 20:52:13 | DEBUG | PokePowerRequests | Move to - 31
2026-02-18 20:52:13 | DEBUG | PokePowerRequests | Location data collected | Location name: Церулин | ID: 31 | Region: 1 | Available routes: [{'id': '32', 'name': 'Покецентр'}, {'id': '33', 'name': 'Дорога 4'}, {'id': '35', 'name': 'Дорога 9'}, {'id': '58', 'name': 'Покемаркет'}, {'id': '228', 'name': 'Торговый центр «Пиджеот»'}]
2026-02-18 20:52:13 | DEBUG | PokePowerRequests | Move to - 32
2026-02-18 20:52:13 | DEBUG | PokePowerRequests | Location data collected | Location name: Покецентр | ID: 32 | Region: 1 | Available routes: [{'id': '31', 'name': 'Церулин'}]
2026-02-18 20:52:13 | INFO | PokePowerRequests | POKECENTER | HEAL | Reason: Pokemons has a small amount of HP
2026-02-18 20:52:13 | DEBUG | PokePowerRequests | Successfully collected information about the user's Pokemon team...
2026-02-18 20:52:13 | DEBUG | PokePowerRequests | Move to - 31
2026-02-18 20:52:13 | DEBUG | PokePowerRequests | Location data collected | Location name: Церулин | ID: 31 | Region: 1 | Available routes: [{'id': '32', 'name': 'Покецентр'}, {'id': '33', 'name': 'Дорога 4'}, {'id': '35', 'name': 'Дорога 9'}, {'id': '58', 'name': 'Покемаркет'}, {'id': '228', 'name': 'Торговый центр «Пиджеот»'}]
2026-02-18 20:52:13 | DEBUG | PokePowerRequests | Move to - 33
2026-02-18 20:52:13 | DEBUG | PokePowerRequests | Location data collected | Location name: Дорога 4 | ID: 33 | Region: 1 | Available routes: [{'id': '31', 'name': 'Церулин'}, {'id': '34', 'name': 'Лунная гора'}, {'id': '529', 'name': 'Спуск'}]
2026-02-18 20:52:13 | DEBUG | PokePowerRequests | Move to - 529
2026-02-18 20:52:13 | DEBUG | PokePowerRequests | Location data collected | Location name: Перекресток | ID: 30 | Region: 1 | Available routes: [{'id': '28', 'name': 'Шафрания'}, {'id': '413', 'name': 'Ядовитый стадион'}]
2026-02-18 20:52:13 | DEBUG | PokePowerRequests | Move to - 28
2026-02-18 20:52:13 | DEBUG | PokePowerRequests | Location data collected | Location name: Шафрания | ID: 28 | Region: 1 | Available routes: [{'id': '27', 'name': 'Дорога 7'}, {'id': '29', 'name': 'Покецентр'}, {'id': '30', 'name': 'Перекресток'}, {'id': '41', 'name': 'Дорога 8'}, {'id': '47', 'name': 'Дорога 6'}, {'id': '57', 'name': 'Покемаркет'}, {'id': '409', 'name': 'Стадион драконов'}]
2026-02-18 20:52:13 | DEBUG | PokePowerRequests | Move to - 41
2026-02-18 20:52:13 | DEBUG | PokePowerRequests | Location data collected | Location name: Дорога 8 | ID: 41 | Region: 1 | Available routes: [{'id': '39', 'name': 'Лавендер'}, {'id': '28', 'name': 'Шафрания'}, {'id': '227', 'name': 'Ферма'}]
2026-02-18 20:52:13 | DEBUG | PokePowerRequests | Move to - 39
2026-02-18 20:52:13 | DEBUG | PokePowerRequests | Location data collected | Location name: Лавендер | ID: 39 | Region: 1 | Available routes: [{'id': '38', 'name': 'Дорога 10'}, {'id': '40', 'name': 'Покецентр'}, {'id': '41', 'name': 'Дорога 8'}, {'id': '42', 'name': 'Дорога 12'}, {'id': '59', 'name': 'Покемаркет'}, {'id': '223', 'name': 'Аптека Лавендера'}]
2026-02-18 20:52:13 | DEBUG | PokePowerRequests | Move to - 38
2026-02-18 20:52:13 | DEBUG | PokePowerRequests | Location data collected | Location name: Дорога 10 | ID: 38 | Region: 1 | Available routes: [{'id': '36', 'name': 'Вход в лабиринт'}, {'id': '39', 'name': 'Лавендер'}]
2026-02-18 20:52:14 | DEBUG | PokePowerRequests | Move to - 36
2026-02-18 20:52:14 | DEBUG | PokePowerRequests | Location data collected | Location name: Коридор 1 | ID: 509 | Region: 1 | Available routes: [{'id': '510', 'name': 'Коридор 2'}, {'id': '512', 'name': 'Коридор 4'}, {'id': '514', 'name': 'Коридор 6'}]
2026-02-18 20:52:14 | DEBUG | PokePowerRequests | Move to - 510
2026-02-18 20:52:14 | DEBUG | PokePowerRequests | Location data collected | Location name: Коридор 2 | ID: 510 | Region: 1 | Available routes: [{'id': '513', 'name': 'Коридор 5'}, {'id': '514', 'name': 'Коридор 6'}]
2026-02-18 20:52:14 | DEBUG | PokePowerRequests | Move to - 513
2026-02-18 20:52:14 | DEBUG | PokePowerRequests | Location data collected | Location name: Коридор 1 | ID: 509 | Region: 1 | Available routes: [{'id': '510', 'name': 'Коридор 2'}, {'id': '512', 'name': 'Коридор 4'}, {'id': '514', 'name': 'Коридор 6'}]
2026-02-18 20:52:14 | DEBUG | PokePowerRequests | Move to - 510
2026-02-18 20:52:14 | DEBUG | PokePowerRequests | Location data collected | Location name: Коридор 2 | ID: 510 | Region: 1 | Available routes: [{'id': '513', 'name': 'Коридор 5'}, {'id': '514', 'name': 'Коридор 6'}]
2026-02-18 20:52:14 | DEBUG | PokePowerRequests | Move to - 513
2026-02-18 20:52:14 | DEBUG | PokePowerRequests | Location data collected | Location name: Коридор 5 | ID: 513 | Region: 1 | Available routes: [{'id': '509', 'name': 'Коридор 1'}, {'id': '510', 'name': 'Коридор 2'}, {'id': '517', 'name': 'Коридор 9'}]
2026-02-18 20:52:14 | DEBUG | PokePowerRequests | Move to - 517
2026-02-18 20:52:14 | DEBUG | PokePowerRequests | Location data collected | Location name: Коридор 9 | ID: 517 | Region: 1 | Available routes: [{'id': '511', 'name': 'Коридор 3'}, {'id': '512', 'name': 'Коридор 4'}, {'id': '516', 'name': 'Коридор 8'}, {'id': '541', 'name': 'Потайная стена'}]
2026-02-18 20:52:14 | DEBUG | PokePowerRequests | Move to - 516
2026-02-18 20:52:14 | DEBUG | PokePowerRequests | Location data collected | Location name: Коридор 8 | ID: 516 | Region: 1 | Available routes: [{'id': '510', 'name': 'Коридор 2'}, {'id': '513', 'name': 'Коридор 5'}, {'id': '515', 'name': 'Коридор 7'}]
2026-02-18 20:52:14 | DEBUG | PokePowerRequests | Move to - 515
2026-02-18 20:52:14 | DEBUG | PokePowerRequests | Location data collected | Location name: Гранитный зал | ID: 518 | Region: 1 | Available routes: [{'id': '519', 'name': 'Проход 1'}, {'id': '523', 'name': 'Проход 2'}, {'id': '525', 'name': 'Проход 3'}]
2026-02-18 20:52:14 | DEBUG | PokePowerRequests | Move to - 519
2026-02-18 20:52:14 | DEBUG | PokePowerRequests | Location data collected | Location name: Проход 1 | ID: 519 | Region: 1 | Available routes: [{'id': '526', 'name': 'Заброшенная исследовательская база'}, {'id': '518', 'name': 'Гранитный зал'}]
2026-02-18 20:52:14 | DEBUG | PokePowerRequests | Move to - 526
2026-02-18 20:52:14 | DEBUG | PokePowerRequests | Location data collected | Location name: Заброшенная исследовательская база | ID: 526 | Region: 1 | Available routes: [{'id': '525', 'name': 'Проход 3'}, {'id': '520', 'name': 'Змеиное логово, ответвление 1'}]
2026-02-18 20:52:17 | DEBUG | PokePowerRequests | Update request - sent
2026-02-18 20:52:20 | DEBUG | PokePowerRequests | Update request - sent
2026-02-18 20:52:23 | DEBUG | PokePowerRequests | Update request - sent
2026-02-18 20:52:26 | DEBUG | PokePowerRequests | Update request - sent
2026-02-18 20:52:29 | DEBUG | PokePowerRequests | Update request - sent
2026-02-18 20:52:32 | DEBUG | PokePowerRequests | Update request - sent
2026-02-18 20:52:35 | DEBUG | PokePowerRequests | Update request - sent
2026-02-18 20:52:35 | INFO | PokePowerRequests | BATTLE_START | Enemy: #462 'Магнезон' | Level: 66
2026-02-18 20:52:35 | INFO | PokePowerRequests | BATTLE_ACTION | ATTACK | Description: Сглаз: 9/10
2026-02-18 20:52:35 | INFO | PokePowerRequests | BATTLE_ACTION | ATTACK | Description: Сглаз: 8/10
2026-02-18 20:52:35 | INFO | PokePowerRequests | INVENTORY | ADD | Монета | Count: 24
2026-02-18 20:52:39 | DEBUG | PokePowerRequests | Update request - sent
2026-02-18 20:52:42 | DEBUG | PokePowerRequests | Update request - sent
2026-02-18 20:52:45 | DEBUG | PokePowerRequests | Update request - sent
2026-02-18 20:52:48 | DEBUG | PokePowerRequests | Update request - sent
2026-02-18 20:52:49 | INFO | PokePowerRequests | BOT_STOPPED |
2026-02-18 20:53:21 | INFO | PokePowerRequests | BOT_STARTED
2026-02-18 20:53:21 | DEBUG | PokePowerRequests | Successful authorization...
2026-02-18 20:53:22 | DEBUG | PokePowerRequests | Socket connection successfully established...
2026-02-18 20:53:22 | DEBUG | PokePowerRequests | Location data collected | Location name: Заброшенная исследовательская база | ID: 526 | Region: 1 | Available routes: [{'id': '525', 'name': 'Проход 3'}, {'id': '520', 'name': 'Змеиное логово, ответвление 1'}]
2026-02-18 20:53:22 | DEBUG | PokePowerRequests | Initialization completed, data collected...
2026-02-18 20:53:22 | DEBUG | PokePowerRequests | Pokemon: #151 Арамис | Lvl: 100 | HP: 402 | Gender: genderless | Active: False
2026-02-18 20:53:22 | DEBUG | PokePowerRequests | Pokemon: #563 Клеопатра | Lvl: 100 | HP: 321 | Gender: venus | Active: True
2026-02-18 20:53:22 | DEBUG | PokePowerRequests | Pokemon: #788 Тапу Фини | Lvl: 100 | HP: 345 | Gender: genderless | Active: False
2026-02-18 20:53:22 | DEBUG | PokePowerRequests | Successfully collected information about the user's Pokemon team...
2026-02-18 20:53:22 | DEBUG | PokePowerRequests | Collected data on available pokeballs:
        [['Гритбол', 3], ['Фастбол', 7], ['Покебол', 80], ['Тыквобол', 6], ['Генобол', 190], ['Ультрабол', 16], ['Даскбол', 3], ['Мастербол', 49], ['Шайнибол', 58], ['Взломанный Шайнибол', 12], ['Дистанцбол', 14]]
2026-02-18 20:53:22 | DEBUG | PokePowerRequests | Received ID of the Pokeball selected for catching - None
2026-02-18 20:53:22 | DEBUG | PokePowerRequests | Current value of completed battles - 333
2026-02-18 20:53:22 | DEBUG | PokePowerRequests | Update request - sent
2026-02-18 20:53:22 | INFO | PokePowerRequests | BATTLE_START | Enemy: #024 'Арбок' | Level: 28
2026-02-18 20:53:22 | INFO | PokePowerRequests | BATTLE_ACTION | ATTACK | Description: Сглаз: 7/10
2026-02-18 20:53:22 | INFO | PokePowerRequests | INVENTORY | ADD | Монета | Count: 21
2026-02-18 20:53:25 | DEBUG | PokePowerRequests | Update request - sent
2026-02-18 20:53:28 | DEBUG | PokePowerRequests | Update request - sent
2026-02-18 20:53:31 | DEBUG | PokePowerRequests | Update request - sent
2026-02-18 20:53:34 | DEBUG | PokePowerRequests | Update request - sent
2026-02-18 20:53:37 | DEBUG | PokePowerRequests | Update request - sent
2026-02-18 20:53:41 | DEBUG | PokePowerRequests | Update request - sent
2026-02-18 20:53:41 | INFO | PokePowerRequests | BATTLE_START | Enemy: #462 'Магнезон' | Level: 66
2026-02-18 20:53:41 | INFO | PokePowerRequests | BATTLE_ACTION | ATTACK | Description: Сглаз: 6/10
2026-02-18 20:53:41 | INFO | PokePowerRequests | BATTLE_ACTION | ATTACK | Description: Сглаз: 5/10
2026-02-18 20:53:41 | INFO | PokePowerRequests | INVENTORY | ADD | Монета | Count: 28
2026-02-18 20:53:44 | DEBUG | PokePowerRequests | Update request - sent
2026-02-18 20:53:47 | DEBUG | PokePowerRequests | Update request - sent
2026-02-18 20:53:50 | DEBUG | PokePowerRequests | Update request - sent
2026-02-18 20:53:53 | DEBUG | PokePowerRequests | Update request - sent
2026-02-18 20:53:56 | DEBUG | PokePowerRequests | Update request - sent
2026-02-18 20:53:59 | DEBUG | PokePowerRequests | Update request - sent
2026-02-18 20:53:59 | INFO | PokePowerRequests | BATTLE_START | Enemy: #462 'Магнезон' | Level: 79
2026-02-18 20:53:59 | INFO | PokePowerRequests | BATTLE_ACTION | ATTACK | Description: Сглаз: 4/10
2026-02-18 20:53:59 | INFO | PokePowerRequests | BATTLE_ACTION | ATTACK | Description: Сглаз: 3/10
2026-02-18 20:53:59 | INFO | PokePowerRequests | INVENTORY | ADD | Монета | Count: 27
2026-02-18 20:54:03 | DEBUG | PokePowerRequests | Update request - sent
2026-02-18 20:54:06 | DEBUG | PokePowerRequests | Update request - sent
2026-02-18 20:54:09 | DEBUG | PokePowerRequests | Update request - sent
2026-02-18 20:54:12 | DEBUG | PokePowerRequests | Update request - sent
2026-02-18 20:54:15 | DEBUG | PokePowerRequests | Update request - sent
2026-02-18 20:54:18 | DEBUG | PokePowerRequests | Update request - sent
2026-02-18 20:54:21 | DEBUG | PokePowerRequests | Update request - sent
2026-02-18 20:54:21 | INFO | PokePowerRequests | BATTLE_START | Enemy: #024 'Арбок' | Level: 26
2026-02-18 20:54:21 | INFO | PokePowerRequests | BATTLE_ACTION | ATTACK | Description: Сглаз: 2/10
2026-02-18 20:54:21 | INFO | PokePowerRequests | INVENTORY | ADD | Монета | Count: 25
2026-02-18 20:54:24 | DEBUG | PokePowerRequests | Update request - sent
2026-02-18 20:54:27 | DEBUG | PokePowerRequests | Update request - sent
2026-02-18 20:54:31 | DEBUG | PokePowerRequests | Update request - sent
2026-02-18 20:54:34 | DEBUG | PokePowerRequests | Update request - sent
2026-02-18 20:54:37 | DEBUG | PokePowerRequests | Update request - sent
2026-02-18 20:54:37 | INFO | PokePowerRequests | BATTLE_START | Enemy: #024 'Арбок' | Level: 29
2026-02-18 20:54:37 | INFO | PokePowerRequests | BATTLE_ACTION | ATTACK | Description: Сглаз: 1/10
2026-02-18 20:54:37 | INFO | PokePowerRequests | INVENTORY | ADD | Монета | Count: 21
2026-02-18 20:54:40 | DEBUG | PokePowerRequests | Update request - sent
2026-02-18 20:54:43 | DEBUG | PokePowerRequests | Update request - sent
2026-02-18 20:54:46 | DEBUG | PokePowerRequests | Update request - sent
2026-02-18 20:54:49 | DEBUG | PokePowerRequests | Update request - sent
2026-02-18 20:54:52 | DEBUG | PokePowerRequests | Update request - sent
2026-02-18 20:54:55 | DEBUG | PokePowerRequests | Update request - sent
2026-02-18 20:54:55 | INFO | PokePowerRequests | BATTLE_START | Enemy: #462 'Магнезон' | Level: 79
2026-02-18 20:54:56 | INFO | PokePowerRequests | BATTLE_ACTION | CHANGE | Description: Change current pokemon to: #151 Арамис
2026-02-18 20:54:56 | INFO | PokePowerRequests | BATTLE_ACTION | ATTACK | Description: Огнемет: 14/15
2026-02-18 20:54:56 | INFO | PokePowerRequests | INVENTORY | ADD | Монета | Count: 25
2026-02-18 20:54:56 | INFO | PokePowerRequests | INVENTORY | ADD | Снежок | Count: 1
2026-02-18 20:54:56 | INFO | PokePowerRequests | BATTLE_ACTION | START | Description: Start pokémon are now: #151 Арамис
2026-02-18 20:54:59 | DEBUG | PokePowerRequests | Update request - sent
2026-02-18 20:55:02 | DEBUG | PokePowerRequests | Update request - sent
2026-02-18 20:55:05 | DEBUG | PokePowerRequests | Update request - sent
2026-02-18 20:55:08 | DEBUG | PokePowerRequests | Update request - sent
2026-02-18 20:55:11 | DEBUG | PokePowerRequests | Update request - sent
2026-02-18 20:55:11 | INFO | PokePowerRequests | BATTLE_START | Enemy: #024 'Арбок' | Level: 35
2026-02-18 20:55:11 | INFO | PokePowerRequests | BATTLE_ACTION | ATTACK | Description: Психошок: 9/10
2026-02-18 20:55:11 | INFO | PokePowerRequests | INVENTORY | ADD | Монета | Count: 21
2026-02-18 20:55:14 | DEBUG | PokePowerRequests | Update request - sent
2026-02-18 20:55:17 | DEBUG | PokePowerRequests | Update request - sent
2026-02-18 20:55:20 | DEBUG | PokePowerRequests | Update request - sent
2026-02-18 20:55:24 | DEBUG | PokePowerRequests | Update request - sent
2026-02-18 20:55:27 | DEBUG | PokePowerRequests | Update request - sent
2026-02-18 20:55:27 | INFO | PokePowerRequests | BATTLE_START | Enemy: #024 'Арбок' | Level: 25
2026-02-18 20:55:27 | INFO | PokePowerRequests | BATTLE_ACTION | ATTACK | Description: Психошок: 8/10
2026-02-18 20:55:27 | INFO | PokePowerRequests | INVENTORY | ADD | Монета | Count: 24
2026-02-18 20:55:30 | DEBUG | PokePowerRequests | Update request - sent
2026-02-18 20:55:33 | DEBUG | PokePowerRequests | Update request - sent
2026-02-18 20:55:36 | DEBUG | PokePowerRequests | Update request - sent
2026-02-18 20:55:40 | DEBUG | PokePowerRequests | Update request - sent
2026-02-18 20:55:43 | DEBUG | PokePowerRequests | Update request - sent
2026-02-18 20:55:46 | DEBUG | PokePowerRequests | Update request - sent
2026-02-18 20:55:46 | INFO | PokePowerRequests | BATTLE_START | Enemy: #024 'Арбок' | Level: 26
2026-02-18 20:55:46 | INFO | PokePowerRequests | BATTLE_ACTION | ATTACK | Description: Психошок: 7/10
2026-02-18 20:55:46 | INFO | PokePowerRequests | INVENTORY | ADD | Монета | Count: 22
2026-02-18 20:55:49 | DEBUG | PokePowerRequests | Update request - sent
2026-02-18 20:55:52 | DEBUG | PokePowerRequests | Update request - sent
2026-02-18 20:55:55 | DEBUG | PokePowerRequests | Update request - sent
2026-02-18 20:55:58 | DEBUG | PokePowerRequests | Update request - sent
2026-02-18 20:56:01 | DEBUG | PokePowerRequests | Update request - sent
2026-02-18 20:56:04 | DEBUG | PokePowerRequests | Update request - sent
2026-02-18 20:56:08 | DEBUG | PokePowerRequests | Update request - sent
2026-02-18 20:56:08 | INFO | PokePowerRequests | BATTLE_START | Enemy: #462 'Магнезон' | Level: 65
2026-02-18 20:56:08 | INFO | PokePowerRequests | BATTLE_ACTION | ATTACK | Description: Огнемет: 13/15
2026-02-18 20:56:08 | INFO | PokePowerRequests | BATTLE_ACTION | ATTACK | Description: Огнемет: 12/15
2026-02-18 20:56:08 | INFO | PokePowerRequests | INVENTORY | ADD | Монета | Count: 28
2026-02-18 20:56:11 | DEBUG | PokePowerRequests | Update request - sent
2026-02-18 20:56:14 | DEBUG | PokePowerRequests | Update request - sent
2026-02-18 20:56:17 | DEBUG | PokePowerRequests | Update request - sent
2026-02-18 20:56:20 | DEBUG | PokePowerRequests | Update request - sent
2026-02-18 20:56:23 | DEBUG | PokePowerRequests | Update request - sent
2026-02-18 20:56:23 | INFO | PokePowerRequests | BATTLE_START | Enemy: #024 'Арбок' | Level: 29
2026-02-18 20:56:23 | INFO | PokePowerRequests | BATTLE_ACTION | ATTACK | Description: Психошок: 6/10
2026-02-18 20:56:23 | INFO | PokePowerRequests | INVENTORY | ADD | Монета | Count: 21
2026-02-18 20:56:26 | DEBUG | PokePowerRequests | Update request - sent
2026-02-18 20:56:29 | DEBUG | PokePowerRequests | Update request - sent
2026-02-18 20:56:32 | DEBUG | PokePowerRequests | Update request - sent
2026-02-18 20:56:36 | DEBUG | PokePowerRequests | Update request - sent
2026-02-18 20:56:36 | INFO | PokePowerRequests | BATTLE_START | Enemy: #024 'Арбок' | Level: 32
2026-02-18 20:56:36 | INFO | PokePowerRequests | BATTLE_ACTION | ATTACK | Description: Психошок: 5/10
2026-02-18 20:56:36 | INFO | PokePowerRequests | INVENTORY | ADD | Монета | Count: 25
2026-02-18 20:56:39 | DEBUG | PokePowerRequests | Update request - sent
2026-02-18 20:56:42 | DEBUG | PokePowerRequests | Update request - sent
2026-02-18 20:56:45 | DEBUG | PokePowerRequests | Update request - sent
2026-02-18 20:56:48 | DEBUG | PokePowerRequests | Update request - sent
2026-02-18 20:56:48 | INFO | PokePowerRequests | BATTLE_START | Enemy: #024 'Арбок' | Level: 29
2026-02-18 20:56:48 | INFO | PokePowerRequests | BATTLE_ACTION | ATTACK | Description: Психошок: 4/10
2026-02-18 20:56:48 | INFO | PokePowerRequests | INVENTORY | ADD | Монета | Count: 21
2026-02-18 20:56:51 | DEBUG | PokePowerRequests | Update request - sent
2026-02-18 20:56:54 | DEBUG | PokePowerRequests | Update request - sent
2026-02-18 20:56:57 | DEBUG | PokePowerRequests | Update request - sent
2026-02-18 20:57:00 | DEBUG | PokePowerRequests | Update request - sent
2026-02-18 20:57:04 | DEBUG | PokePowerRequests | Update request - sent
2026-02-18 20:57:04 | INFO | PokePowerRequests | BATTLE_START | Enemy: #024 'Арбок' | Level: 30
2026-02-18 20:57:04 | INFO | PokePowerRequests | BATTLE_ACTION | ATTACK | Description: Психошок: 3/10
2026-02-18 20:57:04 | INFO | PokePowerRequests | INVENTORY | ADD | Монета | Count: 23
2026-02-18 20:57:04 | INFO | PokePowerRequests | INVENTORY | ADD | Хрустальный ящик | Count: 1
2026-02-18 20:57:07 | DEBUG | PokePowerRequests | Update request - sent
2026-02-18 20:57:10 | DEBUG | PokePowerRequests | Update request - sent
2026-02-18 20:57:13 | DEBUG | PokePowerRequests | Update request - sent
2026-02-18 20:57:16 | DEBUG | PokePowerRequests | Update request - sent
2026-02-18 20:57:16 | INFO | PokePowerRequests | BATTLE_START | Enemy: #024 'Арбок' | Level: 25
2026-02-18 20:57:16 | INFO | PokePowerRequests | BATTLE_ACTION | ATTACK | Description: Психошок: 2/10
2026-02-18 20:57:16 | INFO | PokePowerRequests | INVENTORY | ADD | Монета | Count: 25
2026-02-18 20:57:19 | DEBUG | PokePowerRequests | Update request - sent
2026-02-18 20:57:22 | DEBUG | PokePowerRequests | Update request - sent
2026-02-18 20:57:25 | DEBUG | PokePowerRequests | Update request - sent
2026-02-18 20:57:28 | DEBUG | PokePowerRequests | Update request - sent
2026-02-18 20:57:32 | DEBUG | PokePowerRequests | Update request - sent
2026-02-18 20:57:35 | DEBUG | PokePowerRequests | Update request - sent
2026-02-18 20:57:38 | DEBUG | PokePowerRequests | Update request - sent
2026-02-18 20:57:38 | INFO | PokePowerRequests | BATTLE_START | Enemy: #462 'Магнезон' | Level: 76
2026-02-18 20:57:38 | INFO | PokePowerRequests | BATTLE_ACTION | ATTACK | Description: Огнемет: 11/15
2026-02-18 20:57:38 | INFO | PokePowerRequests | INVENTORY | ADD | Монета | Count: 29
2026-02-18 20:57:41 | DEBUG | PokePowerRequests | Update request - sent
2026-02-18 20:57:44 | DEBUG | PokePowerRequests | Update request - sent
2026-02-18 20:57:47 | DEBUG | PokePowerRequests | Update request - sent
2026-02-18 20:57:50 | DEBUG | PokePowerRequests | Update request - sent
2026-02-18 20:57:53 | DEBUG | PokePowerRequests | Update request - sent
2026-02-18 20:57:56 | DEBUG | PokePowerRequests | Update request - sent
2026-02-18 20:57:56 | INFO | PokePowerRequests | BATTLE_START | Enemy: #024 'Арбок' | Level: 29
2026-02-18 20:57:56 | INFO | PokePowerRequests | BATTLE_ACTION | ATTACK | Description: Психошок: 1/10
2026-02-18 20:57:56 | INFO | PokePowerRequests | INVENTORY | ADD | Монета | Count: 26
2026-02-18 20:57:59 | DEBUG | PokePowerRequests | Update request - sent
2026-02-18 20:58:02 | DEBUG | PokePowerRequests | Update request - sent
2026-02-18 20:58:05 | DEBUG | PokePowerRequests | Update request - sent
2026-02-18 20:58:08 | DEBUG | PokePowerRequests | Update request - sent
2026-02-18 20:58:12 | DEBUG | PokePowerRequests | Update request - sent
2026-02-18 20:58:15 | DEBUG | PokePowerRequests | Update request - sent
2026-02-18 20:58:18 | DEBUG | PokePowerRequests | Update request - sent
2026-02-18 20:58:21 | DEBUG | PokePowerRequests | Update request - sent
2026-02-18 20:58:21 | INFO | PokePowerRequests | BATTLE_START | Enemy: #024 'Арбок' | Level: 35
2026-02-18 20:58:21 | INFO | PokePowerRequests | BATTLE_ACTION | ATTACK | Description: Психошок: 0/10
2026-02-18 20:58:21 | INFO | PokePowerRequests | INVENTORY | ADD | Монета | Count: 21
2026-02-18 20:58:21 | INFO | PokePowerRequests | INVENTORY | ADD | Снежок | Count: 1
2026-02-18 20:58:24 | DEBUG | PokePowerRequests | Update request - sent
2026-02-18 20:58:27 | DEBUG | PokePowerRequests | Update request - sent
2026-02-18 20:58:30 | DEBUG | PokePowerRequests | Update request - sent
2026-02-18 20:58:33 | DEBUG | PokePowerRequests | Update request - sent
2026-02-18 20:58:36 | DEBUG | PokePowerRequests | Update request - sent
2026-02-18 20:58:39 | DEBUG | PokePowerRequests | Update request - sent
2026-02-18 20:58:43 | DEBUG | PokePowerRequests | Update request - sent
2026-02-18 20:58:46 | DEBUG | PokePowerRequests | Update request - sent
2026-02-18 20:58:46 | INFO | PokePowerRequests | BATTLE_START | Enemy: #024 'Арбок' | Level: 25
2026-02-18 20:58:46 | INFO | PokePowerRequests | BATTLE_ACTION | ATTACK | Description: Молния: 14/15
2026-02-18 20:58:46 | INFO | PokePowerRequests | INVENTORY | ADD | Монета | Count: 26
2026-02-18 20:58:49 | DEBUG | PokePowerRequests | Update request - sent
2026-02-18 20:58:52 | DEBUG | PokePowerRequests | Update request - sent
2026-02-18 20:58:55 | DEBUG | PokePowerRequests | Update request - sent
2026-02-18 20:58:58 | DEBUG | PokePowerRequests | Update request - sent
2026-02-18 20:59:01 | DEBUG | PokePowerRequests | Update request - sent
2026-02-18 20:59:05 | DEBUG | PokePowerRequests | Update request - sent
2026-02-18 20:59:08 | DEBUG | PokePowerRequests | Update request - sent
2026-02-18 20:59:08 | INFO | PokePowerRequests | BATTLE_START | Enemy: #024 'Арбок' | Level: 28
2026-02-18 20:59:08 | INFO | PokePowerRequests | BATTLE_ACTION | ATTACK | Description: Молния: 13/15
2026-02-18 20:59:08 | INFO | PokePowerRequests | INVENTORY | ADD | Монета | Count: 21
2026-02-18 20:59:11 | DEBUG | PokePowerRequests | Update request - sent
2026-02-18 20:59:14 | DEBUG | PokePowerRequests | Update request - sent
2026-02-18 20:59:17 | DEBUG | PokePowerRequests | Update request - sent
2026-02-18 20:59:20 | DEBUG | PokePowerRequests | Update request - sent
2026-02-18 20:59:23 | DEBUG | PokePowerRequests | Update request - sent
2026-02-18 20:59:26 | DEBUG | PokePowerRequests | Update request - sent
2026-02-18 20:59:26 | INFO | PokePowerRequests | BATTLE_START | Enemy: #462 'Магнезон' | Level: 78
2026-02-18 20:59:26 | INFO | PokePowerRequests | BATTLE_ACTION | ATTACK | Description: Огнемет: 10/15
2026-02-18 20:59:27 | INFO | PokePowerRequests | BATTLE_ACTION | ATTACK | Description: Огнемет: 9/15
2026-02-18 20:59:27 | INFO | PokePowerRequests | INVENTORY | ADD | Монета | Count: 24
2026-02-18 20:59:27 | INFO | PokePowerRequests | INVENTORY | ADD | Электродетали | Count: 1
2026-02-18 20:59:30 | DEBUG | PokePowerRequests | Update request - sent
2026-02-18 20:59:33 | DEBUG | PokePowerRequests | Update request - sent
2026-02-18 20:59:36 | DEBUG | PokePowerRequests | Update request - sent
2026-02-18 20:59:39 | DEBUG | PokePowerRequests | Update request - sent
2026-02-18 20:59:42 | DEBUG | PokePowerRequests | Update request - sent
2026-02-18 20:59:45 | DEBUG | PokePowerRequests | Update request - sent
2026-02-18 20:59:45 | INFO | PokePowerRequests | BATTLE_START | Enemy: #024 'Арбок' | Level: 26
2026-02-18 20:59:45 | INFO | PokePowerRequests | BATTLE_ACTION | ATTACK | Description: Молния: 12/15
2026-02-18 20:59:45 | INFO | PokePowerRequests | INVENTORY | ADD | Монета | Count: 22
2026-02-18 20:59:48 | DEBUG | PokePowerRequests | Update request - sent
2026-02-18 20:59:51 | DEBUG | PokePowerRequests | Update request - sent
2026-02-18 20:59:54 | DEBUG | PokePowerRequests | Update request - sent
2026-02-18 20:59:58 | DEBUG | PokePowerRequests | Update request - sent
2026-02-18 21:00:01 | DEBUG | PokePowerRequests | Update request - sent
2026-02-18 21:00:04 | DEBUG | PokePowerRequests | Update request - sent
2026-02-18 21:00:07 | DEBUG | PokePowerRequests | Update request - sent
2026-02-18 21:00:07 | INFO | PokePowerRequests | BATTLE_START | Enemy: #024 'Арбок' | Level: 33
2026-02-18 21:00:07 | INFO | PokePowerRequests | BATTLE_ACTION | ATTACK | Description: Молния: 11/15
2026-02-18 21:00:07 | INFO | PokePowerRequests | INVENTORY | ADD | Монета | Count: 24
2026-02-18 21:00:10 | DEBUG | PokePowerRequests | Update request - sent
2026-02-18 21:00:13 | DEBUG | PokePowerRequests | Update request - sent
2026-02-18 21:00:16 | DEBUG | PokePowerRequests | Update request - sent
2026-02-18 21:00:19 | DEBUG | PokePowerRequests | Update request - sent
2026-02-18 21:00:22 | DEBUG | PokePowerRequests | Update request - sent
2026-02-18 21:00:22 | INFO | PokePowerRequests | BATTLE_START | Enemy: #024 'Арбок' | Level: 26
2026-02-18 21:00:22 | INFO | PokePowerRequests | BATTLE_ACTION | ATTACK | Description: Молния: 10/15
2026-02-18 21:00:22 | INFO | PokePowerRequests | INVENTORY | ADD | Монета | Count: 23
2026-02-18 21:00:25 | DEBUG | PokePowerRequests | Update request - sent
2026-02-18 21:00:28 | DEBUG | PokePowerRequests | Update request - sent
2026-02-18 21:00:32 | DEBUG | PokePowerRequests | Update request - sent
2026-02-18 21:00:35 | DEBUG | PokePowerRequests | Update request - sent
2026-02-18 21:00:38 | DEBUG | PokePowerRequests | Update request - sent
2026-02-18 21:00:41 | DEBUG | PokePowerRequests | Update request - sent
2026-02-18 21:00:44 | DEBUG | PokePowerRequests | Update request - sent
2026-02-18 21:00:44 | INFO | PokePowerRequests | BATTLE_START | Enemy: #024 'Арбок' | Level: 30
2026-02-18 21:00:44 | INFO | PokePowerRequests | BATTLE_ACTION | ATTACK | Description: Молния: 9/15
2026-02-18 21:00:44 | INFO | PokePowerRequests | INVENTORY | ADD | Монета | Count: 21
2026-02-18 21:00:47 | DEBUG | PokePowerRequests | Update request - sent
2026-02-18 21:00:50 | DEBUG | PokePowerRequests | Update request - sent
2026-02-18 21:00:53 | DEBUG | PokePowerRequests | Update request - sent
2026-02-18 21:00:56 | DEBUG | PokePowerRequests | Update request - sent
2026-02-18 21:00:59 | DEBUG | PokePowerRequests | Update request - sent
2026-02-18 21:01:02 | DEBUG | PokePowerRequests | Update request - sent
2026-02-18 21:01:05 | DEBUG | PokePowerRequests | Update request - sent
2026-02-18 21:01:05 | INFO | PokePowerRequests | BATTLE_START | Enemy: #024 'Арбок' | Level: 28
2026-02-18 21:01:05 | INFO | PokePowerRequests | BATTLE_ACTION | ATTACK | Description: Молния: 8/15
2026-02-18 21:01:05 | INFO | PokePowerRequests | INVENTORY | ADD | Монета | Count: 22
2026-02-18 21:01:09 | DEBUG | PokePowerRequests | Update request - sent
2026-02-18 21:01:12 | DEBUG | PokePowerRequests | Update request - sent
2026-02-18 21:01:15 | DEBUG | PokePowerRequests | Update request - sent
2026-02-18 21:01:18 | DEBUG | PokePowerRequests | Update request - sent
2026-02-18 21:01:21 | DEBUG | PokePowerRequests | Update request - sent
2026-02-18 21:01:21 | INFO | PokePowerRequests | BATTLE_START | Enemy: #024 'Арбок' | Level: 25
2026-02-18 21:01:21 | INFO | PokePowerRequests | BATTLE_ACTION | ATTACK | Description: Молния: 7/15
2026-02-18 21:01:21 | INFO | PokePowerRequests | INVENTORY | ADD | Монета | Count: 22
2026-02-18 21:01:24 | DEBUG | PokePowerRequests | Update request - sent
2026-02-18 21:01:27 | DEBUG | PokePowerRequests | Update request - sent
2026-02-18 21:01:30 | DEBUG | PokePowerRequests | Update request - sent
2026-02-18 21:01:33 | DEBUG | PokePowerRequests | Update request - sent
2026-02-18 21:01:36 | DEBUG | PokePowerRequests | Update request - sent
2026-02-18 21:01:39 | DEBUG | PokePowerRequests | Update request - sent
2026-02-18 21:01:39 | INFO | PokePowerRequests | BATTLE_START | Enemy: #462 'Магнезон' | Level: 80
2026-02-18 21:01:39 | INFO | PokePowerRequests | BATTLE_ACTION | ATTACK | Description: Огнемет: 8/15
2026-02-18 21:01:40 | INFO | PokePowerRequests | BATTLE_ACTION | ATTACK | Description: Огнемет: 7/15
2026-02-18 21:01:40 | INFO | PokePowerRequests | INVENTORY | ADD | Монета | Count: 24
2026-02-18 21:01:43 | DEBUG | PokePowerRequests | Update request - sent
2026-02-18 21:01:46 | DEBUG | PokePowerRequests | Update request - sent
2026-02-18 21:01:49 | DEBUG | PokePowerRequests | Update request - sent
2026-02-18 21:01:52 | DEBUG | PokePowerRequests | Update request - sent
2026-02-18 21:01:55 | DEBUG | PokePowerRequests | Update request - sent
2026-02-18 21:01:58 | DEBUG | PokePowerRequests | Update request - sent
2026-02-18 21:01:58 | INFO | PokePowerRequests | BATTLE_START | Enemy: #462 'Магнезон' | Level: 75
2026-02-18 21:01:58 | INFO | PokePowerRequests | BATTLE_ACTION | ATTACK | Description: Огнемет: 6/15
2026-02-18 21:01:58 | INFO | PokePowerRequests | INVENTORY | ADD | Монета | Count: 25
2026-02-18 21:02:01 | DEBUG | PokePowerRequests | Update request - sent
2026-02-18 21:02:04 | DEBUG | PokePowerRequests | Update request - sent
2026-02-18 21:02:07 | DEBUG | PokePowerRequests | Update request - sent
2026-02-18 21:02:11 | DEBUG | PokePowerRequests | Update request - sent
2026-02-18 21:02:14 | DEBUG | PokePowerRequests | Update request - sent
2026-02-18 21:02:17 | DEBUG | PokePowerRequests | Update request - sent
2026-02-18 21:02:17 | INFO | PokePowerRequests | BATTLE_START | Enemy: #462 'Магнезон' | Level: 77
2026-02-18 21:02:17 | INFO | PokePowerRequests | BATTLE_ACTION | ATTACK | Description: Огнемет: 5/15
2026-02-18 21:02:17 | INFO | PokePowerRequests | INVENTORY | ADD | Монета | Count: 23
2026-02-18 21:02:20 | DEBUG | PokePowerRequests | Update request - sent
2026-02-18 21:02:23 | DEBUG | PokePowerRequests | Update request - sent
2026-02-18 21:02:26 | DEBUG | PokePowerRequests | Update request - sent
2026-02-18 21:02:29 | DEBUG | PokePowerRequests | Update request - sent
2026-02-18 21:02:29 | INFO | PokePowerRequests | BATTLE_START | Enemy: #024 'Арбок' | Level: 26
2026-02-18 21:02:29 | INFO | PokePowerRequests | BATTLE_ACTION | CHANGE | Description: Change current pokemon to: #788 Тапу Фини
2026-02-18 21:02:29 | INFO | PokePowerRequests | BATTLE_ACTION | ATTACK | Description: Кипяток: 14/15
2026-02-18 21:02:29 | INFO | PokePowerRequests | INVENTORY | ADD | Монета | Count: 22
2026-02-18 21:02:29 | INFO | PokePowerRequests | BATTLE_ACTION | START | Description: Start pokémon are now: #788 Тапу Фини
2026-02-18 21:02:32 | DEBUG | PokePowerRequests | Update request - sent
2026-02-18 21:02:35 | DEBUG | PokePowerRequests | Update request - sent
2026-02-18 21:02:39 | DEBUG | PokePowerRequests | Update request - sent
2026-02-18 21:02:42 | DEBUG | PokePowerRequests | Update request - sent
2026-02-18 21:02:45 | DEBUG | PokePowerRequests | Update request - sent
2026-02-18 21:02:45 | INFO | PokePowerRequests | BATTLE_START | Enemy: #024 'Арбок' | Level: 33
2026-02-18 21:02:45 | INFO | PokePowerRequests | BATTLE_ACTION | ATTACK | Description: Кипяток: 13/15
2026-02-18 21:02:45 | INFO | PokePowerRequests | INVENTORY | ADD | Монета | Count: 24
2026-02-18 21:02:48 | DEBUG | PokePowerRequests | Update request - sent
2026-02-18 21:02:51 | DEBUG | PokePowerRequests | Update request - sent
2026-02-18 21:02:54 | DEBUG | PokePowerRequests | Update request - sent
2026-02-18 21:02:57 | DEBUG | PokePowerRequests | Update request - sent
2026-02-18 21:03:00 | DEBUG | PokePowerRequests | Update request - sent
2026-02-18 21:03:03 | DEBUG | PokePowerRequests | Update request - sent
2026-02-18 21:03:06 | DEBUG | PokePowerRequests | Update request - sent
2026-02-18 21:03:09 | DEBUG | PokePowerRequests | Update request - sent
2026-02-18 21:03:09 | INFO | PokePowerRequests | BATTLE_START | Enemy: #024 'Арбок' | Level: 30
2026-02-18 21:03:09 | INFO | PokePowerRequests | BATTLE_ACTION | ATTACK | Description: Кипяток: 12/15
2026-02-18 21:03:09 | INFO | PokePowerRequests | INVENTORY | ADD | Монета | Count: 22
2026-02-18 21:03:13 | DEBUG | PokePowerRequests | Update request - sent
2026-02-18 21:03:16 | DEBUG | PokePowerRequests | Update request - sent
2026-02-18 21:03:19 | DEBUG | PokePowerRequests | Update request - sent
2026-02-18 21:03:22 | DEBUG | PokePowerRequests | Update request - sent
2026-02-18 21:03:25 | DEBUG | PokePowerRequests | Update request - sent
2026-02-18 21:03:28 | DEBUG | PokePowerRequests | Update request - sent
2026-02-18 21:03:31 | DEBUG | PokePowerRequests | Update request - sent
2026-02-18 21:03:31 | INFO | PokePowerRequests | BATTLE_START | Enemy: #024 'Арбок' | Level: 27
2026-02-18 21:03:31 | INFO | PokePowerRequests | BATTLE_ACTION | ATTACK | Description: Кипяток: 11/15
2026-02-18 21:03:31 | INFO | PokePowerRequests | INVENTORY | ADD | Монета | Count: 23
2026-02-18 21:03:34 | DEBUG | PokePowerRequests | Update request - sent
2026-02-18 21:03:37 | DEBUG | PokePowerRequests | Update request - sent
2026-02-18 21:03:40 | DEBUG | PokePowerRequests | Update request - sent
2026-02-18 21:03:43 | DEBUG | PokePowerRequests | Update request - sent
2026-02-18 21:03:47 | DEBUG | PokePowerRequests | Update request - sent
2026-02-18 21:03:50 | DEBUG | PokePowerRequests | Update request - sent
2026-02-18 21:03:53 | DEBUG | PokePowerRequests | Update request - sent
2026-02-18 21:03:53 | INFO | PokePowerRequests | BATTLE_START | Enemy: #462 'Магнезон' | Level: 75
2026-02-18 21:03:53 | INFO | PokePowerRequests | BATTLE_ACTION | ATTACK | Description: Кипяток: 10/15
2026-02-18 21:03:53 | INFO | PokePowerRequests | INVENTORY | ADD | Монета | Count: 28
2026-02-18 21:03:56 | DEBUG | PokePowerRequests | Update request - sent
2026-02-18 21:03:59 | DEBUG | PokePowerRequests | Update request - sent
2026-02-18 21:04:02 | DEBUG | PokePowerRequests | Update request - sent
2026-02-18 21:04:05 | DEBUG | PokePowerRequests | Update request - sent
2026-02-18 21:04:08 | DEBUG | PokePowerRequests | Update request - sent
2026-02-18 21:04:11 | DEBUG | PokePowerRequests | Update request - sent
2026-02-18 21:04:14 | DEBUG | PokePowerRequests | Update request - sent
2026-02-18 21:04:14 | INFO | PokePowerRequests | BATTLE_START | Enemy: #462 'Магнезон' | Level: 77
2026-02-18 21:04:14 | INFO | PokePowerRequests | BATTLE_ACTION | ATTACK | Description: Кипяток: 9/15
2026-02-18 21:04:14 | INFO | PokePowerRequests | BATTLE_ACTION | ATTACK | Description: Кипяток: 8/15
2026-02-18 21:04:14 | INFO | PokePowerRequests | INVENTORY | ADD | Монета | Count: 24
2026-02-18 21:04:18 | DEBUG | PokePowerRequests | Update request - sent
2026-02-18 21:04:21 | DEBUG | PokePowerRequests | Update request - sent
2026-02-18 21:04:24 | DEBUG | PokePowerRequests | Update request - sent
2026-02-18 21:04:27 | DEBUG | PokePowerRequests | Update request - sent
2026-02-18 21:04:30 | DEBUG | PokePowerRequests | Update request - sent
2026-02-18 21:04:30 | INFO | PokePowerRequests | BATTLE_START | Enemy: #024 'Арбок' | Level: 31
2026-02-18 21:04:30 | INFO | PokePowerRequests | BATTLE_ACTION | ATTACK | Description: Кипяток: 7/15
2026-02-18 21:04:30 | INFO | PokePowerRequests | INVENTORY | ADD | Монета | Count: 24
2026-02-18 21:04:33 | DEBUG | PokePowerRequests | Update request - sent
2026-02-18 21:04:36 | DEBUG | PokePowerRequests | Update request - sent
2026-02-18 21:04:39 | DEBUG | PokePowerRequests | Update request - sent
2026-02-18 21:04:42 | DEBUG | PokePowerRequests | Update request - sent
2026-02-18 21:04:45 | DEBUG | PokePowerRequests | Update request - sent
2026-02-18 21:04:45 | INFO | PokePowerRequests | BATTLE_START | Enemy: #024 'Арбок' | Level: 26
2026-02-18 21:04:45 | INFO | PokePowerRequests | BATTLE_ACTION | ATTACK | Description: Кипяток: 6/15
2026-02-18 21:04:45 | INFO | PokePowerRequests | INVENTORY | ADD | Монета | Count: 22
2026-02-18 21:04:49 | DEBUG | PokePowerRequests | Update request - sent
2026-02-18 21:04:52 | DEBUG | PokePowerRequests | Update request - sent
2026-02-18 21:04:55 | DEBUG | PokePowerRequests | Update request - sent
2026-02-18 21:04:58 | DEBUG | PokePowerRequests | Update request - sent
2026-02-18 21:05:01 | DEBUG | PokePowerRequests | Update request - sent
2026-02-18 21:05:04 | DEBUG | PokePowerRequests | Update request - sent
2026-02-18 21:05:07 | DEBUG | PokePowerRequests | Update request - sent
2026-02-18 21:05:07 | INFO | PokePowerRequests | BATTLE_START | Enemy: #024 'Арбок' | Level: 25
2026-02-18 21:05:07 | INFO | PokePowerRequests | BATTLE_ACTION | ATTACK | Description: Кипяток: 5/15
2026-02-18 21:05:07 | INFO | PokePowerRequests | INVENTORY | ADD | Монета | Count: 25
2026-02-18 21:05:10 | DEBUG | PokePowerRequests | Update request - sent
2026-02-18 21:05:13 | DEBUG | PokePowerRequests | Update request - sent
2026-02-18 21:05:16 | DEBUG | PokePowerRequests | Update request - sent
2026-02-18 21:05:19 | DEBUG | PokePowerRequests | Update request - sent
2026-02-18 21:05:22 | DEBUG | PokePowerRequests | Update request - sent
2026-02-18 21:05:26 | DEBUG | PokePowerRequests | Update request - sent
2026-02-18 21:05:26 | INFO | PokePowerRequests | BATTLE_START | Enemy: #462 'Магнезон' | Level: 76
2026-02-18 21:05:26 | INFO | PokePowerRequests | BATTLE_ACTION | ATTACK | Description: Кипяток: 4/15
2026-02-18 21:05:26 | INFO | PokePowerRequests | BATTLE_ACTION | ATTACK | Description: Кипяток: 3/15
2026-02-18 21:05:26 | INFO | PokePowerRequests | INVENTORY | ADD | Монета | Count: 27
2026-02-18 21:05:29 | DEBUG | PokePowerRequests | Update request - sent
2026-02-18 21:05:32 | DEBUG | PokePowerRequests | Update request - sent
2026-02-18 21:05:35 | DEBUG | PokePowerRequests | Update request - sent
2026-02-18 21:05:38 | DEBUG | PokePowerRequests | Update request - sent
2026-02-18 21:05:41 | DEBUG | PokePowerRequests | Update request - sent
2026-02-18 21:05:41 | INFO | PokePowerRequests | BATTLE_START | Enemy: #024 'Арбок' | Level: 27
2026-02-18 21:05:41 | INFO | PokePowerRequests | BATTLE_ACTION | ATTACK | Description: Кипяток: 2/15
2026-02-18 21:05:41 | INFO | PokePowerRequests | INVENTORY | ADD | Монета | Count: 24
2026-02-18 21:05:44 | DEBUG | PokePowerRequests | Update request - sent
2026-02-18 21:05:47 | DEBUG | PokePowerRequests | Update request - sent
2026-02-18 21:05:50 | DEBUG | PokePowerRequests | Update request - sent
2026-02-18 21:05:54 | DEBUG | PokePowerRequests | Update request - sent
2026-02-18 21:05:57 | DEBUG | PokePowerRequests | Update request - sent
2026-02-18 21:05:57 | INFO | PokePowerRequests | BATTLE_START | Enemy: #024 'Арбок' | Level: 26
2026-02-18 21:05:57 | INFO | PokePowerRequests | BATTLE_ACTION | ATTACK | Description: Кипяток: 1/15
2026-02-18 21:05:57 | INFO | PokePowerRequests | INVENTORY | ADD | Монета | Count: 22
2026-02-18 21:06:00 | DEBUG | PokePowerRequests | Update request - sent
2026-02-18 21:06:03 | DEBUG | PokePowerRequests | Update request - sent
2026-02-18 21:06:06 | DEBUG | PokePowerRequests | Update request - sent
2026-02-18 21:06:09 | DEBUG | PokePowerRequests | Update request - sent
2026-02-18 21:06:09 | INFO | PokePowerRequests | BATTLE_START | Enemy: #462 'Магнезон' | Level: 69
2026-02-18 21:06:09 | INFO | PokePowerRequests | BATTLE_ACTION | ATTACK | Description: Кипяток: 0/15
2026-02-18 21:06:09 | INFO | PokePowerRequests | BATTLE_ACTION | ATTACK | Description: Теневой шар: 14/15
2026-02-18 21:06:09 | INFO | PokePowerRequests | INVENTORY | ADD | Монета | Count: 28
2026-02-18 21:06:12 | DEBUG | PokePowerRequests | Update request - sent
2026-02-18 21:06:15 | DEBUG | PokePowerRequests | Update request - sent
2026-02-18 21:06:19 | DEBUG | PokePowerRequests | Update request - sent
2026-02-18 21:06:22 | DEBUG | PokePowerRequests | Update request - sent
2026-02-18 21:06:25 | DEBUG | PokePowerRequests | Update request - sent
2026-02-18 21:06:28 | DEBUG | PokePowerRequests | Update request - sent
2026-02-18 21:06:31 | DEBUG | PokePowerRequests | Update request - sent
2026-02-18 21:06:31 | INFO | PokePowerRequests | BATTLE_START | Enemy: #462 'Магнезон' | Level: 79
2026-02-18 21:06:31 | INFO | PokePowerRequests | BATTLE_ACTION | ATTACK | Description: Теневой шар: 13/15
2026-02-18 21:06:31 | INFO | PokePowerRequests | BATTLE_ACTION | ATTACK | Description: Теневой шар: 12/15
2026-02-18 21:06:31 | INFO | PokePowerRequests | INVENTORY | ADD | Монета | Count: 25
2026-02-18 21:06:34 | DEBUG | PokePowerRequests | Update request - sent
2026-02-18 21:06:37 | DEBUG | PokePowerRequests | Update request - sent
2026-02-18 21:06:40 | DEBUG | PokePowerRequests | Update request - sent
2026-02-18 21:06:43 | DEBUG | PokePowerRequests | Update request - sent
2026-02-18 21:06:46 | DEBUG | PokePowerRequests | Update request - sent
2026-02-18 21:06:49 | DEBUG | PokePowerRequests | Update request - sent
2026-02-18 21:06:53 | DEBUG | PokePowerRequests | Update request - sent
2026-02-18 21:06:53 | INFO | PokePowerRequests | BATTLE_START | Enemy: #024 'Арбок' | Level: 25
2026-02-18 21:06:53 | INFO | PokePowerRequests | BATTLE_ACTION | ATTACK | Description: Теневой шар: 11/15
2026-02-18 21:06:53 | INFO | PokePowerRequests | INVENTORY | ADD | Монета | Count: 23
2026-02-18 21:06:56 | DEBUG | PokePowerRequests | Update request - sent
2026-02-18 21:06:59 | DEBUG | PokePowerRequests | Update request - sent
2026-02-18 21:07:02 | DEBUG | PokePowerRequests | Update request - sent
2026-02-18 21:07:05 | DEBUG | PokePowerRequests | Update request - sent
2026-02-18 21:07:05 | INFO | PokePowerRequests | BATTLE_START | Enemy: #462 'Магнезон' | Level: 73
2026-02-18 21:07:05 | INFO | PokePowerRequests | BATTLE_ACTION | ATTACK | Description: Теневой шар: 10/15
2026-02-18 21:07:05 | INFO | PokePowerRequests | BATTLE_ACTION | ATTACK | Description: Теневой шар: 9/15
2026-02-18 21:07:05 | INFO | PokePowerRequests | INVENTORY | ADD | Монета | Count: 28
2026-02-18 21:07:05 | INFO | PokePowerRequests | INVENTORY | ADD | Электродетали | Count: 1
2026-02-18 21:07:08 | DEBUG | PokePowerRequests | Update request - sent
2026-02-18 21:07:11 | DEBUG | PokePowerRequests | Update request - sent
2026-02-18 21:07:14 | DEBUG | PokePowerRequests | Update request - sent
2026-02-18 21:07:18 | DEBUG | PokePowerRequests | Update request - sent
2026-02-18 21:07:21 | DEBUG | PokePowerRequests | Update request - sent
2026-02-18 21:07:24 | DEBUG | PokePowerRequests | Update request - sent
2026-02-18 21:07:24 | INFO | PokePowerRequests | BATTLE_START | Enemy: #024 'Арбок' | Level: 35
2026-02-18 21:07:24 | INFO | PokePowerRequests | BATTLE_ACTION | ATTACK | Description: Теневой шар: 8/15
2026-02-18 21:07:24 | INFO | PokePowerRequests | INVENTORY | ADD | Монета | Count: 22
2026-02-18 21:07:24 | INFO | PokePowerRequests | INVENTORY | ADD | Снежок | Count: 1
2026-02-18 21:07:27 | DEBUG | PokePowerRequests | Update request - sent
2026-02-18 21:07:30 | DEBUG | PokePowerRequests | Update request - sent
2026-02-18 21:07:33 | DEBUG | PokePowerRequests | Update request - sent
2026-02-18 21:07:36 | DEBUG | PokePowerRequests | Update request - sent
2026-02-18 21:07:39 | DEBUG | PokePowerRequests | Update request - sent
2026-02-18 21:07:42 | DEBUG | PokePowerRequests | Update request - sent
2026-02-18 21:07:42 | INFO | PokePowerRequests | BATTLE_START | Enemy: #024 'Арбок' | Level: 26
2026-02-18 21:07:42 | INFO | PokePowerRequests | BATTLE_ACTION | ATTACK | Description: Теневой шар: 7/15
2026-02-18 21:07:42 | INFO | PokePowerRequests | INVENTORY | ADD | Монета | Count: 22
2026-02-18 21:07:42 | INFO | PokePowerRequests | INVENTORY | ADD | Снежок | Count: 1
2026-02-18 21:07:46 | DEBUG | PokePowerRequests | Update request - sent
2026-02-18 21:07:49 | DEBUG | PokePowerRequests | Update request - sent
2026-02-18 21:07:52 | DEBUG | PokePowerRequests | Update request - sent
2026-02-18 21:07:55 | DEBUG | PokePowerRequests | Update request - sent
2026-02-18 21:07:58 | DEBUG | PokePowerRequests | Update request - sent
2026-02-18 21:08:01 | DEBUG | PokePowerRequests | Update request - sent
2026-02-18 21:08:01 | INFO | PokePowerRequests | BATTLE_START | Enemy: #024 'Арбок' | Level: 30
2026-02-18 21:08:01 | INFO | PokePowerRequests | BATTLE_ACTION | ATTACK | Description: Теневой шар: 6/15
2026-02-18 21:08:01 | INFO | PokePowerRequests | INVENTORY | ADD | Монета | Count: 23
2026-02-18 21:08:04 | DEBUG | PokePowerRequests | Update request - sent
2026-02-18 21:08:07 | DEBUG | PokePowerRequests | Update request - sent
2026-02-18 21:08:10 | DEBUG | PokePowerRequests | Update request - sent
2026-02-18 21:08:13 | DEBUG | PokePowerRequests | Update request - sent
2026-02-18 21:08:16 | DEBUG | PokePowerRequests | Update request - sent
2026-02-18 21:08:19 | DEBUG | PokePowerRequests | Update request - sent
2026-02-18 21:08:19 | INFO | PokePowerRequests | BATTLE_START | Enemy: #462 'Магнезон' | Level: 66
2026-02-18 21:08:20 | INFO | PokePowerRequests | BATTLE_ACTION | ATTACK | Description: Теневой шар: 5/15
2026-02-18 21:08:20 | INFO | PokePowerRequests | BATTLE_ACTION | ATTACK | Description: Теневой шар: 4/15
2026-02-18 21:08:20 | INFO | PokePowerRequests | BATTLE_START | Enemy: #462 'Магнезон' | Level: 66
2026-02-18 21:08:20 | INFO | PokePowerRequests | BATTLE_ACTION | ATTACK | Description: Теневой шар: 3/15
2026-02-18 21:08:20 | INFO | PokePowerRequests | BATTLE_START | Enemy: #462 'Магнезон' | Level: 66
2026-02-18 21:08:20 | INFO | PokePowerRequests | BATTLE_ACTION | ATTACK | Description: Теневой шар: 2/15
2026-02-18 21:08:20 | INFO | PokePowerRequests | BATTLE_START | Enemy: #462 'Магнезон' | Level: 66
2026-02-18 21:08:20 | INFO | PokePowerRequests | BATTLE_ACTION | ATTACK | Description: Теневой шар: 1/15
2026-02-18 21:08:20 | INFO | PokePowerRequests | BATTLE_START | Enemy: #462 'Магнезон' | Level: 66
2026-02-18 21:08:20 | INFO | PokePowerRequests | BATTLE_ACTION | ATTACK | Description: Теневой шар: 0/15
2026-02-18 21:08:20 | INFO | PokePowerRequests | BATTLE_START | Enemy: #462 'Магнезон' | Level: 66
2026-02-18 21:08:20 | INFO | PokePowerRequests | BATTLE_ACTION | ATTACK | Description: Лунный взрыв: 14/15
2026-02-18 21:08:20 | INFO | PokePowerRequests | BATTLE_START | Enemy: #462 'Магнезон' | Level: 66
2026-02-18 21:08:20 | INFO | PokePowerRequests | BATTLE_ACTION | ATTACK | Description: Лунный взрыв: 13/15
2026-02-18 21:08:20 | INFO | PokePowerRequests | BATTLE_START | Enemy: #462 'Магнезон' | Level: 66
2026-02-18 21:08:20 | INFO | PokePowerRequests | BATTLE_ACTION | ATTACK | Description: Лунный взрыв: 12/15
2026-02-18 21:08:20 | INFO | PokePowerRequests | BATTLE_START | Enemy: #462 'Магнезон' | Level: 66
2026-02-18 21:08:20 | INFO | PokePowerRequests | BATTLE_ACTION | ATTACK | Description: Лунный взрыв: 11/15
2026-02-18 21:08:20 | INFO | PokePowerRequests | BATTLE_START | Enemy: #462 'Магнезон' | Level: 66
2026-02-18 21:08:20 | INFO | PokePowerRequests | BATTLE_ACTION | ATTACK | Description: Лунный взрыв: 10/15
2026-02-18 21:08:20 | INFO | PokePowerRequests | BATTLE_START | Enemy: #462 'Магнезон' | Level: 66
2026-02-18 21:08:20 | INFO | PokePowerRequests | BATTLE_ACTION | ATTACK | Description: Лунный взрыв: 9/15
2026-02-18 21:08:20 | INFO | PokePowerRequests | BATTLE_START | Enemy: #462 'Магнезон' | Level: 66
2026-02-18 21:08:20 | INFO | PokePowerRequests | BATTLE_ACTION | ATTACK | Description: Лунный взрыв: 8/15
2026-02-18 21:08:20 | INFO | PokePowerRequests | BATTLE_START | Enemy: #462 'Магнезон' | Level: 66
2026-02-18 21:08:20 | INFO | PokePowerRequests | BATTLE_ACTION | ATTACK | Description: Лунный взрыв: 7/15
2026-02-18 21:08:20 | INFO | PokePowerRequests | BATTLE_START | Enemy: #462 'Магнезон' | Level: 66
2026-02-18 21:08:20 | INFO | PokePowerRequests | BATTLE_ACTION | ATTACK | Description: Лунный взрыв: 6/15
2026-02-18 21:08:20 | INFO | PokePowerRequests | BATTLE_START | Enemy: #462 'Магнезон' | Level: 66
2026-02-18 21:08:20 | INFO | PokePowerRequests | BATTLE_ACTION | ATTACK | Description: Лунный взрыв: 5/15
2026-02-18 21:08:20 | INFO | PokePowerRequests | BATTLE_START | Enemy: #462 'Магнезон' | Level: 66
2026-02-18 21:08:20 | INFO | PokePowerRequests | BATTLE_ACTION | ATTACK | Description: Лунный взрыв: 4/15
2026-02-18 21:08:20 | INFO | PokePowerRequests | BATTLE_START | Enemy: #462 'Магнезон' | Level: 66
2026-02-18 21:08:20 | INFO | PokePowerRequests | BATTLE_ACTION | ATTACK | Description: Лунный взрыв: 3/15
2026-02-18 21:08:20 | INFO | PokePowerRequests | BATTLE_START | Enemy: #462 'Магнезон' | Level: 66
2026-02-18 21:08:20 | INFO | PokePowerRequests | BATTLE_ACTION | ATTACK | Description: Лунный взрыв: 2/15
2026-02-18 21:08:20 | INFO | PokePowerRequests | BATTLE_START | Enemy: #462 'Магнезон' | Level: 66
2026-02-18 21:08:21 | INFO | PokePowerRequests | BATTLE_ACTION | ATTACK | Description: Лунный взрыв: 1/15
2026-02-18 21:08:21 | INFO | PokePowerRequests | BATTLE_START | Enemy: #462 'Магнезон' | Level: 66
2026-02-18 21:08:21 | INFO | PokePowerRequests | BATTLE_ACTION | ATTACK | Description: Лунный взрыв: 0/15
2026-02-18 21:08:21 | INFO | PokePowerRequests | BATTLE_START | Enemy: #462 'Магнезон' | Level: 66
2026-02-18 21:08:21 | INFO | PokePowerRequests | BATTLE_ACTION | COWARD | Description: Pokemon has low level HP
2026-02-18 21:08:21 | ERROR | PokePowerRequests | Critical error in issets: 248 | Extra: NameError: name 'json' is not defined
2026-02-18 21:08:21 | ERROR | PokePowerRequests | Critical error in issets: 248 | Extra: NameError: name 'json' is not defined
2026-02-18 21:08:21 | ERROR | PokePowerRequests | Critical error in issets: 248 | Extra: NameError: name 'json' is not defined
2026-02-18 21:08:21 | ERROR | PokePowerRequests | Critical error in issets: 248 | Extra: NameError: name 'json' is not defined
2026-02-18 21:08:21 | ERROR | PokePowerRequests | Critical error in issets: 248 | Extra: NameError: name 'json' is not defined
2026-02-18 21:08:21 | ERROR | PokePowerRequests | Critical error in issets: 248 | Extra: NameError: name 'json' is not defined
2026-02-18 21:08:21 | ERROR | PokePowerRequests | Critical error in issets: 248 | Extra: NameError: name 'json' is not defined
2026-02-18 21:08:21 | ERROR | PokePowerRequests | Critical error in issets: 248 | Extra: NameError: name 'json' is not defined
2026-02-18 21:08:21 | ERROR | PokePowerRequests | Critical error in issets: 248 | Extra: NameError: name 'json' is not defined
2026-02-18 21:08:21 | ERROR | PokePowerRequests | Critical error in issets: 248 | Extra: NameError: name 'json' is not defined
2026-02-18 21:08:21 | ERROR | PokePowerRequests | Critical error in issets: 248 | Extra: NameError: name 'json' is not defined
2026-02-18 21:08:21 | ERROR | PokePowerRequests | Critical error in issets: 248 | Extra: NameError: name 'json' is not defined
2026-02-18 21:08:21 | ERROR | PokePowerRequests | Critical error in issets: 248 | Extra: NameError: name 'json' is not defined
2026-02-18 21:08:21 | ERROR | PokePowerRequests | Critical error in issets: 248 | Extra: NameError: name 'json' is not defined
2026-02-18 21:08:21 | ERROR | PokePowerRequests | Critical error in issets: 248 | Extra: NameError: name 'json' is not defined
2026-02-18 21:08:21 | ERROR | PokePowerRequests | Critical error in issets: 248 | Extra: NameError: name 'json' is not defined
2026-02-18 21:08:21 | ERROR | PokePowerRequests | Critical error in issets: 248 | Extra: NameError: name 'json' is not defined
2026-02-18 21:08:21 | ERROR | PokePowerRequests | Critical error in issets: 248 | Extra: NameError: name 'json' is not defined
2026-02-18 21:08:21 | ERROR | PokePowerRequests | Critical error in issets: 248 | Extra: NameError: name 'json' is not defined
2026-02-18 21:08:21 | ERROR | PokePowerRequests | Critical error in issets: 248 | Extra: NameError: name 'json' is not defined
2026-02-18 21:08:21 | ERROR | PokePowerRequests | Critical error in issets: 248 | Extra: NameError: name 'json' is not defined
2026-02-18 21:08:21 | ERROR | PokePowerRequests | Critical error in issets: 248 | Extra: NameError: name 'json' is not defined
2026-02-18 21:08:21 | ERROR | PokePowerRequests | Critical error in issets: 248 | Extra: NameError: name 'json' is not defined
2026-02-18 21:08:21 | ERROR | PokePowerRequests | Critical error in issets: 248 | Extra: NameError: name 'json' is not defined
2026-02-18 21:08:21 | INFO | PokePowerRequests | BOT_STOPPED | <class 'NameError'> | name 'json' is not defined | F:\projects\PokePowerRequests\src\core\client.py:248
2026-02-18 21:11:22 | INFO | PokePowerRequests | BOT_STARTED
2026-02-18 21:11:23 | DEBUG | PokePowerRequests | Successful authorization...
2026-02-18 21:11:23 | DEBUG | PokePowerRequests | Socket connection successfully established...
2026-02-18 21:11:23 | DEBUG | PokePowerRequests | Location data collected | Location name: Заброшенная исследовательская база | ID: 526 | Region: 1 | Available routes: [{'id': '525', 'name': 'Проход 3'}, {'id': '520', 'name': 'Змеиное логово, ответвление 1'}]
2026-02-18 21:11:23 | DEBUG | PokePowerRequests | Initialization completed, data collected...
2026-02-18 21:11:23 | DEBUG | PokePowerRequests | Pokemon: #151 Арамис | Lvl: 100 | HP: 0 | Gender: genderless | Active: False
2026-02-18 21:11:23 | DEBUG | PokePowerRequests | Pokemon: #563 Клеопатра | Lvl: 100 | HP: 321 | Gender: venus | Active: False
2026-02-18 21:11:23 | DEBUG | PokePowerRequests | Pokemon: #788 Тапу Фини | Lvl: 100 | HP: 105 | Gender: genderless | Active: True
2026-02-18 21:11:23 | DEBUG | PokePowerRequests | Successfully collected information about the user's Pokemon team...
2026-02-18 21:11:23 | DEBUG | PokePowerRequests | Collected data on available pokeballs:
        [['Гритбол', 3], ['Фастбол', 7], ['Покебол', 80], ['Тыквобол', 6], ['Генобол', 190], ['Ультрабол', 16], ['Даскбол', 3], ['Мастербол', 49], ['Шайнибол', 58], ['Взломанный Шайнибол', 12], ['Дистанцбол', 14]]
2026-02-18 21:11:23 | DEBUG | PokePowerRequests | Received ID of the Pokeball selected for catching - None
2026-02-18 21:11:23 | DEBUG | PokePowerRequests | Current value of completed battles - 382
2026-02-18 21:11:23 | INFO | PokePowerRequests | BATTLE_START | Enemy: #024 'Арбок' | Level: 35
2026-02-18 21:11:23 | INFO | PokePowerRequests | BATTLE_ACTION | ATTACK | Description: Теневой шар: 5/15
2026-02-18 21:11:23 | INFO | PokePowerRequests | INVENTORY | ADD | Монета | Count: 22
2026-02-18 21:11:23 | DEBUG | PokePowerRequests | Update request - sent
2026-02-18 21:11:23 | INFO | PokePowerRequests | BATTLE_START | Enemy: #024 'Арбок' | Level: 25
2026-02-18 21:11:23 | INFO | PokePowerRequests | BATTLE_ACTION | ATTACK | Description: Теневой шар: 4/15
2026-02-18 21:11:23 | INFO | PokePowerRequests | INVENTORY | ADD | Монета | Count: 24
2026-02-18 21:11:27 | DEBUG | PokePowerRequests | Update request - sent
2026-02-18 21:11:30 | DEBUG | PokePowerRequests | Update request - sent
2026-02-18 21:11:33 | DEBUG | PokePowerRequests | Update request - sent
2026-02-18 21:11:36 | DEBUG | PokePowerRequests | Update request - sent
2026-02-18 21:11:39 | DEBUG | PokePowerRequests | Update request - sent
2026-02-18 21:11:39 | INFO | PokePowerRequests | BATTLE_START | Enemy: #024 'Арбок' | Level: 27
2026-02-18 21:11:39 | INFO | PokePowerRequests | BATTLE_ACTION | ATTACK | Description: Теневой шар: 3/15
2026-02-18 21:11:39 | INFO | PokePowerRequests | INVENTORY | ADD | Монета | Count: 21
2026-02-18 21:11:42 | DEBUG | PokePowerRequests | Update request - sent
2026-02-18 21:11:45 | DEBUG | PokePowerRequests | Update request - sent
2026-02-18 21:11:48 | DEBUG | PokePowerRequests | Update request - sent
2026-02-18 21:11:51 | DEBUG | PokePowerRequests | Update request - sent
2026-02-18 21:11:55 | DEBUG | PokePowerRequests | Update request - sent
2026-02-18 21:11:58 | DEBUG | PokePowerRequests | Update request - sent
2026-02-18 21:12:01 | DEBUG | PokePowerRequests | Update request - sent
2026-02-18 21:12:01 | INFO | PokePowerRequests | BATTLE_START | Enemy: #024 'Арбок' | Level: 32
2026-02-18 21:12:01 | INFO | PokePowerRequests | BATTLE_ACTION | ATTACK | Description: Теневой шар: 2/15
2026-02-18 21:12:01 | INFO | PokePowerRequests | INVENTORY | ADD | Монета | Count: 23
2026-02-18 21:12:04 | DEBUG | PokePowerRequests | Update request - sent
2026-02-18 21:12:07 | DEBUG | PokePowerRequests | Update request - sent
2026-02-18 21:12:10 | DEBUG | PokePowerRequests | Update request - sent
2026-02-18 21:12:13 | DEBUG | PokePowerRequests | Update request - sent
2026-02-18 21:12:16 | DEBUG | PokePowerRequests | Update request - sent
2026-02-18 21:12:20 | DEBUG | PokePowerRequests | Update request - sent
2026-02-18 21:12:23 | DEBUG | PokePowerRequests | Update request - sent
2026-02-18 21:12:23 | INFO | PokePowerRequests | BATTLE_START | Enemy: #024 'Арбок' | Level: 33
2026-02-18 21:12:23 | INFO | PokePowerRequests | BATTLE_ACTION | ATTACK | Description: Теневой шар: 1/15
2026-02-18 21:12:23 | INFO | PokePowerRequests | INVENTORY | ADD | Монета | Count: 21
2026-02-18 21:12:26 | DEBUG | PokePowerRequests | Update request - sent
2026-02-18 21:12:29 | DEBUG | PokePowerRequests | Update request - sent
2026-02-18 21:12:32 | DEBUG | PokePowerRequests | Update request - sent
2026-02-18 21:12:35 | DEBUG | PokePowerRequests | Update request - sent
2026-02-18 21:12:38 | DEBUG | PokePowerRequests | Update request - sent
2026-02-18 21:12:41 | DEBUG | PokePowerRequests | Update request - sent
2026-02-18 21:12:44 | DEBUG | PokePowerRequests | Update request - sent
2026-02-18 21:12:44 | INFO | PokePowerRequests | BATTLE_START | Enemy: #024 'Арбок' | Level: 25
2026-02-18 21:12:45 | INFO | PokePowerRequests | BATTLE_ACTION | ATTACK | Description: Теневой шар: 0/15
2026-02-18 21:12:45 | INFO | PokePowerRequests | INVENTORY | ADD | Монета | Count: 25
2026-02-18 21:12:48 | DEBUG | PokePowerRequests | Update request - sent
2026-02-18 21:12:51 | DEBUG | PokePowerRequests | Update request - sent
2026-02-18 21:12:54 | DEBUG | PokePowerRequests | Update request - sent
2026-02-18 21:12:57 | DEBUG | PokePowerRequests | Update request - sent
2026-02-18 21:13:00 | DEBUG | PokePowerRequests | Update request - sent
2026-02-18 21:13:03 | DEBUG | PokePowerRequests | Update request - sent
2026-02-18 21:13:03 | INFO | PokePowerRequests | BATTLE_START | Enemy: #024 'Арбок' | Level: 33
2026-02-18 21:13:03 | INFO | PokePowerRequests | BATTLE_ACTION | ATTACK | Description: Лунный взрыв: 14/15
2026-02-18 21:13:03 | INFO | PokePowerRequests | INVENTORY | ADD | Монета | Count: 21
2026-02-18 21:13:06 | DEBUG | PokePowerRequests | Update request - sent
2026-02-18 21:13:09 | DEBUG | PokePowerRequests | Update request - sent
2026-02-18 21:13:13 | DEBUG | PokePowerRequests | Update request - sent
2026-02-18 21:13:16 | DEBUG | PokePowerRequests | Update request - sent
2026-02-18 21:13:19 | DEBUG | PokePowerRequests | Update request - sent
2026-02-18 21:13:22 | DEBUG | PokePowerRequests | Update request - sent
2026-02-18 21:13:22 | INFO | PokePowerRequests | BATTLE_START | Enemy: #024 'Арбок' | Level: 27
2026-02-18 21:13:22 | INFO | PokePowerRequests | BATTLE_ACTION | ATTACK | Description: Лунный взрыв: 13/15
2026-02-18 21:13:22 | INFO | PokePowerRequests | INVENTORY | ADD | Монета | Count: 22
2026-02-18 21:13:25 | DEBUG | PokePowerRequests | Update request - sent
2026-02-18 21:13:28 | DEBUG | PokePowerRequests | Update request - sent
2026-02-18 21:13:31 | DEBUG | PokePowerRequests | Update request - sent
2026-02-18 21:13:34 | DEBUG | PokePowerRequests | Update request - sent
2026-02-18 21:13:37 | DEBUG | PokePowerRequests | Update request - sent
2026-02-18 21:13:41 | DEBUG | PokePowerRequests | Update request - sent
2026-02-18 21:13:41 | INFO | PokePowerRequests | BATTLE_START | Enemy: #024 'Арбок' | Level: 34
2026-02-18 21:13:41 | INFO | PokePowerRequests | BATTLE_ACTION | ATTACK | Description: Лунный взрыв: 12/15
2026-02-18 21:13:41 | INFO | PokePowerRequests | INVENTORY | ADD | Монета | Count: 21
2026-02-18 21:13:44 | DEBUG | PokePowerRequests | Update request - sent
2026-02-18 21:13:47 | DEBUG | PokePowerRequests | Update request - sent
2026-02-18 21:13:50 | DEBUG | PokePowerRequests | Update request - sent
2026-02-18 21:13:53 | DEBUG | PokePowerRequests | Update request - sent
2026-02-18 21:13:56 | DEBUG | PokePowerRequests | Update request - sent
2026-02-18 21:13:56 | INFO | PokePowerRequests | BATTLE_START | Enemy: #024 'Арбок' | Level: 30
2026-02-18 21:13:56 | INFO | PokePowerRequests | BATTLE_ACTION | ATTACK | Description: Лунный взрыв: 11/15
2026-02-18 21:13:56 | INFO | PokePowerRequests | INVENTORY | ADD | Монета | Count: 25
2026-02-18 21:14:00 | DEBUG | PokePowerRequests | Update request - sent
2026-02-18 21:14:03 | DEBUG | PokePowerRequests | Update request - sent
2026-02-18 21:14:06 | DEBUG | PokePowerRequests | Update request - sent
2026-02-18 21:14:09 | DEBUG | PokePowerRequests | Update request - sent
2026-02-18 21:14:12 | DEBUG | PokePowerRequests | Update request - sent
2026-02-18 21:14:15 | DEBUG | PokePowerRequests | Update request - sent
2026-02-18 21:14:18 | DEBUG | PokePowerRequests | Update request - sent
2026-02-18 21:14:18 | INFO | PokePowerRequests | BATTLE_START | Enemy: #462 'Магнезон' | Level: 78
2026-02-18 21:14:18 | INFO | PokePowerRequests | BATTLE_ACTION | ATTACK | Description: Лунный взрыв: 10/15
2026-02-18 21:14:18 | INFO | PokePowerRequests | BATTLE_ACTION | ATTACK | Description: Лунный взрыв: 9/15
2026-02-18 21:14:18 | INFO | PokePowerRequests | BATTLE_ACTION | ATTACK | Description: Лунный взрыв: 8/15
2026-02-18 21:14:18 | INFO | PokePowerRequests | INVENTORY | ADD | Монета | Count: 26
2026-02-18 21:14:19 | DEBUG | PokePowerRequests | Move to - 520
2026-02-18 21:14:19 | DEBUG | PokePowerRequests | Location data collected | Location name: Змеиное логово, ответвление 1 | ID: 520 | Region: 1 | Available routes: [{'id': '521', 'name': 'Змеиное логово, ответвление 2'}, {'id': '522', 'name': 'Змеиное логово, ответвление 3'}]
2026-02-18 21:14:19 | DEBUG | PokePowerRequests | Move to - 522
2026-02-18 21:14:19 | DEBUG | PokePowerRequests | Location data collected | Location name: Змеиное логово, ответвление 3 | ID: 522 | Region: 1 | Available routes: [{'id': '520', 'name': 'Змеиное логово, ответвление 1'}, {'id': '521', 'name': 'Змеиное логово, ответвление 2'}, {'id': '527', 'name': 'Проход 4'}]
2026-02-18 21:14:19 | DEBUG | PokePowerRequests | Move to - 527
2026-02-18 21:14:19 | DEBUG | PokePowerRequests | Location data collected | Location name: Проход 4 | ID: 527 | Region: 1 | Available routes: [{'id': '519', 'name': 'Проход 1'}, {'id': '525', 'name': 'Проход 3'}, {'id': '528', 'name': 'Выход'}]
2026-02-18 21:14:19 | DEBUG | PokePowerRequests | Move to - 528
2026-02-18 21:14:19 | DEBUG | PokePowerRequests | Location data collected | Location name: Дорога 9 | ID: 35 | Region: 1 | Available routes: [{'id': '31', 'name': 'Церулин'}, {'id': '37', 'name': 'Разрушенная электростанция'}]
2026-02-18 21:14:19 | DEBUG | PokePowerRequests | Move to - 31
2026-02-18 21:14:19 | DEBUG | PokePowerRequests | Location data collected | Location name: Церулин | ID: 31 | Region: 1 | Available routes: [{'id': '32', 'name': 'Покецентр'}, {'id': '33', 'name': 'Дорога 4'}, {'id': '35', 'name': 'Дорога 9'}, {'id': '58', 'name': 'Покемаркет'}, {'id': '228', 'name': 'Торговый центр «Пиджеот»'}]
2026-02-18 21:14:19 | DEBUG | PokePowerRequests | Move to - 32
2026-02-18 21:14:19 | DEBUG | PokePowerRequests | Location data collected | Location name: Покецентр | ID: 32 | Region: 1 | Available routes: [{'id': '31', 'name': 'Церулин'}]
2026-02-18 21:14:19 | INFO | PokePowerRequests | POKECENTER | HEAL | Reason: Pokemons has a small amount of HP
2026-02-18 21:14:19 | DEBUG | PokePowerRequests | Successfully collected information about the user's Pokemon team...
2026-02-18 21:14:19 | DEBUG | PokePowerRequests | Move to - 31
2026-02-18 21:14:19 | DEBUG | PokePowerRequests | Location data collected | Location name: Церулин | ID: 31 | Region: 1 | Available routes: [{'id': '32', 'name': 'Покецентр'}, {'id': '33', 'name': 'Дорога 4'}, {'id': '35', 'name': 'Дорога 9'}, {'id': '58', 'name': 'Покемаркет'}, {'id': '228', 'name': 'Торговый центр «Пиджеот»'}]
2026-02-18 21:14:19 | DEBUG | PokePowerRequests | Move to - 33
2026-02-18 21:14:19 | DEBUG | PokePowerRequests | Location data collected | Location name: Дорога 4 | ID: 33 | Region: 1 | Available routes: [{'id': '31', 'name': 'Церулин'}, {'id': '34', 'name': 'Лунная гора'}, {'id': '529', 'name': 'Спуск'}]
2026-02-18 21:14:19 | DEBUG | PokePowerRequests | Move to - 529
2026-02-18 21:14:19 | DEBUG | PokePowerRequests | Location data collected | Location name: Перекресток | ID: 30 | Region: 1 | Available routes: [{'id': '28', 'name': 'Шафрания'}, {'id': '413', 'name': 'Ядовитый стадион'}]
2026-02-18 21:14:19 | DEBUG | PokePowerRequests | Move to - 28
2026-02-18 21:14:19 | DEBUG | PokePowerRequests | Location data collected | Location name: Шафрания | ID: 28 | Region: 1 | Available routes: [{'id': '27', 'name': 'Дорога 7'}, {'id': '29', 'name': 'Покецентр'}, {'id': '30', 'name': 'Перекресток'}, {'id': '41', 'name': 'Дорога 8'}, {'id': '47', 'name': 'Дорога 6'}, {'id': '57', 'name': 'Покемаркет'}, {'id': '409', 'name': 'Стадион драконов'}]
2026-02-18 21:14:19 | DEBUG | PokePowerRequests | Move to - 41
2026-02-18 21:14:19 | DEBUG | PokePowerRequests | Location data collected | Location name: Дорога 8 | ID: 41 | Region: 1 | Available routes: [{'id': '39', 'name': 'Лавендер'}, {'id': '28', 'name': 'Шафрания'}, {'id': '227', 'name': 'Ферма'}]
2026-02-18 21:14:20 | DEBUG | PokePowerRequests | Move to - 39
2026-02-18 21:14:20 | DEBUG | PokePowerRequests | Location data collected | Location name: Лавендер | ID: 39 | Region: 1 | Available routes: [{'id': '38', 'name': 'Дорога 10'}, {'id': '40', 'name': 'Покецентр'}, {'id': '41', 'name': 'Дорога 8'}, {'id': '42', 'name': 'Дорога 12'}, {'id': '59', 'name': 'Покемаркет'}, {'id': '223', 'name': 'Аптека Лавендера'}]
2026-02-18 21:14:20 | DEBUG | PokePowerRequests | Move to - 38
2026-02-18 21:14:20 | DEBUG | PokePowerRequests | Location data collected | Location name: Дорога 10 | ID: 38 | Region: 1 | Available routes: [{'id': '36', 'name': 'Вход в лабиринт'}, {'id': '39', 'name': 'Лавендер'}]
2026-02-18 21:14:20 | DEBUG | PokePowerRequests | Move to - 36
2026-02-18 21:14:20 | DEBUG | PokePowerRequests | Location data collected | Location name: Коридор 1 | ID: 509 | Region: 1 | Available routes: [{'id': '510', 'name': 'Коридор 2'}, {'id': '512', 'name': 'Коридор 4'}, {'id': '514', 'name': 'Коридор 6'}]
2026-02-18 21:14:20 | DEBUG | PokePowerRequests | Move to - 510
2026-02-18 21:14:20 | DEBUG | PokePowerRequests | Location data collected | Location name: Коридор 2 | ID: 510 | Region: 1 | Available routes: [{'id': '513', 'name': 'Коридор 5'}, {'id': '514', 'name': 'Коридор 6'}]
2026-02-18 21:14:20 | DEBUG | PokePowerRequests | Move to - 513
2026-02-18 21:14:20 | DEBUG | PokePowerRequests | Location data collected | Location name: Коридор 5 | ID: 513 | Region: 1 | Available routes: [{'id': '509', 'name': 'Коридор 1'}, {'id': '510', 'name': 'Коридор 2'}, {'id': '517', 'name': 'Коридор 9'}]
2026-02-18 21:14:20 | DEBUG | PokePowerRequests | Move to - 517
2026-02-18 21:14:20 | DEBUG | PokePowerRequests | Location data collected | Location name: Коридор 9 | ID: 517 | Region: 1 | Available routes: [{'id': '511', 'name': 'Коридор 3'}, {'id': '512', 'name': 'Коридор 4'}, {'id': '516', 'name': 'Коридор 8'}, {'id': '541', 'name': 'Потайная стена'}]
2026-02-18 21:14:20 | DEBUG | PokePowerRequests | Move to - 516
2026-02-18 21:14:20 | DEBUG | PokePowerRequests | Location data collected | Location name: Коридор 8 | ID: 516 | Region: 1 | Available routes: [{'id': '510', 'name': 'Коридор 2'}, {'id': '513', 'name': 'Коридор 5'}, {'id': '515', 'name': 'Коридор 7'}]
2026-02-18 21:14:20 | DEBUG | PokePowerRequests | Move to - 515
2026-02-18 21:14:20 | DEBUG | PokePowerRequests | Location data collected | Location name: Гранитный зал | ID: 518 | Region: 1 | Available routes: [{'id': '519', 'name': 'Проход 1'}, {'id': '523', 'name': 'Проход 2'}, {'id': '525', 'name': 'Проход 3'}]
2026-02-18 21:14:20 | DEBUG | PokePowerRequests | Move to - 519
2026-02-18 21:14:20 | DEBUG | PokePowerRequests | Location data collected | Location name: Проход 1 | ID: 519 | Region: 1 | Available routes: [{'id': '526', 'name': 'Заброшенная исследовательская база'}, {'id': '518', 'name': 'Гранитный зал'}]
2026-02-18 21:14:20 | DEBUG | PokePowerRequests | Move to - 526
2026-02-18 21:14:20 | DEBUG | PokePowerRequests | Location data collected | Location name: Заброшенная исследовательская база | ID: 526 | Region: 1 | Available routes: [{'id': '525', 'name': 'Проход 3'}, {'id': '520', 'name': 'Змеиное логово, ответвление 1'}]
2026-02-18 21:14:23 | DEBUG | PokePowerRequests | Update request - sent
2026-02-18 21:14:26 | DEBUG | PokePowerRequests | Update request - sent
2026-02-18 21:14:29 | DEBUG | PokePowerRequests | Update request - sent
2026-02-18 21:14:33 | DEBUG | PokePowerRequests | Update request - sent
2026-02-18 21:14:36 | DEBUG | PokePowerRequests | Update request - sent
2026-02-18 21:14:39 | DEBUG | PokePowerRequests | Update request - sent
2026-02-18 21:14:39 | INFO | PokePowerRequests | BATTLE_START | Enemy: #024 'Арбок' | Level: 31
2026-02-18 21:14:39 | INFO | PokePowerRequests | BATTLE_ACTION | ATTACK | Description: Кипяток: 14/15
2026-02-18 21:14:39 | INFO | PokePowerRequests | INVENTORY | ADD | Монета | Count: 21
2026-02-18 21:14:39 | INFO | PokePowerRequests | INVENTORY | ADD | Снежок | Count: 1
2026-02-18 21:14:42 | DEBUG | PokePowerRequests | Update request - sent
2026-02-18 21:14:45 | DEBUG | PokePowerRequests | Update request - sent
2026-02-18 21:14:48 | DEBUG | PokePowerRequests | Update request - sent
2026-02-18 21:14:49 | INFO | PokePowerRequests | BOT_STOPPED |
2026-02-18 21:15:03 | INFO | PokePowerRequests | BOT_STARTED
2026-02-18 21:15:04 | DEBUG | PokePowerRequests | Successful authorization...
2026-02-18 21:15:04 | DEBUG | PokePowerRequests | Socket connection successfully established...
2026-02-18 21:15:04 | DEBUG | PokePowerRequests | Location data collected | Location name: Заброшенная исследовательская база | ID: 526 | Region: 1 | Available routes: [{'id': '525', 'name': 'Проход 3'}, {'id': '520', 'name': 'Змеиное логово, ответвление 1'}]
2026-02-18 21:15:04 | DEBUG | PokePowerRequests | Initialization completed, data collected...
2026-02-18 21:15:04 | DEBUG | PokePowerRequests | Pokemon: #151 Арамис | Lvl: 100 | HP: 402 | Gender: genderless | Active: False
2026-02-18 21:15:04 | DEBUG | PokePowerRequests | Pokemon: #563 Клеопатра | Lvl: 100 | HP: 321 | Gender: venus | Active: True
2026-02-18 21:15:04 | DEBUG | PokePowerRequests | Pokemon: #788 Тапу Фини | Lvl: 100 | HP: 345 | Gender: genderless | Active: False
2026-02-18 21:15:04 | DEBUG | PokePowerRequests | Successfully collected information about the user's Pokemon team...
2026-02-18 21:15:04 | DEBUG | PokePowerRequests | Collected data on available pokeballs:
        [['Гритбол', 3], ['Фастбол', 7], ['Покебол', 80], ['Тыквобол', 6], ['Генобол', 190], ['Ультрабол', 16], ['Даскбол', 3], ['Мастербол', 49], ['Шайнибол', 58], ['Взломанный Шайнибол', 12], ['Дистанцбол', 14]]
2026-02-18 21:15:04 | DEBUG | PokePowerRequests | Received ID of the Pokeball selected for catching - None
2026-02-18 21:15:04 | DEBUG | PokePowerRequests | Current value of completed battles - 395
2026-02-18 21:15:05 | DEBUG | PokePowerRequests | Update request - sent
2026-02-18 21:15:08 | DEBUG | PokePowerRequests | Update request - sent
2026-02-18 21:15:11 | DEBUG | PokePowerRequests | Update request - sent
2026-02-18 21:15:14 | DEBUG | PokePowerRequests | Update request - sent
2026-02-18 21:15:14 | INFO | PokePowerRequests | BATTLE_START | Enemy: #024 'Арбок' | Level: 28
2026-02-18 21:15:14 | INFO | PokePowerRequests | BATTLE_ACTION | ATTACK | Description: Сглаз: 8/10
2026-02-18 21:15:14 | INFO | PokePowerRequests | INVENTORY | ADD | Монета | Count: 24
2026-02-18 21:15:17 | DEBUG | PokePowerRequests | Update request - sent
2026-02-18 21:15:20 | DEBUG | PokePowerRequests | Update request - sent
2026-02-18 21:15:23 | DEBUG | PokePowerRequests | Update request - sent
2026-02-18 21:15:26 | DEBUG | PokePowerRequests | Update request - sent
2026-02-18 21:15:30 | DEBUG | PokePowerRequests | Update request - sent
2026-02-18 21:15:33 | DEBUG | PokePowerRequests | Update request - sent
2026-02-18 21:15:33 | INFO | PokePowerRequests | BATTLE_START | Enemy: #024 'Арбок' | Level: 31
2026-02-18 21:15:33 | INFO | PokePowerRequests | BATTLE_ACTION | ATTACK | Description: Сглаз: 7/10
2026-02-18 21:15:33 | INFO | PokePowerRequests | INVENTORY | ADD | Монета | Count: 21
2026-02-18 21:15:36 | DEBUG | PokePowerRequests | Update request - sent
2026-02-18 21:15:39 | DEBUG | PokePowerRequests | Update request - sent
2026-02-18 21:15:42 | DEBUG | PokePowerRequests | Update request - sent
2026-02-18 21:15:45 | DEBUG | PokePowerRequests | Update request - sent
2026-02-18 21:15:48 | DEBUG | PokePowerRequests | Update request - sent
2026-02-18 21:15:48 | INFO | PokePowerRequests | BATTLE_START | Enemy: #024 'Арбок' | Level: 33
2026-02-18 21:15:48 | INFO | PokePowerRequests | BATTLE_ACTION | ATTACK | Description: Сглаз: 6/10
2026-02-18 21:15:48 | INFO | PokePowerRequests | INVENTORY | ADD | Монета | Count: 21
2026-02-18 21:15:51 | DEBUG | PokePowerRequests | Update request - sent
2026-02-18 21:15:54 | DEBUG | PokePowerRequests | Update request - sent
2026-02-18 21:15:57 | DEBUG | PokePowerRequests | Update request - sent
2026-02-18 21:16:00 | DEBUG | PokePowerRequests | Update request - sent
2026-02-18 21:16:00 | INFO | PokePowerRequests | BATTLE_START | Enemy: #024 'Арбок' | Level: 30
2026-02-18 21:16:01 | INFO | PokePowerRequests | BATTLE_ACTION | ATTACK | Description: Сглаз: 5/10
2026-02-18 21:16:01 | INFO | PokePowerRequests | INVENTORY | ADD | Монета | Count: 22
2026-02-18 21:16:04 | DEBUG | PokePowerRequests | Update request - sent
2026-02-18 21:16:07 | DEBUG | PokePowerRequests | Update request - sent
2026-02-18 21:16:10 | DEBUG | PokePowerRequests | Update request - sent
2026-02-18 21:16:13 | DEBUG | PokePowerRequests | Update request - sent
2026-02-18 21:16:16 | DEBUG | PokePowerRequests | Update request - sent
2026-02-18 21:16:19 | DEBUG | PokePowerRequests | Update request - sent
2026-02-18 21:16:19 | INFO | PokePowerRequests | BATTLE_START | Enemy: #462 'Магнезон' | Level: 78
2026-02-18 21:16:19 | INFO | PokePowerRequests | BATTLE_ACTION | ATTACK | Description: Сглаз: 4/10
2026-02-18 21:16:19 | INFO | PokePowerRequests | INVENTORY | ADD | Монета | Count: 29
2026-02-18 21:16:22 | DEBUG | PokePowerRequests | Update request - sent
2026-02-18 21:16:25 | DEBUG | PokePowerRequests | Update request - sent
2026-02-18 21:16:28 | DEBUG | PokePowerRequests | Update request - sent
2026-02-18 21:16:31 | DEBUG | PokePowerRequests | Update request - sent
2026-02-18 21:16:34 | DEBUG | PokePowerRequests | Update request - sent
2026-02-18 21:16:37 | DEBUG | PokePowerRequests | Update request - sent
2026-02-18 21:16:40 | DEBUG | PokePowerRequests | Update request - sent
2026-02-18 21:16:44 | DEBUG | PokePowerRequests | Update request - sent
2026-02-18 21:16:44 | INFO | PokePowerRequests | BATTLE_START | Enemy: #024 'Арбок' | Level: 25
2026-02-18 21:16:44 | INFO | PokePowerRequests | BATTLE_ACTION | ATTACK | Description: Сглаз: 3/10
2026-02-18 21:16:44 | INFO | PokePowerRequests | INVENTORY | ADD | Монета | Count: 26
2026-02-18 21:16:44 | INFO | PokePowerRequests | INVENTORY | ADD | Снежок | Count: 1
2026-02-18 21:16:47 | DEBUG | PokePowerRequests | Update request - sent
2026-02-18 21:16:50 | DEBUG | PokePowerRequests | Update request - sent
2026-02-18 21:16:53 | DEBUG | PokePowerRequests | Update request - sent
2026-02-18 21:16:56 | DEBUG | PokePowerRequests | Update request - sent
2026-02-18 21:16:59 | DEBUG | PokePowerRequests | Update request - sent
2026-02-18 21:16:59 | INFO | PokePowerRequests | BATTLE_START | Enemy: #024 'Арбок' | Level: 25
2026-02-18 21:16:59 | INFO | PokePowerRequests | BATTLE_ACTION | ATTACK | Description: Сглаз: 2/10
2026-02-18 21:16:59 | INFO | PokePowerRequests | INVENTORY | ADD | Монета | Count: 26
2026-02-18 21:17:02 | DEBUG | PokePowerRequests | Update request - sent
2026-02-18 21:17:05 | DEBUG | PokePowerRequests | Update request - sent
2026-02-18 21:17:08 | DEBUG | PokePowerRequests | Update request - sent
2026-02-18 21:17:11 | DEBUG | PokePowerRequests | Update request - sent
2026-02-18 21:17:14 | DEBUG | PokePowerRequests | Update request - sent
2026-02-18 21:17:17 | DEBUG | PokePowerRequests | Update request - sent
2026-02-18 21:17:21 | DEBUG | PokePowerRequests | Update request - sent
2026-02-18 21:17:21 | INFO | PokePowerRequests | BATTLE_START | Enemy: #024 'Арбок' | Level: 31
2026-02-18 21:17:21 | INFO | PokePowerRequests | BATTLE_ACTION | ATTACK | Description: Сглаз: 1/10
2026-02-18 21:17:21 | INFO | PokePowerRequests | INVENTORY | ADD | Монета | Count: 25
2026-02-18 21:17:24 | DEBUG | PokePowerRequests | Update request - sent
2026-02-18 21:17:27 | DEBUG | PokePowerRequests | Update request - sent
2026-02-18 21:17:30 | DEBUG | PokePowerRequests | Update request - sent
2026-02-18 21:17:33 | DEBUG | PokePowerRequests | Update request - sent
2026-02-18 21:17:36 | DEBUG | PokePowerRequests | Update request - sent
2026-02-18 21:17:39 | DEBUG | PokePowerRequests | Update request - sent
2026-02-18 21:17:42 | DEBUG | PokePowerRequests | Update request - sent
2026-02-18 21:17:42 | INFO | PokePowerRequests | BATTLE_START | Enemy: #024 'Арбок' | Level: 34
2026-02-18 21:17:42 | INFO | PokePowerRequests | BATTLE_ACTION | CHANGE | Description: Change current pokemon to: #151 Арамис
2026-02-18 21:17:42 | INFO | PokePowerRequests | BATTLE_ACTION | ATTACK | Description: Психошок: 9/10
2026-02-18 21:17:42 | INFO | PokePowerRequests | INVENTORY | ADD | Монета | Count: 21
2026-02-18 21:17:42 | INFO | PokePowerRequests | BATTLE_ACTION | START | Description: Start pokémon are now: #151 Арамис
2026-02-18 21:17:45 | DEBUG | PokePowerRequests | Update request - sent
2026-02-18 21:17:46 | INFO | PokePowerRequests | BOT_STOPPED |
2026-02-18 21:19:28 | INFO | PokePowerRequests | BOT_STARTED
2026-02-18 21:19:28 | DEBUG | PokePowerRequests | Successful authorization...
2026-02-18 21:19:29 | DEBUG | PokePowerRequests | Socket connection successfully established...
2026-02-18 21:19:29 | DEBUG | PokePowerRequests | Location data collected | Location name: Заброшенная исследовательская база | ID: 526 | Region: 1 | Available routes: [{'id': '525', 'name': 'Проход 3'}, {'id': '520', 'name': 'Змеиное логово, ответвление 1'}]
2026-02-18 21:19:29 | DEBUG | PokePowerRequests | Initialization completed, data collected...
2026-02-18 21:19:29 | DEBUG | PokePowerRequests | Pokemon: #379 Металик | Lvl: 100 | HP: 364 | Gender: genderless | Active: False
2026-02-18 21:19:29 | DEBUG | PokePowerRequests | Pokemon: #563 Клеопатра | Lvl: 100 | HP: 321 | Gender: venus | Active: True
2026-02-18 21:19:29 | DEBUG | PokePowerRequests | Successfully collected information about the user's Pokemon team...
2026-02-18 21:19:29 | DEBUG | PokePowerRequests | Collected data on available pokeballs:
        [['Гритбол', 3], ['Фастбол', 7], ['Покебол', 80], ['Тыквобол', 6], ['Генобол', 190], ['Ультрабол', 16], ['Даскбол', 3], ['Мастербол', 49], ['Шайнибол', 58], ['Взломанный Шайнибол', 12], ['Дистанцбол', 14]]
2026-02-18 21:19:29 | DEBUG | PokePowerRequests | Received ID of the Pokeball selected for catching - None
2026-02-18 21:19:29 | DEBUG | PokePowerRequests | Current value of completed battles - 404
2026-02-18 21:19:29 | DEBUG | PokePowerRequests | Update request - sent
2026-02-18 21:19:32 | DEBUG | PokePowerRequests | Update request - sent
2026-02-18 21:19:35 | DEBUG | PokePowerRequests | Update request - sent
2026-02-18 21:19:35 | INFO | PokePowerRequests | BATTLE_START | Enemy: #462 'Магнезон' | Level: 67
2026-02-18 21:19:35 | INFO | PokePowerRequests | BATTLE_ACTION | ATTACK | Description: Сглаз: 9/10
2026-02-18 21:19:35 | INFO | PokePowerRequests | BATTLE_ACTION | CHANGE | Description: Change current pokemon to: #379 Металик
2026-02-18 21:19:35 | INFO | PokePowerRequests | BATTLE_ACTION | ATTACK | Description: Суперсила: 4/5
2026-02-18 21:19:35 | INFO | PokePowerRequests | INVENTORY | ADD | Монета | Count: 27
2026-02-18 21:19:35 | INFO | PokePowerRequests | BATTLE_ACTION | START | Description: Start pokémon are now: #379 Металик
2026-02-18 21:19:38 | DEBUG | PokePowerRequests | Update request - sent
2026-02-18 21:19:41 | DEBUG | PokePowerRequests | Update request - sent
2026-02-18 21:19:44 | DEBUG | PokePowerRequests | Update request - sent
2026-02-18 21:19:48 | DEBUG | PokePowerRequests | Update request - sent
2026-02-18 21:19:51 | DEBUG | PokePowerRequests | Update request - sent
2026-02-18 21:19:54 | DEBUG | PokePowerRequests | Update request - sent
2026-02-18 21:19:54 | INFO | PokePowerRequests | BATTLE_START | Enemy: #024 'Арбок' | Level: 25
2026-02-18 21:19:54 | INFO | PokePowerRequests | BATTLE_ACTION | ATTACK | Description: Железная голова: 14/15
2026-02-18 21:19:54 | INFO | PokePowerRequests | INVENTORY | ADD | Монета | Count: 21
2026-02-18 21:19:57 | DEBUG | PokePowerRequests | Update request - sent
2026-02-18 21:20:00 | DEBUG | PokePowerRequests | Update request - sent
2026-02-18 21:20:03 | DEBUG | PokePowerRequests | Update request - sent
2026-02-18 21:20:06 | DEBUG | PokePowerRequests | Update request - sent
2026-02-18 21:20:09 | DEBUG | PokePowerRequests | Update request - sent
2026-02-18 21:20:12 | DEBUG | PokePowerRequests | Update request - sent
2026-02-18 21:20:15 | DEBUG | PokePowerRequests | Update request - sent
2026-02-18 21:20:15 | INFO | PokePowerRequests | BATTLE_START | Enemy: #462 'Магнезон' | Level: 65
2026-02-18 21:20:15 | INFO | PokePowerRequests | BATTLE_ACTION | ATTACK | Description: Суперсила: 3/5
2026-02-18 21:20:15 | INFO | PokePowerRequests | BATTLE_ACTION | ATTACK | Description: Суперсила: 2/5
2026-02-18 21:20:15 | INFO | PokePowerRequests | INVENTORY | ADD | Монета | Count: 26
2026-02-18 21:20:15 | INFO | PokePowerRequests | INVENTORY | ADD | Электродетали | Count: 1
2026-02-18 21:20:19 | DEBUG | PokePowerRequests | Update request - sent
2026-02-18 21:20:22 | DEBUG | PokePowerRequests | Update request - sent
2026-02-18 21:20:25 | DEBUG | PokePowerRequests | Update request - sent
2026-02-18 21:20:28 | DEBUG | PokePowerRequests | Update request - sent
2026-02-18 21:20:31 | DEBUG | PokePowerRequests | Update request - sent
2026-02-18 21:20:34 | DEBUG | PokePowerRequests | Update request - sent
2026-02-18 21:20:34 | INFO | PokePowerRequests | BATTLE_START | Enemy: #462 'Магнезон' | Level: 67
2026-02-18 21:20:34 | INFO | PokePowerRequests | BATTLE_ACTION | ATTACK | Description: Суперсила: 1/5
2026-02-18 21:20:34 | INFO | PokePowerRequests | INVENTORY | ADD | Монета | Count: 26
2026-02-18 21:20:37 | DEBUG | PokePowerRequests | Update request - sent
2026-02-18 21:20:40 | DEBUG | PokePowerRequests | Update request - sent
2026-02-18 21:20:43 | DEBUG | PokePowerRequests | Update request - sent
2026-02-18 21:20:46 | DEBUG | PokePowerRequests | Update request - sent
2026-02-18 21:20:49 | DEBUG | PokePowerRequests | Update request - sent
2026-02-18 21:20:49 | INFO | PokePowerRequests | BATTLE_START | Enemy: #024 'Арбок' | Level: 29
2026-02-18 21:20:49 | INFO | PokePowerRequests | BATTLE_ACTION | ATTACK | Description: Железная голова: 13/15
2026-02-18 21:20:49 | INFO | PokePowerRequests | INVENTORY | ADD | Монета | Count: 22
2026-02-18 21:20:53 | DEBUG | PokePowerRequests | Update request - sent
2026-02-18 21:20:56 | DEBUG | PokePowerRequests | Update request - sent
2026-02-18 21:20:59 | DEBUG | PokePowerRequests | Update request - sent
2026-02-18 21:21:02 | DEBUG | PokePowerRequests | Update request - sent
2026-02-18 21:21:05 | DEBUG | PokePowerRequests | Update request - sent
2026-02-18 21:21:05 | INFO | PokePowerRequests | BATTLE_START | Enemy: #462 'Магнезон' | Level: 72
2026-02-18 21:21:05 | INFO | PokePowerRequests | BATTLE_ACTION | ATTACK | Description: Суперсила: 0/5
2026-02-18 21:21:05 | INFO | PokePowerRequests | BATTLE_ACTION | ATTACK | Description: Железная голова: 12/15
2026-02-18 21:21:05 | INFO | PokePowerRequests | INVENTORY | ADD | Монета | Count: 28
2026-02-18 21:21:08 | DEBUG | PokePowerRequests | Update request - sent
2026-02-18 21:21:11 | DEBUG | PokePowerRequests | Update request - sent
2026-02-18 21:21:14 | DEBUG | PokePowerRequests | Update request - sent
2026-02-18 21:21:17 | DEBUG | PokePowerRequests | Update request - sent
2026-02-18 21:21:20 | DEBUG | PokePowerRequests | Update request - sent
2026-02-18 21:21:20 | INFO | PokePowerRequests | BATTLE_START | Enemy: #024 'Арбок' | Level: 34
2026-02-18 21:21:20 | INFO | PokePowerRequests | BATTLE_ACTION | ATTACK | Description: Железная голова: 11/15
2026-02-18 21:21:20 | INFO | PokePowerRequests | INVENTORY | ADD | Монета | Count: 22
2026-02-18 21:21:23 | DEBUG | PokePowerRequests | Update request - sent
2026-02-18 21:21:27 | DEBUG | PokePowerRequests | Update request - sent
2026-02-18 21:21:30 | DEBUG | PokePowerRequests | Update request - sent
2026-02-18 21:21:33 | DEBUG | PokePowerRequests | Update request - sent
2026-02-18 21:21:36 | DEBUG | PokePowerRequests | Update request - sent
2026-02-18 21:21:36 | INFO | PokePowerRequests | BATTLE_START | Enemy: #024 'Арбок' | Level: 33
2026-02-18 21:21:36 | INFO | PokePowerRequests | BATTLE_ACTION | ATTACK | Description: Железная голова: 10/15
2026-02-18 21:21:36 | INFO | PokePowerRequests | INVENTORY | ADD | Монета | Count: 21
2026-02-18 21:21:39 | DEBUG | PokePowerRequests | Update request - sent
2026-02-18 21:21:42 | DEBUG | PokePowerRequests | Update request - sent
2026-02-18 21:21:45 | DEBUG | PokePowerRequests | Update request - sent
2026-02-18 21:21:48 | DEBUG | PokePowerRequests | Update request - sent
2026-02-18 21:21:51 | DEBUG | PokePowerRequests | Update request - sent
2026-02-18 21:21:54 | DEBUG | PokePowerRequests | Update request - sent
2026-02-18 21:21:57 | DEBUG | PokePowerRequests | Update request - sent
2026-02-18 21:22:01 | DEBUG | PokePowerRequests | Update request - sent
2026-02-18 21:22:01 | INFO | PokePowerRequests | BATTLE_START | Enemy: #462 'Магнезон' | Level: 77
2026-02-18 21:22:01 | INFO | PokePowerRequests | BATTLE_ACTION | ATTACK | Description: Железная голова: 9/15
2026-02-18 21:22:01 | INFO | PokePowerRequests | BATTLE_ACTION | ATTACK | Description: Железная голова: 8/15
2026-02-18 21:22:01 | INFO | PokePowerRequests | BATTLE_ACTION | ATTACK | Description: Железная голова: 7/15
2026-02-18 21:22:01 | INFO | PokePowerRequests | BATTLE_ACTION | ATTACK | Description: Железная голова: 6/15
2026-02-18 21:22:01 | INFO | PokePowerRequests | BATTLE_ACTION | ATTACK | Description: Железная голова: 5/15
2026-02-18 21:22:01 | INFO | PokePowerRequests | BATTLE_ACTION | ATTACK | Description: Железная голова: 4/15
2026-02-18 21:22:01 | INFO | PokePowerRequests | BATTLE_ACTION | ATTACK | Description: Железная голова: 3/15
2026-02-18 21:22:01 | INFO | PokePowerRequests | INVENTORY | ADD | Монета | Count: 26
2026-02-18 21:22:04 | DEBUG | PokePowerRequests | Update request - sent
2026-02-18 21:22:07 | DEBUG | PokePowerRequests | Update request - sent
2026-02-18 21:22:10 | DEBUG | PokePowerRequests | Update request - sent
2026-02-18 21:22:13 | DEBUG | PokePowerRequests | Update request - sent
2026-02-18 21:22:16 | DEBUG | PokePowerRequests | Update request - sent
2026-02-18 21:22:19 | DEBUG | PokePowerRequests | Update request - sent
2026-02-18 21:22:22 | DEBUG | PokePowerRequests | Update request - sent
2026-02-18 21:22:22 | INFO | PokePowerRequests | BATTLE_START | Enemy: #024 'Арбок' | Level: 31
2026-02-18 21:22:22 | INFO | PokePowerRequests | BATTLE_ACTION | ATTACK | Description: Железная голова: 2/15
2026-02-18 21:22:22 | INFO | PokePowerRequests | INVENTORY | ADD | Монета | Count: 22
2026-02-18 21:22:22 | INFO | PokePowerRequests | INVENTORY | ADD | Снежок | Count: 1
2026-02-18 21:22:26 | DEBUG | PokePowerRequests | Update request - sent
2026-02-18 21:22:29 | DEBUG | PokePowerRequests | Update request - sent
2026-02-18 21:22:32 | DEBUG | PokePowerRequests | Update request - sent
2026-02-18 21:22:35 | DEBUG | PokePowerRequests | Update request - sent
2026-02-18 21:22:38 | DEBUG | PokePowerRequests | Update request - sent
2026-02-18 21:22:41 | DEBUG | PokePowerRequests | Update request - sent
2026-02-18 21:22:44 | DEBUG | PokePowerRequests | Update request - sent
2026-02-18 21:22:44 | INFO | PokePowerRequests | BATTLE_START | Enemy: #024 'Арбок' | Level: 29
2026-02-18 21:22:44 | INFO | PokePowerRequests | BATTLE_ACTION | ATTACK | Description: Железная голова: 1/15
2026-02-18 21:22:44 | INFO | PokePowerRequests | INVENTORY | ADD | Монета | Count: 21
2026-02-18 21:22:44 | DEBUG | PokePowerRequests | Move to - 520
2026-02-18 21:22:44 | DEBUG | PokePowerRequests | Location data collected | Location name: Змеиное логово, ответвление 1 | ID: 520 | Region: 1 | Available routes: [{'id': '521', 'name': 'Змеиное логово, ответвление 2'}, {'id': '522', 'name': 'Змеиное логово, ответвление 3'}]
2026-02-18 21:22:44 | DEBUG | PokePowerRequests | Move to - 522
2026-02-18 21:22:44 | DEBUG | PokePowerRequests | Location data collected | Location name: Змеиное логово, ответвление 3 | ID: 522 | Region: 1 | Available routes: [{'id': '520', 'name': 'Змеиное логово, ответвление 1'}, {'id': '521', 'name': 'Змеиное логово, ответвление 2'}, {'id': '527', 'name': 'Проход 4'}]
2026-02-18 21:22:44 | DEBUG | PokePowerRequests | Move to - 527
2026-02-18 21:22:44 | DEBUG | PokePowerRequests | Location data collected | Location name: Проход 4 | ID: 527 | Region: 1 | Available routes: [{'id': '519', 'name': 'Проход 1'}, {'id': '525', 'name': 'Проход 3'}, {'id': '528', 'name': 'Выход'}]
2026-02-18 21:22:44 | DEBUG | PokePowerRequests | Move to - 528
2026-02-18 21:22:44 | DEBUG | PokePowerRequests | Location data collected | Location name: Дорога 9 | ID: 35 | Region: 1 | Available routes: [{'id': '31', 'name': 'Церулин'}, {'id': '37', 'name': 'Разрушенная электростанция'}]
2026-02-18 21:22:44 | DEBUG | PokePowerRequests | Move to - 31
2026-02-18 21:22:44 | DEBUG | PokePowerRequests | Location data collected | Location name: Церулин | ID: 31 | Region: 1 | Available routes: [{'id': '32', 'name': 'Покецентр'}, {'id': '33', 'name': 'Дорога 4'}, {'id': '35', 'name': 'Дорога 9'}, {'id': '58', 'name': 'Покемаркет'}, {'id': '228', 'name': 'Торговый центр «Пиджеот»'}]
2026-02-18 21:22:44 | DEBUG | PokePowerRequests | Move to - 32
2026-02-18 21:22:44 | DEBUG | PokePowerRequests | Location data collected | Location name: Покецентр | ID: 32 | Region: 1 | Available routes: [{'id': '31', 'name': 'Церулин'}]
2026-02-18 21:22:44 | INFO | PokePowerRequests | POKECENTER | HEAL | Reason: Pokemons has a small amount of HP
2026-02-18 21:22:44 | DEBUG | PokePowerRequests | Successfully collected information about the user's Pokemon team...
2026-02-18 21:22:45 | DEBUG | PokePowerRequests | Move to - 31
2026-02-18 21:22:45 | DEBUG | PokePowerRequests | Location data collected | Location name: Церулин | ID: 31 | Region: 1 | Available routes: [{'id': '32', 'name': 'Покецентр'}, {'id': '33', 'name': 'Дорога 4'}, {'id': '35', 'name': 'Дорога 9'}, {'id': '58', 'name': 'Покемаркет'}, {'id': '228', 'name': 'Торговый центр «Пиджеот»'}]
2026-02-18 21:22:45 | DEBUG | PokePowerRequests | Move to - 33
2026-02-18 21:22:45 | DEBUG | PokePowerRequests | Location data collected | Location name: Дорога 4 | ID: 33 | Region: 1 | Available routes: [{'id': '31', 'name': 'Церулин'}, {'id': '34', 'name': 'Лунная гора'}, {'id': '529', 'name': 'Спуск'}]
2026-02-18 21:22:45 | DEBUG | PokePowerRequests | Move to - 529
2026-02-18 21:22:45 | DEBUG | PokePowerRequests | Location data collected | Location name: Перекресток | ID: 30 | Region: 1 | Available routes: [{'id': '28', 'name': 'Шафрания'}, {'id': '413', 'name': 'Ядовитый стадион'}]
2026-02-18 21:22:45 | DEBUG | PokePowerRequests | Move to - 28
2026-02-18 21:22:45 | DEBUG | PokePowerRequests | Location data collected | Location name: Шафрания | ID: 28 | Region: 1 | Available routes: [{'id': '27', 'name': 'Дорога 7'}, {'id': '29', 'name': 'Покецентр'}, {'id': '30', 'name': 'Перекресток'}, {'id': '41', 'name': 'Дорога 8'}, {'id': '47', 'name': 'Дорога 6'}, {'id': '57', 'name': 'Покемаркет'}, {'id': '409', 'name': 'Стадион драконов'}]
2026-02-18 21:22:45 | DEBUG | PokePowerRequests | Move to - 41
2026-02-18 21:22:45 | DEBUG | PokePowerRequests | Location data collected | Location name: Дорога 8 | ID: 41 | Region: 1 | Available routes: [{'id': '39', 'name': 'Лавендер'}, {'id': '28', 'name': 'Шафрания'}, {'id': '227', 'name': 'Ферма'}]
2026-02-18 21:22:45 | DEBUG | PokePowerRequests | Move to - 39
2026-02-18 21:22:45 | DEBUG | PokePowerRequests | Location data collected | Location name: Лавендер | ID: 39 | Region: 1 | Available routes: [{'id': '38', 'name': 'Дорога 10'}, {'id': '40', 'name': 'Покецентр'}, {'id': '41', 'name': 'Дорога 8'}, {'id': '42', 'name': 'Дорога 12'}, {'id': '59', 'name': 'Покемаркет'}, {'id': '223', 'name': 'Аптека Лавендера'}]
2026-02-18 21:22:45 | DEBUG | PokePowerRequests | Move to - 38
2026-02-18 21:22:45 | DEBUG | PokePowerRequests | Location data collected | Location name: Дорога 10 | ID: 38 | Region: 1 | Available routes: [{'id': '36', 'name': 'Вход в лабиринт'}, {'id': '39', 'name': 'Лавендер'}]
2026-02-18 21:22:45 | DEBUG | PokePowerRequests | Move to - 36
2026-02-18 21:22:45 | DEBUG | PokePowerRequests | Location data collected | Location name: Коридор 1 | ID: 509 | Region: 1 | Available routes: [{'id': '510', 'name': 'Коридор 2'}, {'id': '512', 'name': 'Коридор 4'}, {'id': '514', 'name': 'Коридор 6'}]
2026-02-18 21:22:45 | DEBUG | PokePowerRequests | Move to - 510
2026-02-18 21:22:45 | DEBUG | PokePowerRequests | Location data collected | Location name: Коридор 2 | ID: 510 | Region: 1 | Available routes: [{'id': '513', 'name': 'Коридор 5'}, {'id': '514', 'name': 'Коридор 6'}]
2026-02-18 21:22:45 | DEBUG | PokePowerRequests | Move to - 513
2026-02-18 21:22:45 | DEBUG | PokePowerRequests | Location data collected | Location name: Коридор 5 | ID: 513 | Region: 1 | Available routes: [{'id': '509', 'name': 'Коридор 1'}, {'id': '510', 'name': 'Коридор 2'}, {'id': '517', 'name': 'Коридор 9'}]
2026-02-18 21:22:45 | DEBUG | PokePowerRequests | Move to - 517
2026-02-18 21:22:45 | DEBUG | PokePowerRequests | Location data collected | Location name: Коридор 2 | ID: 510 | Region: 1 | Available routes: [{'id': '513', 'name': 'Коридор 5'}, {'id': '514', 'name': 'Коридор 6'}]
2026-02-18 21:22:45 | DEBUG | PokePowerRequests | Move to - 513
2026-02-18 21:22:45 | DEBUG | PokePowerRequests | Location data collected | Location name: Коридор 5 | ID: 513 | Region: 1 | Available routes: [{'id': '509', 'name': 'Коридор 1'}, {'id': '510', 'name': 'Коридор 2'}, {'id': '517', 'name': 'Коридор 9'}]
2026-02-18 21:22:45 | DEBUG | PokePowerRequests | Move to - 517
2026-02-18 21:22:45 | DEBUG | PokePowerRequests | Location data collected | Location name: Коридор 9 | ID: 517 | Region: 1 | Available routes: [{'id': '511', 'name': 'Коридор 3'}, {'id': '512', 'name': 'Коридор 4'}, {'id': '516', 'name': 'Коридор 8'}]
2026-02-18 21:22:45 | DEBUG | PokePowerRequests | Move to - 516
2026-02-18 21:22:45 | DEBUG | PokePowerRequests | Location data collected | Location name: Коридор 8 | ID: 516 | Region: 1 | Available routes: [{'id': '510', 'name': 'Коридор 2'}, {'id': '513', 'name': 'Коридор 5'}, {'id': '515', 'name': 'Коридор 7'}]
2026-02-18 21:22:45 | DEBUG | PokePowerRequests | Move to - 515
2026-02-18 21:22:45 | DEBUG | PokePowerRequests | Location data collected | Location name: Гранитный зал | ID: 518 | Region: 1 | Available routes: [{'id': '519', 'name': 'Проход 1'}, {'id': '523', 'name': 'Проход 2'}, {'id': '525', 'name': 'Проход 3'}]
2026-02-18 21:22:45 | DEBUG | PokePowerRequests | Move to - 519
2026-02-18 21:22:45 | DEBUG | PokePowerRequests | Location data collected | Location name: Проход 1 | ID: 519 | Region: 1 | Available routes: [{'id': '526', 'name': 'Заброшенная исследовательская база'}, {'id': '518', 'name': 'Гранитный зал'}]
2026-02-18 21:22:45 | DEBUG | PokePowerRequests | Move to - 526
2026-02-18 21:22:45 | DEBUG | PokePowerRequests | Location data collected | Location name: Заброшенная исследовательская база | ID: 526 | Region: 1 | Available routes: [{'id': '525', 'name': 'Проход 3'}, {'id': '520', 'name': 'Змеиное логово, ответвление 1'}]
2026-02-18 21:22:48 | DEBUG | PokePowerRequests | Update request - sent
2026-02-18 21:22:51 | DEBUG | PokePowerRequests | Update request - sent
2026-02-18 21:22:54 | DEBUG | PokePowerRequests | Update request - sent
2026-02-18 21:22:58 | DEBUG | PokePowerRequests | Update request - sent
2026-02-18 21:23:01 | DEBUG | PokePowerRequests | Update request - sent
2026-02-18 21:23:01 | INFO | PokePowerRequests | BATTLE_START | Enemy: #024 'Арбок' | Level: 27
2026-02-18 21:23:01 | INFO | PokePowerRequests | BATTLE_ACTION | ATTACK | Description: Железная голова: 14/15
2026-02-18 21:23:01 | INFO | PokePowerRequests | INVENTORY | ADD | Монета | Count: 24
2026-02-18 21:23:04 | DEBUG | PokePowerRequests | Update request - sent
2026-02-18 21:23:07 | DEBUG | PokePowerRequests | Update request - sent
2026-02-18 21:23:10 | DEBUG | PokePowerRequests | Update request - sent
2026-02-18 21:23:13 | DEBUG | PokePowerRequests | Update request - sent
2026-02-18 21:23:16 | DEBUG | PokePowerRequests | Update request - sent
2026-02-18 21:23:16 | INFO | PokePowerRequests | BATTLE_START | Enemy: #024 'Арбок' | Level: 30
2026-02-18 21:23:16 | INFO | PokePowerRequests | BATTLE_ACTION | ATTACK | Description: Железная голова: 13/15
2026-02-18 21:23:16 | INFO | PokePowerRequests | INVENTORY | ADD | Монета | Count: 23
2026-02-18 21:23:19 | DEBUG | PokePowerRequests | Update request - sent
2026-02-18 21:23:22 | DEBUG | PokePowerRequests | Update request - sent
2026-02-18 21:23:25 | DEBUG | PokePowerRequests | Update request - sent
2026-02-18 21:23:28 | DEBUG | PokePowerRequests | Update request - sent
2026-02-18 21:23:31 | DEBUG | PokePowerRequests | Update request - sent
2026-02-18 21:23:35 | DEBUG | PokePowerRequests | Update request - sent
2026-02-18 21:23:38 | DEBUG | PokePowerRequests | Update request - sent
2026-02-18 21:23:41 | DEBUG | PokePowerRequests | Update request - sent
2026-02-18 21:23:41 | INFO | PokePowerRequests | BATTLE_START | Enemy: #024 'Арбок' | Level: 32
2026-02-18 21:23:41 | INFO | PokePowerRequests | BATTLE_ACTION | ATTACK | Description: Железная голова: 12/15
2026-02-18 21:23:41 | INFO | PokePowerRequests | INVENTORY | ADD | Монета | Count: 22
2026-02-18 21:23:44 | DEBUG | PokePowerRequests | Update request - sent
2026-02-18 21:23:47 | DEBUG | PokePowerRequests | Update request - sent
2026-02-18 21:23:50 | DEBUG | PokePowerRequests | Update request - sent
2026-02-18 21:23:53 | DEBUG | PokePowerRequests | Update request - sent
2026-02-18 21:23:53 | INFO | PokePowerRequests | BATTLE_START | Enemy: #024 'Арбок' | Level: 26
2026-02-18 21:23:53 | INFO | PokePowerRequests | BATTLE_ACTION | ATTACK | Description: Железная голова: 11/15
2026-02-18 21:23:53 | INFO | PokePowerRequests | INVENTORY | ADD | Монета | Count: 25
2026-02-18 21:23:56 | DEBUG | PokePowerRequests | Update request - sent
2026-02-18 21:23:59 | DEBUG | PokePowerRequests | Update request - sent
2026-02-18 21:24:02 | DEBUG | PokePowerRequests | Update request - sent
2026-02-18 21:24:05 | DEBUG | PokePowerRequests | Update request - sent
2026-02-18 21:24:08 | DEBUG | PokePowerRequests | Update request - sent
2026-02-18 21:24:12 | DEBUG | PokePowerRequests | Update request - sent
2026-02-18 21:24:15 | DEBUG | PokePowerRequests | Update request - sent
2026-02-18 21:24:15 | INFO | PokePowerRequests | BATTLE_START | Enemy: #462 'Магнезон' | Level: 66
2026-02-18 21:24:15 | INFO | PokePowerRequests | BATTLE_ACTION | ATTACK | Description: Суперсила: 4/5
2026-02-18 21:24:15 | INFO | PokePowerRequests | INVENTORY | ADD | Монета | Count: 24
2026-02-18 21:24:15 | INFO | PokePowerRequests | INVENTORY | ADD | Снежок | Count: 1
2026-02-18 21:24:18 | DEBUG | PokePowerRequests | Update request - sent
2026-02-18 21:24:21 | DEBUG | PokePowerRequests | Update request - sent
2026-02-18 21:24:24 | DEBUG | PokePowerRequests | Update request - sent
2026-02-18 21:24:27 | DEBUG | PokePowerRequests | Update request - sent
2026-02-18 21:24:30 | DEBUG | PokePowerRequests | Update request - sent
2026-02-18 21:24:33 | DEBUG | PokePowerRequests | Update request - sent
2026-02-18 21:24:33 | INFO | PokePowerRequests | BATTLE_START | Enemy: #024 'Арбок' | Level: 30
2026-02-18 21:24:33 | INFO | PokePowerRequests | BATTLE_ACTION | ATTACK | Description: Железная голова: 10/15
2026-02-18 21:24:33 | INFO | PokePowerRequests | INVENTORY | ADD | Монета | Count: 23
2026-02-18 21:24:37 | DEBUG | PokePowerRequests | Update request - sent
2026-02-18 21:24:40 | DEBUG | PokePowerRequests | Update request - sent
2026-02-18 21:24:43 | DEBUG | PokePowerRequests | Update request - sent
2026-02-18 21:24:46 | DEBUG | PokePowerRequests | Update request - sent
2026-02-18 21:24:49 | DEBUG | PokePowerRequests | Update request - sent
2026-02-18 21:24:49 | INFO | PokePowerRequests | BATTLE_START | Enemy: #024 'Арбок' | Level: 26
2026-02-18 21:24:49 | INFO | PokePowerRequests | BATTLE_ACTION | ATTACK | Description: Железная голова: 9/15
2026-02-18 21:24:49 | INFO | PokePowerRequests | INVENTORY | ADD | Монета | Count: 26
2026-02-18 21:24:52 | DEBUG | PokePowerRequests | Update request - sent
2026-02-18 21:24:55 | DEBUG | PokePowerRequests | Update request - sent
2026-02-18 21:24:58 | DEBUG | PokePowerRequests | Update request - sent
2026-02-18 21:25:01 | DEBUG | PokePowerRequests | Update request - sent
2026-02-18 21:25:04 | DEBUG | PokePowerRequests | Update request - sent
2026-02-18 21:25:08 | DEBUG | PokePowerRequests | Update request - sent
2026-02-18 21:25:11 | DEBUG | PokePowerRequests | Update request - sent
2026-02-18 21:25:11 | INFO | PokePowerRequests | BATTLE_START | Enemy: #024 'Арбок' | Level: 25
2026-02-18 21:25:11 | INFO | PokePowerRequests | BATTLE_ACTION | ATTACK | Description: Железная голова: 8/15
2026-02-18 21:25:11 | INFO | PokePowerRequests | INVENTORY | ADD | Монета | Count: 23
2026-02-18 21:25:11 | INFO | PokePowerRequests | INVENTORY | ADD | Снежок | Count: 1
2026-02-18 21:25:14 | DEBUG | PokePowerRequests | Update request - sent
2026-02-18 21:25:17 | DEBUG | PokePowerRequests | Update request - sent
2026-02-18 21:25:20 | DEBUG | PokePowerRequests | Update request - sent
2026-02-18 21:25:23 | DEBUG | PokePowerRequests | Update request - sent
2026-02-18 21:25:26 | DEBUG | PokePowerRequests | Update request - sent
2026-02-18 21:25:26 | INFO | PokePowerRequests | BATTLE_START | Enemy: #462 'Магнезон' | Level: 72
2026-02-18 21:25:26 | INFO | PokePowerRequests | BATTLE_ACTION | ATTACK | Description: Суперсила: 3/5
2026-02-18 21:25:27 | INFO | PokePowerRequests | BATTLE_ACTION | ATTACK | Description: Суперсила: 2/5
2026-02-18 21:25:27 | INFO | PokePowerRequests | INVENTORY | ADD | Монета | Count: 23
2026-02-18 21:25:30 | DEBUG | PokePowerRequests | Update request - sent
2026-02-18 21:25:33 | DEBUG | PokePowerRequests | Update request - sent
2026-02-18 21:25:36 | DEBUG | PokePowerRequests | Update request - sent
2026-02-18 21:25:39 | DEBUG | PokePowerRequests | Update request - sent
2026-02-18 21:25:42 | DEBUG | PokePowerRequests | Update request - sent
2026-02-18 21:25:46 | DEBUG | PokePowerRequests | Update request - sent
2026-02-18 21:25:46 | INFO | PokePowerRequests | BATTLE_START | Enemy: #024 'Арбок' | Level: 29
2026-02-18 21:25:46 | INFO | PokePowerRequests | BATTLE_ACTION | ATTACK | Description: Железная голова: 7/15
2026-02-18 21:25:46 | INFO | PokePowerRequests | INVENTORY | ADD | Монета | Count: 24
2026-02-18 21:25:49 | DEBUG | PokePowerRequests | Update request - sent
2026-02-18 21:25:52 | DEBUG | PokePowerRequests | Update request - sent
2026-02-18 21:25:55 | DEBUG | PokePowerRequests | Update request - sent
2026-02-18 21:25:58 | DEBUG | PokePowerRequests | Update request - sent
2026-02-18 21:26:01 | DEBUG | PokePowerRequests | Update request - sent
2026-02-18 21:26:04 | DEBUG | PokePowerRequests | Update request - sent
2026-02-18 21:26:07 | DEBUG | PokePowerRequests | Update request - sent
2026-02-18 21:26:07 | INFO | PokePowerRequests | BATTLE_START | Enemy: #024 'Арбок' | Level: 28
2026-02-18 21:26:08 | INFO | PokePowerRequests | BATTLE_ACTION | ATTACK | Description: Железная голова: 6/15
2026-02-18 21:26:08 | INFO | PokePowerRequests | INVENTORY | ADD | Монета | Count: 22
2026-02-18 21:26:11 | DEBUG | PokePowerRequests | Update request - sent
2026-02-18 21:26:14 | DEBUG | PokePowerRequests | Update request - sent
2026-02-18 21:26:17 | DEBUG | PokePowerRequests | Update request - sent
2026-02-18 21:26:20 | DEBUG | PokePowerRequests | Update request - sent
2026-02-18 21:26:23 | DEBUG | PokePowerRequests | Update request - sent
2026-02-18 21:26:26 | DEBUG | PokePowerRequests | Update request - sent
2026-02-18 21:26:26 | INFO | PokePowerRequests | BATTLE_START | Enemy: #024 'Арбок' | Level: 31
2026-02-18 21:26:26 | INFO | PokePowerRequests | BATTLE_ACTION | ATTACK | Description: Железная голова: 5/15
2026-02-18 21:26:26 | INFO | PokePowerRequests | INVENTORY | ADD | Монета | Count: 23
2026-02-18 21:26:29 | DEBUG | PokePowerRequests | Update request - sent
2026-02-18 21:26:32 | DEBUG | PokePowerRequests | Update request - sent
2026-02-18 21:26:36 | DEBUG | PokePowerRequests | Update request - sent
2026-02-18 21:26:39 | DEBUG | PokePowerRequests | Update request - sent
2026-02-18 21:26:42 | DEBUG | PokePowerRequests | Update request - sent
2026-02-18 21:26:42 | INFO | PokePowerRequests | BATTLE_START | Enemy: #462 'Магнезон' | Level: 79
2026-02-18 21:26:42 | INFO | PokePowerRequests | BATTLE_ACTION | ATTACK | Description: Суперсила: 1/5
2026-02-18 21:26:42 | INFO | PokePowerRequests | INVENTORY | ADD | Монета | Count: 25
2026-02-18 21:26:42 | INFO | PokePowerRequests | INVENTORY | ADD | Электродетали | Count: 1
2026-02-18 21:26:45 | DEBUG | PokePowerRequests | Update request - sent
2026-02-18 21:26:48 | DEBUG | PokePowerRequests | Update request - sent
2026-02-18 21:26:51 | DEBUG | PokePowerRequests | Update request - sent
2026-02-18 21:26:54 | DEBUG | PokePowerRequests | Update request - sent
2026-02-18 21:26:57 | DEBUG | PokePowerRequests | Update request - sent
2026-02-18 21:26:57 | INFO | PokePowerRequests | BATTLE_START | Enemy: #024 'Арбок' | Level: 35
2026-02-18 21:26:58 | INFO | PokePowerRequests | BATTLE_ACTION | ATTACK | Description: Железная голова: 4/15
2026-02-18 21:26:58 | INFO | PokePowerRequests | INVENTORY | ADD | Монета | Count: 26
2026-02-18 21:27:01 | DEBUG | PokePowerRequests | Update request - sent
2026-02-18 21:27:04 | DEBUG | PokePowerRequests | Update request - sent
2026-02-18 21:27:07 | DEBUG | PokePowerRequests | Update request - sent
2026-02-18 21:27:10 | DEBUG | PokePowerRequests | Update request - sent
2026-02-18 21:27:13 | DEBUG | PokePowerRequests | Update request - sent
2026-02-18 21:27:16 | DEBUG | PokePowerRequests | Update request - sent
2026-02-18 21:27:16 | INFO | PokePowerRequests | BATTLE_START | Enemy: #024 'Арбок' | Level: 29
2026-02-18 21:27:16 | INFO | PokePowerRequests | BATTLE_ACTION | ATTACK | Description: Железная голова: 3/15
2026-02-18 21:27:16 | INFO | PokePowerRequests | INVENTORY | ADD | Монета | Count: 23
2026-02-18 21:27:16 | INFO | PokePowerRequests | INVENTORY | ADD | Снежок | Count: 1
2026-02-18 21:27:19 | DEBUG | PokePowerRequests | Update request - sent
2026-02-18 21:27:22 | DEBUG | PokePowerRequests | Update request - sent
2026-02-18 21:27:26 | DEBUG | PokePowerRequests | Update request - sent
2026-02-18 21:27:29 | DEBUG | PokePowerRequests | Update request - sent
2026-02-18 21:27:32 | DEBUG | PokePowerRequests | Update request - sent
2026-02-18 21:27:35 | DEBUG | PokePowerRequests | Update request - sent
2026-02-18 21:27:35 | INFO | PokePowerRequests | BATTLE_START | Enemy: #024 'Арбок' | Level: 28
2026-02-18 21:27:35 | INFO | PokePowerRequests | BATTLE_ACTION | ATTACK | Description: Железная голова: 2/15
2026-02-18 21:27:35 | INFO | PokePowerRequests | INVENTORY | ADD | Монета | Count: 22
2026-02-18 21:27:38 | DEBUG | PokePowerRequests | Update request - sent
2026-02-18 21:27:41 | DEBUG | PokePowerRequests | Update request - sent
2026-02-18 21:27:44 | DEBUG | PokePowerRequests | Update request - sent
2026-02-18 21:27:47 | DEBUG | PokePowerRequests | Update request - sent
2026-02-18 21:27:50 | DEBUG | PokePowerRequests | Update request - sent
2026-02-18 21:27:54 | DEBUG | PokePowerRequests | Update request - sent
2026-02-18 21:27:54 | INFO | PokePowerRequests | BATTLE_START | Enemy: #462 'Магнезон' | Level: 74
2026-02-18 21:27:54 | INFO | PokePowerRequests | BATTLE_ACTION | ATTACK | Description: Суперсила: 0/5
2026-02-18 21:27:54 | INFO | PokePowerRequests | INVENTORY | ADD | Монета | Count: 24
2026-02-18 21:27:57 | DEBUG | PokePowerRequests | Update request - sent
2026-02-18 21:28:00 | DEBUG | PokePowerRequests | Update request - sent
2026-02-18 21:28:03 | DEBUG | PokePowerRequests | Update request - sent
2026-02-18 21:28:06 | DEBUG | PokePowerRequests | Update request - sent
2026-02-18 21:28:09 | DEBUG | PokePowerRequests | Update request - sent
2026-02-18 21:28:12 | DEBUG | PokePowerRequests | Update request - sent
2026-02-18 21:28:12 | INFO | PokePowerRequests | BATTLE_START | Enemy: #024 'Арбок' | Level: 35
2026-02-18 21:28:12 | INFO | PokePowerRequests | BATTLE_ACTION | ATTACK | Description: Железная голова: 1/15
2026-02-18 21:28:12 | INFO | PokePowerRequests | INVENTORY | ADD | Монета | Count: 21
2026-02-18 21:28:13 | DEBUG | PokePowerRequests | Move to - 520
2026-02-18 21:28:13 | DEBUG | PokePowerRequests | Location data collected | Location name: Змеиное логово, ответвление 1 | ID: 520 | Region: 1 | Available routes: [{'id': '521', 'name': 'Змеиное логово, ответвление 2'}, {'id': '522', 'name': 'Змеиное логово, ответвление 3'}]
2026-02-18 21:28:13 | DEBUG | PokePowerRequests | Move to - 522
2026-02-18 21:28:13 | DEBUG | PokePowerRequests | Location data collected | Location name: Змеиное логово, ответвление 3 | ID: 522 | Region: 1 | Available routes: [{'id': '520', 'name': 'Змеиное логово, ответвление 1'}, {'id': '521', 'name': 'Змеиное логово, ответвление 2'}, {'id': '527', 'name': 'Проход 4'}]
2026-02-18 21:28:13 | DEBUG | PokePowerRequests | Move to - 527
2026-02-18 21:28:13 | DEBUG | PokePowerRequests | Location data collected | Location name: Проход 4 | ID: 527 | Region: 1 | Available routes: [{'id': '519', 'name': 'Проход 1'}, {'id': '525', 'name': 'Проход 3'}, {'id': '528', 'name': 'Выход'}]
2026-02-18 21:28:13 | DEBUG | PokePowerRequests | Move to - 528
2026-02-18 21:28:13 | DEBUG | PokePowerRequests | Location data collected | Location name: Дорога 9 | ID: 35 | Region: 1 | Available routes: [{'id': '31', 'name': 'Церулин'}, {'id': '37', 'name': 'Разрушенная электростанция'}]
2026-02-18 21:28:13 | DEBUG | PokePowerRequests | Move to - 31
2026-02-18 21:28:13 | DEBUG | PokePowerRequests | Location data collected | Location name: Церулин | ID: 31 | Region: 1 | Available routes: [{'id': '32', 'name': 'Покецентр'}, {'id': '33', 'name': 'Дорога 4'}, {'id': '35', 'name': 'Дорога 9'}, {'id': '58', 'name': 'Покемаркет'}, {'id': '228', 'name': 'Торговый центр «Пиджеот»'}]
2026-02-18 21:28:13 | DEBUG | PokePowerRequests | Move to - 32
2026-02-18 21:28:13 | DEBUG | PokePowerRequests | Location data collected | Location name: Покецентр | ID: 32 | Region: 1 | Available routes: [{'id': '31', 'name': 'Церулин'}]
2026-02-18 21:28:13 | INFO | PokePowerRequests | POKECENTER | HEAL | Reason: Pokemons has a small amount of HP
2026-02-18 21:28:13 | DEBUG | PokePowerRequests | Successfully collected information about the user's Pokemon team...
2026-02-18 21:28:13 | DEBUG | PokePowerRequests | Move to - 31
2026-02-18 21:28:13 | DEBUG | PokePowerRequests | Location data collected | Location name: Церулин | ID: 31 | Region: 1 | Available routes: [{'id': '32', 'name': 'Покецентр'}, {'id': '33', 'name': 'Дорога 4'}, {'id': '35', 'name': 'Дорога 9'}, {'id': '58', 'name': 'Покемаркет'}, {'id': '228', 'name': 'Торговый центр «Пиджеот»'}]
2026-02-18 21:28:13 | DEBUG | PokePowerRequests | Move to - 33
2026-02-18 21:28:13 | DEBUG | PokePowerRequests | Location data collected | Location name: Дорога 4 | ID: 33 | Region: 1 | Available routes: [{'id': '31', 'name': 'Церулин'}, {'id': '34', 'name': 'Лунная гора'}, {'id': '529', 'name': 'Спуск'}]
2026-02-18 21:28:13 | DEBUG | PokePowerRequests | Move to - 529
2026-02-18 21:28:13 | DEBUG | PokePowerRequests | Location data collected | Location name: Перекресток | ID: 30 | Region: 1 | Available routes: [{'id': '28', 'name': 'Шафрания'}, {'id': '413', 'name': 'Ядовитый стадион'}]
2026-02-18 21:28:13 | DEBUG | PokePowerRequests | Move to - 28
2026-02-18 21:28:13 | DEBUG | PokePowerRequests | Location data collected | Location name: Шафрания | ID: 28 | Region: 1 | Available routes: [{'id': '27', 'name': 'Дорога 7'}, {'id': '29', 'name': 'Покецентр'}, {'id': '30', 'name': 'Перекресток'}, {'id': '41', 'name': 'Дорога 8'}, {'id': '47', 'name': 'Дорога 6'}, {'id': '57', 'name': 'Покемаркет'}, {'id': '409', 'name': 'Стадион драконов'}]
2026-02-18 21:28:13 | DEBUG | PokePowerRequests | Move to - 41
2026-02-18 21:28:13 | DEBUG | PokePowerRequests | Location data collected | Location name: Дорога 8 | ID: 41 | Region: 1 | Available routes: [{'id': '39', 'name': 'Лавендер'}, {'id': '28', 'name': 'Шафрания'}, {'id': '227', 'name': 'Ферма'}]
2026-02-18 21:28:13 | DEBUG | PokePowerRequests | Move to - 39
2026-02-18 21:28:13 | DEBUG | PokePowerRequests | Location data collected | Location name: Лавендер | ID: 39 | Region: 1 | Available routes: [{'id': '38', 'name': 'Дорога 10'}, {'id': '40', 'name': 'Покецентр'}, {'id': '41', 'name': 'Дорога 8'}, {'id': '42', 'name': 'Дорога 12'}, {'id': '59', 'name': 'Покемаркет'}, {'id': '223', 'name': 'Аптека Лавендера'}]
2026-02-18 21:28:14 | DEBUG | PokePowerRequests | Move to - 38
2026-02-18 21:28:14 | DEBUG | PokePowerRequests | Location data collected | Location name: Дорога 10 | ID: 38 | Region: 1 | Available routes: [{'id': '36', 'name': 'Вход в лабиринт'}, {'id': '39', 'name': 'Лавендер'}]
2026-02-18 21:28:14 | DEBUG | PokePowerRequests | Move to - 36
2026-02-18 21:28:14 | DEBUG | PokePowerRequests | Location data collected | Location name: Коридор 1 | ID: 509 | Region: 1 | Available routes: [{'id': '510', 'name': 'Коридор 2'}, {'id': '512', 'name': 'Коридор 4'}, {'id': '514', 'name': 'Коридор 6'}]
2026-02-18 21:28:14 | DEBUG | PokePowerRequests | Move to - 510
2026-02-18 21:28:14 | DEBUG | PokePowerRequests | Location data collected | Location name: Коридор 2 | ID: 510 | Region: 1 | Available routes: [{'id': '513', 'name': 'Коридор 5'}, {'id': '514', 'name': 'Коридор 6'}]
2026-02-18 21:28:14 | DEBUG | PokePowerRequests | Move to - 513
2026-02-18 21:28:14 | DEBUG | PokePowerRequests | Location data collected | Location name: Коридор 5 | ID: 513 | Region: 1 | Available routes: [{'id': '509', 'name': 'Коридор 1'}, {'id': '510', 'name': 'Коридор 2'}, {'id': '517', 'name': 'Коридор 9'}]
2026-02-18 21:28:14 | DEBUG | PokePowerRequests | Move to - 517
2026-02-18 21:28:14 | DEBUG | PokePowerRequests | Location data collected | Location name: Коридор 9 | ID: 517 | Region: 1 | Available routes: [{'id': '511', 'name': 'Коридор 3'}, {'id': '512', 'name': 'Коридор 4'}, {'id': '516', 'name': 'Коридор 8'}]
2026-02-18 21:28:14 | DEBUG | PokePowerRequests | Move to - 516
2026-02-18 21:28:14 | DEBUG | PokePowerRequests | Location data collected | Location name: Коридор 8 | ID: 516 | Region: 1 | Available routes: [{'id': '510', 'name': 'Коридор 2'}, {'id': '513', 'name': 'Коридор 5'}, {'id': '515', 'name': 'Коридор 7'}]
2026-02-18 21:28:14 | DEBUG | PokePowerRequests | Move to - 515
2026-02-18 21:28:14 | DEBUG | PokePowerRequests | Location data collected | Location name: Гранитный зал | ID: 518 | Region: 1 | Available routes: [{'id': '519', 'name': 'Проход 1'}, {'id': '523', 'name': 'Проход 2'}, {'id': '525', 'name': 'Проход 3'}]
2026-02-18 21:28:14 | DEBUG | PokePowerRequests | Move to - 519
2026-02-18 21:28:14 | DEBUG | PokePowerRequests | Location data collected | Location name: Проход 1 | ID: 519 | Region: 1 | Available routes: [{'id': '526', 'name': 'Заброшенная исследовательская база'}, {'id': '518', 'name': 'Гранитный зал'}]
2026-02-18 21:28:14 | DEBUG | PokePowerRequests | Move to - 526
2026-02-18 21:28:14 | DEBUG | PokePowerRequests | Location data collected | Location name: Заброшенная исследовательская база | ID: 526 | Region: 1 | Available routes: [{'id': '525', 'name': 'Проход 3'}, {'id': '520', 'name': 'Змеиное логово, ответвление 1'}]
2026-02-18 21:28:17 | DEBUG | PokePowerRequests | Update request - sent
2026-02-18 21:28:20 | DEBUG | PokePowerRequests | Update request - sent
2026-02-18 21:28:23 | DEBUG | PokePowerRequests | Update request - sent
2026-02-18 21:28:26 | DEBUG | PokePowerRequests | Update request - sent
2026-02-18 21:28:30 | DEBUG | PokePowerRequests | Update request - sent
2026-02-18 21:28:30 | INFO | PokePowerRequests | BATTLE_START | Enemy: #024 'Арбок' | Level: 28
2026-02-18 21:28:30 | INFO | PokePowerRequests | BATTLE_ACTION | ATTACK | Description: Железная голова: 14/15
2026-02-18 21:28:30 | INFO | PokePowerRequests | INVENTORY | ADD | Монета | Count: 25
2026-02-18 21:28:33 | DEBUG | PokePowerRequests | Update request - sent
2026-02-18 21:28:36 | DEBUG | PokePowerRequests | Update request - sent
2026-02-18 21:28:39 | DEBUG | PokePowerRequests | Update request - sent
2026-02-18 21:28:42 | DEBUG | PokePowerRequests | Update request - sent
2026-02-18 21:28:45 | DEBUG | PokePowerRequests | Update request - sent
2026-02-18 21:28:48 | DEBUG | PokePowerRequests | Update request - sent
2026-02-18 21:28:48 | INFO | PokePowerRequests | BATTLE_START | Enemy: #024 'Арбок' | Level: 28
2026-02-18 21:28:48 | INFO | PokePowerRequests | BATTLE_ACTION | ATTACK | Description: Железная голова: 13/15
2026-02-18 21:28:48 | INFO | PokePowerRequests | INVENTORY | ADD | Монета | Count: 25
2026-02-18 21:28:52 | DEBUG | PokePowerRequests | Update request - sent
2026-02-18 21:28:55 | DEBUG | PokePowerRequests | Update request - sent
2026-02-18 21:28:58 | DEBUG | PokePowerRequests | Update request - sent
2026-02-18 21:29:01 | DEBUG | PokePowerRequests | Update request - sent
2026-02-18 21:29:04 | DEBUG | PokePowerRequests | Update request - sent
2026-02-18 21:29:07 | DEBUG | PokePowerRequests | Update request - sent
2026-02-18 21:29:10 | DEBUG | PokePowerRequests | Update request - sent
2026-02-18 21:29:10 | INFO | PokePowerRequests | BATTLE_START | Enemy: #024 'Арбок' | Level: 32
2026-02-18 21:29:10 | INFO | PokePowerRequests | BATTLE_ACTION | ATTACK | Description: Железная голова: 12/15
2026-02-18 21:29:10 | INFO | PokePowerRequests | INVENTORY | ADD | Монета | Count: 24
2026-02-18 21:29:13 | DEBUG | PokePowerRequests | Update request - sent
2026-02-18 21:29:16 | DEBUG | PokePowerRequests | Update request - sent
2026-02-18 21:29:19 | DEBUG | PokePowerRequests | Update request - sent
2026-02-18 21:29:23 | DEBUG | PokePowerRequests | Update request - sent
2026-02-18 21:29:26 | DEBUG | PokePowerRequests | Update request - sent
2026-02-18 21:29:29 | DEBUG | PokePowerRequests | Update request - sent
2026-02-18 21:29:29 | INFO | PokePowerRequests | BATTLE_START | Enemy: #024 'Арбок' | Level: 28
2026-02-18 21:29:29 | INFO | PokePowerRequests | BATTLE_ACTION | ATTACK | Description: Железная голова: 11/15
2026-02-18 21:29:29 | INFO | PokePowerRequests | INVENTORY | ADD | Монета | Count: 21
2026-02-18 21:29:32 | DEBUG | PokePowerRequests | Update request - sent
2026-02-18 21:29:35 | DEBUG | PokePowerRequests | Update request - sent
2026-02-18 21:29:38 | DEBUG | PokePowerRequests | Update request - sent
2026-02-18 21:29:41 | DEBUG | PokePowerRequests | Update request - sent
2026-02-18 21:29:44 | DEBUG | PokePowerRequests | Update request - sent
2026-02-18 21:29:47 | DEBUG | PokePowerRequests | Update request - sent
2026-02-18 21:29:51 | DEBUG | PokePowerRequests | Update request - sent
2026-02-18 21:29:51 | INFO | PokePowerRequests | BATTLE_START | Enemy: #024 'Арбок' | Level: 33
2026-02-18 21:29:51 | INFO | PokePowerRequests | BATTLE_ACTION | ATTACK | Description: Железная голова: 10/15
2026-02-18 21:29:51 | INFO | PokePowerRequests | INVENTORY | ADD | Монета | Count: 25
2026-02-18 21:29:54 | DEBUG | PokePowerRequests | Update request - sent
2026-02-18 21:29:57 | DEBUG | PokePowerRequests | Update request - sent
2026-02-18 21:30:00 | DEBUG | PokePowerRequests | Update request - sent
2026-02-18 21:30:03 | DEBUG | PokePowerRequests | Update request - sent
2026-02-18 21:30:06 | DEBUG | PokePowerRequests | Update request - sent
2026-02-18 21:30:09 | DEBUG | PokePowerRequests | Update request - sent
2026-02-18 21:30:09 | INFO | PokePowerRequests | BATTLE_START | Enemy: #462 'Магнезон' | Level: 77
2026-02-18 21:30:09 | INFO | PokePowerRequests | BATTLE_ACTION | ATTACK | Description: Суперсила: 4/5
2026-02-18 21:30:09 | INFO | PokePowerRequests | BATTLE_ACTION | ATTACK | Description: Суперсила: 3/5
2026-02-18 21:30:09 | INFO | PokePowerRequests | INVENTORY | ADD | Монета | Count: 27
2026-02-18 21:30:12 | DEBUG | PokePowerRequests | Update request - sent
2026-02-18 21:30:16 | DEBUG | PokePowerRequests | Update request - sent
2026-02-18 21:30:19 | DEBUG | PokePowerRequests | Update request - sent
2026-02-18 21:30:22 | DEBUG | PokePowerRequests | Update request - sent
2026-02-18 21:30:25 | DEBUG | PokePowerRequests | Update request - sent
2026-02-18 21:30:25 | INFO | PokePowerRequests | BATTLE_START | Enemy: #024 'Арбок' | Level: 30
2026-02-18 21:30:25 | INFO | PokePowerRequests | BATTLE_ACTION | ATTACK | Description: Железная голова: 9/15
2026-02-18 21:30:25 | INFO | PokePowerRequests | INVENTORY | ADD | Монета | Count: 24
2026-02-18 21:30:28 | DEBUG | PokePowerRequests | Update request - sent
2026-02-18 21:30:31 | DEBUG | PokePowerRequests | Update request - sent
2026-02-18 21:30:34 | DEBUG | PokePowerRequests | Update request - sent
2026-02-18 21:30:37 | DEBUG | PokePowerRequests | Update request - sent
2026-02-18 21:30:37 | INFO | PokePowerRequests | BATTLE_START | Enemy: #462 'Магнезон' | Level: 65
2026-02-18 21:30:37 | INFO | PokePowerRequests | BATTLE_ACTION | ATTACK | Description: Суперсила: 2/5
2026-02-18 21:30:37 | INFO | PokePowerRequests | BATTLE_ACTION | ATTACK | Description: Суперсила: 1/5
2026-02-18 21:30:37 | INFO | PokePowerRequests | INVENTORY | ADD | Монета | Count: 23
2026-02-18 21:30:40 | DEBUG | PokePowerRequests | Update request - sent
2026-02-18 21:30:43 | DEBUG | PokePowerRequests | Update request - sent
2026-02-18 21:30:47 | DEBUG | PokePowerRequests | Update request - sent
2026-02-18 21:30:50 | DEBUG | PokePowerRequests | Update request - sent
2026-02-18 21:30:53 | DEBUG | PokePowerRequests | Update request - sent
2026-02-18 21:30:56 | DEBUG | PokePowerRequests | Update request - sent
2026-02-18 21:30:59 | DEBUG | PokePowerRequests | Update request - sent
2026-02-18 21:30:59 | INFO | PokePowerRequests | BATTLE_START | Enemy: #024 'Арбок' | Level: 25
2026-02-18 21:30:59 | INFO | PokePowerRequests | BATTLE_ACTION | ATTACK | Description: Железная голова: 8/15
2026-02-18 21:30:59 | INFO | PokePowerRequests | INVENTORY | ADD | Монета | Count: 22
2026-02-18 21:31:02 | DEBUG | PokePowerRequests | Update request - sent
2026-02-18 21:31:05 | DEBUG | PokePowerRequests | Update request - sent
2026-02-18 21:31:08 | DEBUG | PokePowerRequests | Update request - sent
2026-02-18 21:31:11 | DEBUG | PokePowerRequests | Update request - sent
2026-02-18 21:31:14 | DEBUG | PokePowerRequests | Update request - sent
2026-02-18 21:31:14 | INFO | PokePowerRequests | BATTLE_START | Enemy: #024 'Арбок' | Level: 34
2026-02-18 21:31:14 | INFO | PokePowerRequests | BATTLE_ACTION | ATTACK | Description: Железная голова: 7/15
2026-02-18 21:31:14 | INFO | PokePowerRequests | INVENTORY | ADD | Монета | Count: 21
2026-02-18 21:31:14 | INFO | PokePowerRequests | INVENTORY | ADD | Снежок | Count: 1
2026-02-18 21:31:17 | DEBUG | PokePowerRequests | Update request - sent
2026-02-18 21:31:20 | DEBUG | PokePowerRequests | Update request - sent
2026-02-18 21:31:23 | DEBUG | PokePowerRequests | Update request - sent
2026-02-18 21:31:27 | DEBUG | PokePowerRequests | Update request - sent
2026-02-18 21:31:30 | DEBUG | PokePowerRequests | Update request - sent
2026-02-18 21:31:33 | DEBUG | PokePowerRequests | Update request - sent
2026-02-18 21:31:36 | DEBUG | PokePowerRequests | Update request - sent
2026-02-18 21:31:36 | INFO | PokePowerRequests | BATTLE_START | Enemy: #024 'Арбок' | Level: 32
2026-02-18 21:31:36 | INFO | PokePowerRequests | BATTLE_ACTION | ATTACK | Description: Железная голова: 6/15
2026-02-18 21:31:36 | INFO | PokePowerRequests | INVENTORY | ADD | Монета | Count: 24
2026-02-18 21:31:39 | DEBUG | PokePowerRequests | Update request - sent
2026-02-18 21:31:42 | DEBUG | PokePowerRequests | Update request - sent
2026-02-18 21:31:45 | DEBUG | PokePowerRequests | Update request - sent
2026-02-18 21:31:48 | DEBUG | PokePowerRequests | Update request - sent
2026-02-18 21:31:51 | DEBUG | PokePowerRequests | Update request - sent
2026-02-18 21:31:54 | DEBUG | PokePowerRequests | Update request - sent
2026-02-18 21:31:54 | INFO | PokePowerRequests | BATTLE_START | Enemy: #024 'Арбок' | Level: 28
2026-02-18 21:31:54 | INFO | PokePowerRequests | BATTLE_ACTION | ATTACK | Description: Железная голова: 5/15
2026-02-18 21:31:54 | INFO | PokePowerRequests | INVENTORY | ADD | Монета | Count: 23
2026-02-18 21:31:57 | DEBUG | PokePowerRequests | Update request - sent
2026-02-18 21:32:00 | DEBUG | PokePowerRequests | Update request - sent
2026-02-18 21:32:04 | DEBUG | PokePowerRequests | Update request - sent
2026-02-18 21:32:07 | DEBUG | PokePowerRequests | Update request - sent
2026-02-18 21:32:10 | DEBUG | PokePowerRequests | Update request - sent
2026-02-18 21:32:13 | DEBUG | PokePowerRequests | Update request - sent
2026-02-18 21:32:16 | DEBUG | PokePowerRequests | Update request - sent
2026-02-18 21:32:16 | INFO | PokePowerRequests | BATTLE_START | Enemy: #024 'Арбок' | Level: 29
2026-02-18 21:32:16 | INFO | PokePowerRequests | BATTLE_ACTION | ATTACK | Description: Железная голова: 4/15
2026-02-18 21:32:16 | INFO | PokePowerRequests | INVENTORY | ADD | Монета | Count: 24
2026-02-18 21:32:19 | DEBUG | PokePowerRequests | Update request - sent
2026-02-18 21:32:22 | DEBUG | PokePowerRequests | Update request - sent
2026-02-18 21:32:25 | DEBUG | PokePowerRequests | Update request - sent
2026-02-18 21:32:28 | DEBUG | PokePowerRequests | Update request - sent
2026-02-18 21:32:31 | DEBUG | PokePowerRequests | Update request - sent
2026-02-18 21:32:31 | INFO | PokePowerRequests | BATTLE_START | Enemy: #024 'Арбок' | Level: 31
2026-02-18 21:32:31 | INFO | PokePowerRequests | BATTLE_ACTION | ATTACK | Description: Железная голова: 3/15
2026-02-18 21:32:31 | INFO | PokePowerRequests | INVENTORY | ADD | Монета | Count: 23
2026-02-18 21:32:34 | DEBUG | PokePowerRequests | Update request - sent
2026-02-18 21:32:37 | DEBUG | PokePowerRequests | Update request - sent
2026-02-18 21:32:41 | DEBUG | PokePowerRequests | Update request - sent
2026-02-18 21:32:44 | DEBUG | PokePowerRequests | Update request - sent
2026-02-18 21:32:47 | DEBUG | PokePowerRequests | Update request - sent
2026-02-18 21:32:50 | DEBUG | PokePowerRequests | Update request - sent
2026-02-18 21:32:53 | DEBUG | PokePowerRequests | Update request - sent
2026-02-18 21:32:53 | INFO | PokePowerRequests | BATTLE_START | Enemy: #024 'Арбок' | Level: 32
2026-02-18 21:32:53 | INFO | PokePowerRequests | BATTLE_ACTION | ATTACK | Description: Железная голова: 2/15
2026-02-18 21:32:53 | INFO | PokePowerRequests | INVENTORY | ADD | Монета | Count: 26
2026-02-18 21:32:56 | DEBUG | PokePowerRequests | Update request - sent
2026-02-18 21:32:59 | DEBUG | PokePowerRequests | Update request - sent
2026-02-18 21:33:02 | DEBUG | PokePowerRequests | Update request - sent
2026-02-18 21:33:05 | DEBUG | PokePowerRequests | Update request - sent
2026-02-18 21:33:08 | DEBUG | PokePowerRequests | Update request - sent
2026-02-18 21:33:11 | DEBUG | PokePowerRequests | Update request - sent
2026-02-18 21:33:15 | DEBUG | PokePowerRequests | Update request - sent
2026-02-18 21:33:15 | INFO | PokePowerRequests | BATTLE_START | Enemy: #024 'Арбок' | Level: 25
2026-02-18 21:33:15 | INFO | PokePowerRequests | BATTLE_ACTION | ATTACK | Description: Железная голова: 1/15
2026-02-18 21:33:15 | INFO | PokePowerRequests | INVENTORY | ADD | Монета | Count: 21
2026-02-18 21:33:18 | DEBUG | PokePowerRequests | Update request - sent
2026-02-18 21:33:21 | DEBUG | PokePowerRequests | Update request - sent
2026-02-18 21:33:24 | DEBUG | PokePowerRequests | Update request - sent
2026-02-18 21:33:27 | DEBUG | PokePowerRequests | Update request - sent
2026-02-18 21:33:27 | INFO | PokePowerRequests | BATTLE_START | Enemy: #024 'Арбок' | Level: 27
2026-02-18 21:33:27 | INFO | PokePowerRequests | BATTLE_ACTION | ATTACK | Description: Железная голова: 0/15
2026-02-18 21:33:27 | INFO | PokePowerRequests | INVENTORY | ADD | Монета | Count: 23
2026-02-18 21:33:27 | DEBUG | PokePowerRequests | Move to - 520
2026-02-18 21:33:27 | DEBUG | PokePowerRequests | Location data collected | Location name: Змеиное логово, ответвление 1 | ID: 520 | Region: 1 | Available routes: [{'id': '521', 'name': 'Змеиное логово, ответвление 2'}, {'id': '522', 'name': 'Змеиное логово, ответвление 3'}]
2026-02-18 21:33:27 | DEBUG | PokePowerRequests | Move to - 522
2026-02-18 21:33:27 | DEBUG | PokePowerRequests | Location data collected | Location name: Змеиное логово, ответвление 3 | ID: 522 | Region: 1 | Available routes: [{'id': '520', 'name': 'Змеиное логово, ответвление 1'}, {'id': '521', 'name': 'Змеиное логово, ответвление 2'}, {'id': '527', 'name': 'Проход 4'}]
2026-02-18 21:33:27 | DEBUG | PokePowerRequests | Move to - 527
2026-02-18 21:33:27 | DEBUG | PokePowerRequests | Location data collected | Location name: Проход 4 | ID: 527 | Region: 1 | Available routes: [{'id': '519', 'name': 'Проход 1'}, {'id': '525', 'name': 'Проход 3'}, {'id': '528', 'name': 'Выход'}]
2026-02-18 21:33:27 | DEBUG | PokePowerRequests | Move to - 528
2026-02-18 21:33:27 | DEBUG | PokePowerRequests | Location data collected | Location name: Дорога 9 | ID: 35 | Region: 1 | Available routes: [{'id': '31', 'name': 'Церулин'}, {'id': '37', 'name': 'Разрушенная электростанция'}]
2026-02-18 21:33:27 | DEBUG | PokePowerRequests | Move to - 31
2026-02-18 21:33:27 | DEBUG | PokePowerRequests | Location data collected | Location name: Церулин | ID: 31 | Region: 1 | Available routes: [{'id': '32', 'name': 'Покецентр'}, {'id': '33', 'name': 'Дорога 4'}, {'id': '35', 'name': 'Дорога 9'}, {'id': '58', 'name': 'Покемаркет'}, {'id': '228', 'name': 'Торговый центр «Пиджеот»'}]
2026-02-18 21:33:28 | DEBUG | PokePowerRequests | Move to - 32
2026-02-18 21:33:28 | DEBUG | PokePowerRequests | Location data collected | Location name: Покецентр | ID: 32 | Region: 1 | Available routes: [{'id': '31', 'name': 'Церулин'}]
2026-02-18 21:33:28 | INFO | PokePowerRequests | POKECENTER | HEAL | Reason: Pokemons has a small amount of HP
2026-02-18 21:33:28 | DEBUG | PokePowerRequests | Successfully collected information about the user's Pokemon team...
2026-02-18 21:33:28 | DEBUG | PokePowerRequests | Move to - 31
2026-02-18 21:33:28 | DEBUG | PokePowerRequests | Location data collected | Location name: Церулин | ID: 31 | Region: 1 | Available routes: [{'id': '32', 'name': 'Покецентр'}, {'id': '33', 'name': 'Дорога 4'}, {'id': '35', 'name': 'Дорога 9'}, {'id': '58', 'name': 'Покемаркет'}, {'id': '228', 'name': 'Торговый центр «Пиджеот»'}]
2026-02-18 21:33:28 | DEBUG | PokePowerRequests | Move to - 33
2026-02-18 21:33:28 | DEBUG | PokePowerRequests | Location data collected | Location name: Дорога 4 | ID: 33 | Region: 1 | Available routes: [{'id': '31', 'name': 'Церулин'}, {'id': '34', 'name': 'Лунная гора'}, {'id': '529', 'name': 'Спуск'}]
2026-02-18 21:33:28 | DEBUG | PokePowerRequests | Move to - 529
2026-02-18 21:33:28 | DEBUG | PokePowerRequests | Location data collected | Location name: Перекресток | ID: 30 | Region: 1 | Available routes: [{'id': '28', 'name': 'Шафрания'}, {'id': '413', 'name': 'Ядовитый стадион'}]
2026-02-18 21:33:28 | DEBUG | PokePowerRequests | Move to - 28
2026-02-18 21:33:28 | DEBUG | PokePowerRequests | Location data collected | Location name: Шафрания | ID: 28 | Region: 1 | Available routes: [{'id': '27', 'name': 'Дорога 7'}, {'id': '29', 'name': 'Покецентр'}, {'id': '30', 'name': 'Перекресток'}, {'id': '41', 'name': 'Дорога 8'}, {'id': '47', 'name': 'Дорога 6'}, {'id': '57', 'name': 'Покемаркет'}, {'id': '409', 'name': 'Стадион драконов'}]
2026-02-18 21:33:28 | DEBUG | PokePowerRequests | Move to - 41
2026-02-18 21:33:28 | DEBUG | PokePowerRequests | Location data collected | Location name: Дорога 8 | ID: 41 | Region: 1 | Available routes: [{'id': '39', 'name': 'Лавендер'}, {'id': '28', 'name': 'Шафрания'}, {'id': '227', 'name': 'Ферма'}]
2026-02-18 21:33:28 | DEBUG | PokePowerRequests | Move to - 39
2026-02-18 21:33:28 | DEBUG | PokePowerRequests | Location data collected | Location name: Лавендер | ID: 39 | Region: 1 | Available routes: [{'id': '38', 'name': 'Дорога 10'}, {'id': '40', 'name': 'Покецентр'}, {'id': '41', 'name': 'Дорога 8'}, {'id': '42', 'name': 'Дорога 12'}, {'id': '59', 'name': 'Покемаркет'}, {'id': '223', 'name': 'Аптека Лавендера'}]
2026-02-18 21:33:28 | DEBUG | PokePowerRequests | Move to - 38
2026-02-18 21:33:28 | DEBUG | PokePowerRequests | Location data collected | Location name: Дорога 10 | ID: 38 | Region: 1 | Available routes: [{'id': '36', 'name': 'Вход в лабиринт'}, {'id': '39', 'name': 'Лавендер'}]
2026-02-18 21:33:28 | DEBUG | PokePowerRequests | Move to - 36
2026-02-18 21:33:28 | DEBUG | PokePowerRequests | Location data collected | Location name: Коридор 1 | ID: 509 | Region: 1 | Available routes: [{'id': '510', 'name': 'Коридор 2'}, {'id': '512', 'name': 'Коридор 4'}, {'id': '514', 'name': 'Коридор 6'}]
2026-02-18 21:33:28 | DEBUG | PokePowerRequests | Move to - 510
2026-02-18 21:33:28 | DEBUG | PokePowerRequests | Location data collected | Location name: Коридор 2 | ID: 510 | Region: 1 | Available routes: [{'id': '513', 'name': 'Коридор 5'}, {'id': '514', 'name': 'Коридор 6'}]
2026-02-18 21:33:28 | DEBUG | PokePowerRequests | Move to - 513
2026-02-18 21:33:28 | DEBUG | PokePowerRequests | Location data collected | Location name: Коридор 5 | ID: 513 | Region: 1 | Available routes: [{'id': '509', 'name': 'Коридор 1'}, {'id': '510', 'name': 'Коридор 2'}, {'id': '517', 'name': 'Коридор 9'}]
2026-02-18 21:33:28 | DEBUG | PokePowerRequests | Move to - 517
2026-02-18 21:33:28 | DEBUG | PokePowerRequests | Location data collected | Location name: Коридор 9 | ID: 517 | Region: 1 | Available routes: [{'id': '511', 'name': 'Коридор 3'}, {'id': '512', 'name': 'Коридор 4'}, {'id': '516', 'name': 'Коридор 8'}]
2026-02-18 21:33:28 | DEBUG | PokePowerRequests | Move to - 516
2026-02-18 21:33:28 | DEBUG | PokePowerRequests | Location data collected | Location name: Коридор 8 | ID: 516 | Region: 1 | Available routes: [{'id': '510', 'name': 'Коридор 2'}, {'id': '513', 'name': 'Коридор 5'}, {'id': '515', 'name': 'Коридор 7'}]
2026-02-18 21:33:29 | DEBUG | PokePowerRequests | Move to - 515
2026-02-18 21:33:29 | DEBUG | PokePowerRequests | Location data collected | Location name: Гранитный зал | ID: 518 | Region: 1 | Available routes: [{'id': '519', 'name': 'Проход 1'}, {'id': '523', 'name': 'Проход 2'}, {'id': '525', 'name': 'Проход 3'}]
2026-02-18 21:33:29 | DEBUG | PokePowerRequests | Move to - 519
2026-02-18 21:33:29 | DEBUG | PokePowerRequests | Location data collected | Location name: Проход 1 | ID: 519 | Region: 1 | Available routes: [{'id': '526', 'name': 'Заброшенная исследовательская база'}, {'id': '518', 'name': 'Гранитный зал'}]
2026-02-18 21:33:29 | DEBUG | PokePowerRequests | Move to - 526
2026-02-18 21:33:29 | DEBUG | PokePowerRequests | Location data collected | Location name: Заброшенная исследовательская база | ID: 526 | Region: 1 | Available routes: [{'id': '525', 'name': 'Проход 3'}, {'id': '520', 'name': 'Змеиное логово, ответвление 1'}]
2026-02-18 21:33:32 | DEBUG | PokePowerRequests | Update request - sent
2026-02-18 21:33:35 | DEBUG | PokePowerRequests | Update request - sent
2026-02-18 21:33:38 | DEBUG | PokePowerRequests | Update request - sent
2026-02-18 21:33:41 | DEBUG | PokePowerRequests | Update request - sent
2026-02-18 21:33:44 | DEBUG | PokePowerRequests | Update request - sent
2026-02-18 21:33:47 | DEBUG | PokePowerRequests | Update request - sent
2026-02-18 21:33:50 | DEBUG | PokePowerRequests | Update request - sent
2026-02-18 21:33:50 | INFO | PokePowerRequests | BATTLE_START | Enemy: #024 'Арбок' | Level: 26
2026-02-18 21:33:50 | INFO | PokePowerRequests | BATTLE_ACTION | ATTACK | Description: Железная голова: 14/15
2026-02-18 21:33:50 | INFO | PokePowerRequests | INVENTORY | ADD | Монета | Count: 23
2026-02-18 21:33:53 | DEBUG | PokePowerRequests | Update request - sent
2026-02-18 21:33:56 | DEBUG | PokePowerRequests | Update request - sent
2026-02-18 21:34:00 | DEBUG | PokePowerRequests | Update request - sent
2026-02-18 21:34:03 | DEBUG | PokePowerRequests | Update request - sent
2026-02-18 21:34:06 | DEBUG | PokePowerRequests | Update request - sent
2026-02-18 21:34:09 | DEBUG | PokePowerRequests | Update request - sent
2026-02-18 21:34:09 | INFO | PokePowerRequests | BATTLE_START | Enemy: #024 'Арбок' | Level: 29
2026-02-18 21:34:09 | INFO | PokePowerRequests | BATTLE_ACTION | ATTACK | Description: Железная голова: 13/15
2026-02-18 21:34:09 | INFO | PokePowerRequests | INVENTORY | ADD | Монета | Count: 26
2026-02-18 21:34:12 | DEBUG | PokePowerRequests | Update request - sent
2026-02-18 21:34:15 | DEBUG | PokePowerRequests | Update request - sent
2026-02-18 21:34:18 | DEBUG | PokePowerRequests | Update request - sent
2026-02-18 21:34:21 | DEBUG | PokePowerRequests | Update request - sent
2026-02-18 21:34:21 | INFO | PokePowerRequests | BATTLE_START | Enemy: #024 'Арбок' | Level: 33
2026-02-18 21:34:21 | INFO | PokePowerRequests | BATTLE_ACTION | ATTACK | Description: Железная голова: 12/15
2026-02-18 21:34:21 | INFO | PokePowerRequests | INVENTORY | ADD | Монета | Count: 26
2026-02-18 21:34:24 | DEBUG | PokePowerRequests | Update request - sent
2026-02-18 21:34:27 | DEBUG | PokePowerRequests | Update request - sent
2026-02-18 21:34:31 | DEBUG | PokePowerRequests | Update request - sent
2026-02-18 21:34:34 | DEBUG | PokePowerRequests | Update request - sent
2026-02-18 21:34:37 | DEBUG | PokePowerRequests | Update request - sent
2026-02-18 21:34:40 | DEBUG | PokePowerRequests | Update request - sent
2026-02-18 21:34:43 | DEBUG | PokePowerRequests | Update request - sent
2026-02-18 21:34:43 | INFO | PokePowerRequests | BATTLE_START | Enemy: #024 'Арбок' | Level: 34
2026-02-18 21:34:43 | INFO | PokePowerRequests | BATTLE_ACTION | ATTACK | Description: Железная голова: 11/15
2026-02-18 21:34:43 | INFO | PokePowerRequests | INVENTORY | ADD | Монета | Count: 22
2026-02-18 21:34:46 | DEBUG | PokePowerRequests | Update request - sent
2026-02-18 21:34:49 | DEBUG | PokePowerRequests | Update request - sent
2026-02-18 21:34:52 | DEBUG | PokePowerRequests | Update request - sent
2026-02-18 21:34:55 | DEBUG | PokePowerRequests | Update request - sent
2026-02-18 21:34:58 | DEBUG | PokePowerRequests | Update request - sent
2026-02-18 21:35:01 | DEBUG | PokePowerRequests | Update request - sent
2026-02-18 21:35:01 | INFO | PokePowerRequests | BATTLE_START | Enemy: #024 'Арбок' | Level: 25
2026-02-18 21:35:02 | INFO | PokePowerRequests | BATTLE_ACTION | ATTACK | Description: Железная голова: 10/15
2026-02-18 21:35:02 | INFO | PokePowerRequests | INVENTORY | ADD | Монета | Count: 24
2026-02-18 21:35:05 | DEBUG | PokePowerRequests | Update request - sent
2026-02-18 21:35:08 | DEBUG | PokePowerRequests | Update request - sent
2026-02-18 21:35:11 | DEBUG | PokePowerRequests | Update request - sent
2026-02-18 21:35:14 | DEBUG | PokePowerRequests | Update request - sent
2026-02-18 21:35:17 | DEBUG | PokePowerRequests | Update request - sent
2026-02-18 21:35:20 | DEBUG | PokePowerRequests | Update request - sent
2026-02-18 21:35:20 | INFO | PokePowerRequests | BATTLE_START | Enemy: #462 'Магнезон' | Level: 76
2026-02-18 21:35:20 | INFO | PokePowerRequests | BATTLE_ACTION | ATTACK | Description: Суперсила: 4/5
2026-02-18 21:35:20 | INFO | PokePowerRequests | INVENTORY | ADD | Монета | Count: 27
2026-02-18 21:35:23 | DEBUG | PokePowerRequests | Update request - sent
2026-02-18 21:35:26 | DEBUG | PokePowerRequests | Update request - sent
2026-02-18 21:35:29 | DEBUG | PokePowerRequests | Update request - sent
2026-02-18 21:35:32 | DEBUG | PokePowerRequests | Update request - sent
2026-02-18 21:35:32 | INFO | PokePowerRequests | BATTLE_START | Enemy: #024 'Арбок' | Level: 28
2026-02-18 21:35:33 | INFO | PokePowerRequests | BATTLE_ACTION | ATTACK | Description: Железная голова: 9/15
2026-02-18 21:35:33 | INFO | PokePowerRequests | INVENTORY | ADD | Монета | Count: 24
2026-02-18 21:35:36 | DEBUG | PokePowerRequests | Update request - sent
2026-02-18 21:35:39 | DEBUG | PokePowerRequests | Update request - sent
2026-02-18 21:35:42 | DEBUG | PokePowerRequests | Update request - sent
2026-02-18 21:35:45 | DEBUG | PokePowerRequests | Update request - sent
2026-02-18 21:35:48 | DEBUG | PokePowerRequests | Update request - sent
2026-02-18 21:35:51 | DEBUG | PokePowerRequests | Update request - sent
2026-02-18 21:35:51 | INFO | PokePowerRequests | BATTLE_START | Enemy: #024 'Арбок' | Level: 26
2026-02-18 21:35:51 | INFO | PokePowerRequests | BATTLE_ACTION | ATTACK | Description: Железная голова: 8/15
2026-02-18 21:35:51 | INFO | PokePowerRequests | INVENTORY | ADD | Монета | Count: 26
2026-02-18 21:35:54 | DEBUG | PokePowerRequests | Update request - sent
2026-02-18 21:35:57 | DEBUG | PokePowerRequests | Update request - sent
2026-02-18 21:36:00 | DEBUG | PokePowerRequests | Update request - sent
2026-02-18 21:36:03 | DEBUG | PokePowerRequests | Update request - sent
2026-02-18 21:36:06 | DEBUG | PokePowerRequests | Update request - sent
2026-02-18 21:36:10 | DEBUG | PokePowerRequests | Update request - sent
2026-02-18 21:36:13 | DEBUG | PokePowerRequests | Update request - sent
2026-02-18 21:36:13 | INFO | PokePowerRequests | BATTLE_START | Enemy: #462 'Магнезон' | Level: 70
2026-02-18 21:36:13 | INFO | PokePowerRequests | BATTLE_ACTION | ATTACK | Description: Суперсила: 3/5
2026-02-18 21:36:13 | INFO | PokePowerRequests | BATTLE_ACTION | ATTACK | Description: Суперсила: 2/5
2026-02-18 21:36:13 | INFO | PokePowerRequests | INVENTORY | ADD | Монета | Count: 27
2026-02-18 21:36:16 | DEBUG | PokePowerRequests | Update request - sent
2026-02-18 21:36:19 | DEBUG | PokePowerRequests | Update request - sent
2026-02-18 21:36:22 | DEBUG | PokePowerRequests | Update request - sent
2026-02-18 21:36:25 | DEBUG | PokePowerRequests | Update request - sent
2026-02-18 21:36:28 | DEBUG | PokePowerRequests | Update request - sent
2026-02-18 21:36:31 | DEBUG | PokePowerRequests | Update request - sent
2026-02-18 21:36:31 | INFO | PokePowerRequests | BATTLE_START | Enemy: #024 'Арбок' | Level: 34
2026-02-18 21:36:31 | INFO | PokePowerRequests | BATTLE_ACTION | ATTACK | Description: Железная голова: 7/15
2026-02-18 21:36:31 | INFO | PokePowerRequests | INVENTORY | ADD | Монета | Count: 26
2026-02-18 21:36:34 | DEBUG | PokePowerRequests | Update request - sent
2026-02-18 21:36:38 | DEBUG | PokePowerRequests | Update request - sent
2026-02-18 21:36:41 | DEBUG | PokePowerRequests | Update request - sent
2026-02-18 21:36:44 | DEBUG | PokePowerRequests | Update request - sent
2026-02-18 21:36:47 | DEBUG | PokePowerRequests | Update request - sent
2026-02-18 21:36:50 | DEBUG | PokePowerRequests | Update request - sent
2026-02-18 21:36:50 | INFO | PokePowerRequests | BATTLE_START | Enemy: #462 'Магнезон' | Level: 76
2026-02-18 21:36:50 | INFO | PokePowerRequests | BATTLE_ACTION | ATTACK | Description: Суперсила: 1/5
2026-02-18 21:36:50 | INFO | PokePowerRequests | INVENTORY | ADD | Монета | Count: 26
2026-02-18 21:36:53 | DEBUG | PokePowerRequests | Update request - sent
2026-02-18 21:36:56 | DEBUG | PokePowerRequests | Update request - sent
2026-02-18 21:36:59 | DEBUG | PokePowerRequests | Update request - sent
2026-02-18 21:37:02 | DEBUG | PokePowerRequests | Update request - sent
2026-02-18 21:37:05 | DEBUG | PokePowerRequests | Update request - sent
2026-02-18 21:37:08 | DEBUG | PokePowerRequests | Update request - sent
2026-02-18 21:37:08 | INFO | PokePowerRequests | BATTLE_START | Enemy: #024 'Арбок' | Level: 27
2026-02-18 21:37:08 | INFO | PokePowerRequests | BATTLE_ACTION | ATTACK | Description: Железная голова: 6/15
2026-02-18 21:37:08 | INFO | PokePowerRequests | INVENTORY | ADD | Монета | Count: 22
2026-02-18 21:37:11 | DEBUG | PokePowerRequests | Update request - sent
2026-02-18 21:37:15 | DEBUG | PokePowerRequests | Update request - sent
2026-02-18 21:37:18 | DEBUG | PokePowerRequests | Update request - sent
2026-02-18 21:37:21 | DEBUG | PokePowerRequests | Update request - sent
2026-02-18 21:37:24 | DEBUG | PokePowerRequests | Update request - sent
2026-02-18 21:37:24 | INFO | PokePowerRequests | BATTLE_START | Enemy: #024 'Арбок' | Level: 32
2026-02-18 21:37:24 | INFO | PokePowerRequests | BATTLE_ACTION | ATTACK | Description: Железная голова: 5/15
2026-02-18 21:37:24 | INFO | PokePowerRequests | INVENTORY | ADD | Монета | Count: 22
2026-02-18 21:37:27 | DEBUG | PokePowerRequests | Update request - sent
2026-02-18 21:37:30 | DEBUG | PokePowerRequests | Update request - sent
2026-02-18 21:37:33 | DEBUG | PokePowerRequests | Update request - sent
2026-02-18 21:37:36 | DEBUG | PokePowerRequests | Update request - sent
2026-02-18 21:37:39 | DEBUG | PokePowerRequests | Update request - sent
2026-02-18 21:37:42 | DEBUG | PokePowerRequests | Update request - sent
2026-02-18 21:37:45 | DEBUG | PokePowerRequests | Update request - sent
2026-02-18 21:37:45 | INFO | PokePowerRequests | BATTLE_START | Enemy: #024 'Арбок' | Level: 34
2026-02-18 21:37:46 | INFO | PokePowerRequests | BATTLE_ACTION | ATTACK | Description: Железная голова: 4/15
2026-02-18 21:37:46 | INFO | PokePowerRequests | INVENTORY | ADD | Монета | Count: 24
2026-02-18 21:37:49 | DEBUG | PokePowerRequests | Update request - sent
2026-02-18 21:37:52 | DEBUG | PokePowerRequests | Update request - sent
2026-02-18 21:37:55 | DEBUG | PokePowerRequests | Update request - sent
2026-02-18 21:37:58 | DEBUG | PokePowerRequests | Update request - sent
2026-02-18 21:37:58 | INFO | PokePowerRequests | BATTLE_START | Enemy: #024 'Арбок' | Level: 31
2026-02-18 21:37:58 | INFO | PokePowerRequests | BATTLE_ACTION | ATTACK | Description: Железная голова: 3/15
2026-02-18 21:37:58 | INFO | PokePowerRequests | INVENTORY | ADD | Монета | Count: 24
2026-02-18 21:38:01 | DEBUG | PokePowerRequests | Update request - sent
2026-02-18 21:38:04 | DEBUG | PokePowerRequests | Update request - sent
2026-02-18 21:38:07 | DEBUG | PokePowerRequests | Update request - sent
2026-02-18 21:38:10 | DEBUG | PokePowerRequests | Update request - sent
2026-02-18 21:38:14 | DEBUG | PokePowerRequests | Update request - sent
2026-02-18 21:38:14 | INFO | PokePowerRequests | BATTLE_START | Enemy: #024 'Арбок' | Level: 26
2026-02-18 21:38:14 | INFO | PokePowerRequests | BATTLE_ACTION | ATTACK | Description: Железная голова: 2/15
2026-02-18 21:38:14 | INFO | PokePowerRequests | INVENTORY | ADD | Монета | Count: 23
2026-02-18 21:38:17 | DEBUG | PokePowerRequests | Update request - sent
2026-02-18 21:38:20 | DEBUG | PokePowerRequests | Update request - sent
2026-02-18 21:38:23 | DEBUG | PokePowerRequests | Update request - sent
2026-02-18 21:38:26 | DEBUG | PokePowerRequests | Update request - sent
2026-02-18 21:38:29 | DEBUG | PokePowerRequests | Update request - sent
2026-02-18 21:38:32 | DEBUG | PokePowerRequests | Update request - sent
2026-02-18 21:38:32 | INFO | PokePowerRequests | BATTLE_START | Enemy: #024 'Арбок' | Level: 35
2026-02-18 21:38:32 | INFO | PokePowerRequests | BATTLE_ACTION | ATTACK | Description: Железная голова: 1/15
2026-02-18 21:38:32 | INFO | PokePowerRequests | INVENTORY | ADD | Монета | Count: 25
2026-02-18 21:38:35 | DEBUG | PokePowerRequests | Update request - sent
2026-02-18 21:38:38 | DEBUG | PokePowerRequests | Update request - sent
2026-02-18 21:38:41 | DEBUG | PokePowerRequests | Update request - sent
2026-02-18 21:38:44 | DEBUG | PokePowerRequests | Update request - sent
2026-02-18 21:38:47 | DEBUG | PokePowerRequests | Update request - sent
2026-02-18 21:38:47 | INFO | PokePowerRequests | BATTLE_START | Enemy: #024 'Арбок' | Level: 32
2026-02-18 21:38:48 | INFO | PokePowerRequests | BATTLE_ACTION | ATTACK | Description: Железная голова: 0/15
2026-02-18 21:38:48 | INFO | PokePowerRequests | INVENTORY | ADD | Монета | Count: 24
2026-02-18 21:38:48 | DEBUG | PokePowerRequests | Move to - 520
2026-02-18 21:38:48 | DEBUG | PokePowerRequests | Location data collected | Location name: Змеиное логово, ответвление 1 | ID: 520 | Region: 1 | Available routes: [{'id': '521', 'name': 'Змеиное логово, ответвление 2'}, {'id': '522', 'name': 'Змеиное логово, ответвление 3'}]
2026-02-18 21:38:48 | DEBUG | PokePowerRequests | Move to - 522
2026-02-18 21:38:48 | DEBUG | PokePowerRequests | Location data collected | Location name: Змеиное логово, ответвление 3 | ID: 522 | Region: 1 | Available routes: [{'id': '520', 'name': 'Змеиное логово, ответвление 1'}, {'id': '521', 'name': 'Змеиное логово, ответвление 2'}, {'id': '527', 'name': 'Проход 4'}]
2026-02-18 21:38:48 | DEBUG | PokePowerRequests | Move to - 527
2026-02-18 21:38:48 | DEBUG | PokePowerRequests | Location data collected | Location name: Проход 4 | ID: 527 | Region: 1 | Available routes: [{'id': '519', 'name': 'Проход 1'}, {'id': '525', 'name': 'Проход 3'}, {'id': '528', 'name': 'Выход'}]
2026-02-18 21:38:48 | DEBUG | PokePowerRequests | Move to - 528
2026-02-18 21:38:48 | DEBUG | PokePowerRequests | Location data collected | Location name: Дорога 9 | ID: 35 | Region: 1 | Available routes: [{'id': '31', 'name': 'Церулин'}, {'id': '37', 'name': 'Разрушенная электростанция'}]
2026-02-18 21:38:48 | DEBUG | PokePowerRequests | Move to - 31
2026-02-18 21:38:48 | DEBUG | PokePowerRequests | Location data collected | Location name: Церулин | ID: 31 | Region: 1 | Available routes: [{'id': '32', 'name': 'Покецентр'}, {'id': '33', 'name': 'Дорога 4'}, {'id': '35', 'name': 'Дорога 9'}, {'id': '58', 'name': 'Покемаркет'}, {'id': '228', 'name': 'Торговый центр «Пиджеот»'}]
2026-02-18 21:38:48 | DEBUG | PokePowerRequests | Move to - 32
2026-02-18 21:38:48 | DEBUG | PokePowerRequests | Location data collected | Location name: Покецентр | ID: 32 | Region: 1 | Available routes: [{'id': '31', 'name': 'Церулин'}]
2026-02-18 21:38:48 | INFO | PokePowerRequests | POKECENTER | HEAL | Reason: Pokemons has a small amount of HP
2026-02-18 21:38:49 | DEBUG | PokePowerRequests | Successfully collected information about the user's Pokemon team...
2026-02-18 21:38:49 | DEBUG | PokePowerRequests | Move to - 31
2026-02-18 21:38:49 | DEBUG | PokePowerRequests | Location data collected | Location name: Церулин | ID: 31 | Region: 1 | Available routes: [{'id': '32', 'name': 'Покецентр'}, {'id': '33', 'name': 'Дорога 4'}, {'id': '35', 'name': 'Дорога 9'}, {'id': '58', 'name': 'Покемаркет'}, {'id': '228', 'name': 'Торговый центр «Пиджеот»'}]
2026-02-18 21:38:49 | DEBUG | PokePowerRequests | Move to - 33
2026-02-18 21:38:49 | DEBUG | PokePowerRequests | Location data collected | Location name: Дорога 4 | ID: 33 | Region: 1 | Available routes: [{'id': '31', 'name': 'Церулин'}, {'id': '34', 'name': 'Лунная гора'}, {'id': '529', 'name': 'Спуск'}]
2026-02-18 21:38:49 | DEBUG | PokePowerRequests | Move to - 529
2026-02-18 21:38:49 | DEBUG | PokePowerRequests | Location data collected | Location name: Перекресток | ID: 30 | Region: 1 | Available routes: [{'id': '28', 'name': 'Шафрания'}, {'id': '413', 'name': 'Ядовитый стадион'}]
2026-02-18 21:38:49 | DEBUG | PokePowerRequests | Move to - 28
2026-02-18 21:38:49 | DEBUG | PokePowerRequests | Location data collected | Location name: Шафрания | ID: 28 | Region: 1 | Available routes: [{'id': '27', 'name': 'Дорога 7'}, {'id': '29', 'name': 'Покецентр'}, {'id': '30', 'name': 'Перекресток'}, {'id': '41', 'name': 'Дорога 8'}, {'id': '47', 'name': 'Дорога 6'}, {'id': '57', 'name': 'Покемаркет'}, {'id': '409', 'name': 'Стадион драконов'}]
2026-02-18 21:38:49 | DEBUG | PokePowerRequests | Move to - 41
2026-02-18 21:38:49 | DEBUG | PokePowerRequests | Location data collected | Location name: Дорога 8 | ID: 41 | Region: 1 | Available routes: [{'id': '39', 'name': 'Лавендер'}, {'id': '28', 'name': 'Шафрания'}, {'id': '227', 'name': 'Ферма'}]
2026-02-18 21:38:49 | DEBUG | PokePowerRequests | Move to - 39
2026-02-18 21:38:49 | DEBUG | PokePowerRequests | Location data collected | Location name: Лавендер | ID: 39 | Region: 1 | Available routes: [{'id': '38', 'name': 'Дорога 10'}, {'id': '40', 'name': 'Покецентр'}, {'id': '41', 'name': 'Дорога 8'}, {'id': '42', 'name': 'Дорога 12'}, {'id': '59', 'name': 'Покемаркет'}, {'id': '223', 'name': 'Аптека Лавендера'}]
2026-02-18 21:38:49 | DEBUG | PokePowerRequests | Move to - 38
2026-02-18 21:38:49 | DEBUG | PokePowerRequests | Location data collected | Location name: Дорога 10 | ID: 38 | Region: 1 | Available routes: [{'id': '36', 'name': 'Вход в лабиринт'}, {'id': '39', 'name': 'Лавендер'}]
2026-02-18 21:38:49 | DEBUG | PokePowerRequests | Move to - 36
2026-02-18 21:38:49 | DEBUG | PokePowerRequests | Location data collected | Location name: Коридор 1 | ID: 509 | Region: 1 | Available routes: [{'id': '510', 'name': 'Коридор 2'}, {'id': '512', 'name': 'Коридор 4'}, {'id': '514', 'name': 'Коридор 6'}]
2026-02-18 21:38:49 | DEBUG | PokePowerRequests | Move to - 510
2026-02-18 21:38:49 | DEBUG | PokePowerRequests | Location data collected | Location name: Коридор 2 | ID: 510 | Region: 1 | Available routes: [{'id': '513', 'name': 'Коридор 5'}, {'id': '514', 'name': 'Коридор 6'}]
2026-02-18 21:38:49 | DEBUG | PokePowerRequests | Move to - 513
2026-02-18 21:38:49 | DEBUG | PokePowerRequests | Location data collected | Location name: Коридор 5 | ID: 513 | Region: 1 | Available routes: [{'id': '509', 'name': 'Коридор 1'}, {'id': '510', 'name': 'Коридор 2'}, {'id': '517', 'name': 'Коридор 9'}]
2026-02-18 21:38:49 | DEBUG | PokePowerRequests | Move to - 517
2026-02-18 21:38:49 | DEBUG | PokePowerRequests | Location data collected | Location name: Коридор 9 | ID: 517 | Region: 1 | Available routes: [{'id': '511', 'name': 'Коридор 3'}, {'id': '512', 'name': 'Коридор 4'}, {'id': '516', 'name': 'Коридор 8'}]
2026-02-18 21:38:50 | DEBUG | PokePowerRequests | Move to - 516
2026-02-18 21:38:50 | DEBUG | PokePowerRequests | Location data collected | Location name: Коридор 8 | ID: 516 | Region: 1 | Available routes: [{'id': '510', 'name': 'Коридор 2'}, {'id': '513', 'name': 'Коридор 5'}, {'id': '515', 'name': 'Коридор 7'}]
2026-02-18 21:38:50 | DEBUG | PokePowerRequests | Move to - 515
2026-02-18 21:38:50 | DEBUG | PokePowerRequests | Location data collected | Location name: Гранитный зал | ID: 518 | Region: 1 | Available routes: [{'id': '519', 'name': 'Проход 1'}, {'id': '523', 'name': 'Проход 2'}, {'id': '525', 'name': 'Проход 3'}]
2026-02-18 21:38:50 | DEBUG | PokePowerRequests | Move to - 519
2026-02-18 21:38:50 | DEBUG | PokePowerRequests | Location data collected | Location name: Проход 1 | ID: 519 | Region: 1 | Available routes: [{'id': '526', 'name': 'Заброшенная исследовательская база'}, {'id': '518', 'name': 'Гранитный зал'}]
2026-02-18 21:38:50 | DEBUG | PokePowerRequests | Move to - 526
2026-02-18 21:38:50 | DEBUG | PokePowerRequests | Location data collected | Location name: Заброшенная исследовательская база | ID: 526 | Region: 1 | Available routes: [{'id': '525', 'name': 'Проход 3'}, {'id': '520', 'name': 'Змеиное логово, ответвление 1'}]
2026-02-18 21:38:53 | DEBUG | PokePowerRequests | Update request - sent
2026-02-18 21:38:56 | DEBUG | PokePowerRequests | Update request - sent
2026-02-18 21:38:59 | DEBUG | PokePowerRequests | Update request - sent
2026-02-18 21:39:02 | DEBUG | PokePowerRequests | Update request - sent
2026-02-18 21:39:05 | DEBUG | PokePowerRequests | Update request - sent
2026-02-18 21:39:08 | DEBUG | PokePowerRequests | Update request - sent
2026-02-18 21:39:08 | INFO | PokePowerRequests | BATTLE_START | Enemy: #024 'Арбок' | Level: 31
2026-02-18 21:39:08 | INFO | PokePowerRequests | BATTLE_ACTION | ATTACK | Description: Железная голова: 14/15
2026-02-18 21:39:08 | INFO | PokePowerRequests | INVENTORY | ADD | Монета | Count: 21
2026-02-18 21:39:11 | DEBUG | PokePowerRequests | Update request - sent
2026-02-18 21:39:14 | DEBUG | PokePowerRequests | Update request - sent
2026-02-18 21:39:17 | DEBUG | PokePowerRequests | Update request - sent
2026-02-18 21:39:20 | DEBUG | PokePowerRequests | Update request - sent
2026-02-18 21:39:23 | DEBUG | PokePowerRequests | Update request - sent
2026-02-18 21:39:27 | DEBUG | PokePowerRequests | Update request - sent
2026-02-18 21:39:27 | INFO | PokePowerRequests | BATTLE_START | Enemy: #462 'Магнезон' | Level: 72
2026-02-18 21:39:27 | INFO | PokePowerRequests | BATTLE_ACTION | ATTACK | Description: Суперсила: 4/5
2026-02-18 21:39:27 | INFO | PokePowerRequests | INVENTORY | ADD | Монета | Count: 23
2026-02-18 21:39:27 | INFO | PokePowerRequests | INVENTORY | ADD | Снежок | Count: 1
2026-02-18 21:39:27 | INFO | PokePowerRequests | INVENTORY | ADD | Хрустальный ящик | Count: 1
2026-02-18 21:39:30 | DEBUG | PokePowerRequests | Update request - sent
2026-02-18 21:39:33 | DEBUG | PokePowerRequests | Update request - sent
2026-02-18 21:39:36 | DEBUG | PokePowerRequests | Update request - sent
2026-02-18 21:39:39 | DEBUG | PokePowerRequests | Update request - sent
2026-02-18 21:39:42 | DEBUG | PokePowerRequests | Update request - sent
2026-02-18 21:39:45 | DEBUG | PokePowerRequests | Update request - sent
2026-02-18 21:39:45 | INFO | PokePowerRequests | BATTLE_START | Enemy: #024 'Арбок' | Level: 34
2026-02-18 21:39:45 | INFO | PokePowerRequests | BATTLE_ACTION | ATTACK | Description: Железная голова: 13/15
2026-02-18 21:39:45 | INFO | PokePowerRequests | INVENTORY | ADD | Монета | Count: 26
2026-02-18 21:39:48 | DEBUG | PokePowerRequests | Update request - sent
2026-02-18 21:39:51 | DEBUG | PokePowerRequests | Update request - sent
2026-02-18 21:39:54 | DEBUG | PokePowerRequests | Update request - sent
2026-02-18 21:39:58 | DEBUG | PokePowerRequests | Update request - sent
2026-02-18 21:40:01 | DEBUG | PokePowerRequests | Update request - sent
2026-02-18 21:40:01 | INFO | PokePowerRequests | BATTLE_START | Enemy: #024 'Арбок' | Level: 35
2026-02-18 21:40:01 | INFO | PokePowerRequests | BATTLE_ACTION | ATTACK | Description: Железная голова: 12/15
2026-02-18 21:40:01 | INFO | PokePowerRequests | INVENTORY | ADD | Монета | Count: 21
2026-02-18 21:40:04 | DEBUG | PokePowerRequests | Update request - sent
2026-02-18 21:40:07 | DEBUG | PokePowerRequests | Update request - sent
2026-02-18 21:40:10 | DEBUG | PokePowerRequests | Update request - sent
2026-02-18 21:40:13 | DEBUG | PokePowerRequests | Update request - sent
2026-02-18 21:40:13 | INFO | PokePowerRequests | BATTLE_START | Enemy: #462 'Магнезон' | Level: 75
2026-02-18 21:40:13 | INFO | PokePowerRequests | BATTLE_ACTION | ATTACK | Description: Суперсила: 3/5
2026-02-18 21:40:13 | INFO | PokePowerRequests | BATTLE_ACTION | ATTACK | Description: Суперсила: 2/5
2026-02-18 21:40:13 | INFO | PokePowerRequests | INVENTORY | ADD | Монета | Count: 24
2026-02-18 21:40:16 | DEBUG | PokePowerRequests | Update request - sent
2026-02-18 21:40:19 | DEBUG | PokePowerRequests | Update request - sent
2026-02-18 21:40:22 | DEBUG | PokePowerRequests | Update request - sent
2026-02-18 21:40:25 | DEBUG | PokePowerRequests | Update request - sent
2026-02-18 21:40:29 | DEBUG | PokePowerRequests | Update request - sent
2026-02-18 21:40:32 | DEBUG | PokePowerRequests | Update request - sent
2026-02-18 21:40:35 | DEBUG | PokePowerRequests | Update request - sent
2026-02-18 21:40:35 | INFO | PokePowerRequests | BATTLE_START | Enemy: #024 'Арбок' | Level: 35
2026-02-18 21:40:35 | INFO | PokePowerRequests | BATTLE_ACTION | ATTACK | Description: Железная голова: 11/15
2026-02-18 21:40:35 | INFO | PokePowerRequests | INVENTORY | ADD | Монета | Count: 24
2026-02-18 21:40:38 | DEBUG | PokePowerRequests | Update request - sent
2026-02-18 21:40:41 | DEBUG | PokePowerRequests | Update request - sent
2026-02-18 21:40:44 | DEBUG | PokePowerRequests | Update request - sent
2026-02-18 21:40:47 | DEBUG | PokePowerRequests | Update request - sent
2026-02-18 21:40:50 | DEBUG | PokePowerRequests | Update request - sent
2026-02-18 21:40:53 | DEBUG | PokePowerRequests | Update request - sent
2026-02-18 21:40:53 | INFO | PokePowerRequests | BATTLE_START | Enemy: #462 'Магнезон' | Level: 72
2026-02-18 21:40:53 | INFO | PokePowerRequests | BATTLE_ACTION | ATTACK | Description: Суперсила: 1/5
2026-02-18 21:40:53 | INFO | PokePowerRequests | BATTLE_ACTION | ATTACK | Description: Суперсила: 0/5
2026-02-18 21:40:53 | INFO | PokePowerRequests | INVENTORY | ADD | Монета | Count: 28
2026-02-18 21:40:53 | INFO | PokePowerRequests | INVENTORY | ADD | Электродетали | Count: 1
2026-02-18 21:40:57 | DEBUG | PokePowerRequests | Update request - sent
2026-02-18 21:41:00 | DEBUG | PokePowerRequests | Update request - sent
2026-02-18 21:41:03 | DEBUG | PokePowerRequests | Update request - sent
2026-02-18 21:41:06 | DEBUG | PokePowerRequests | Update request - sent
2026-02-18 21:41:09 | DEBUG | PokePowerRequests | Update request - sent
2026-02-18 21:41:12 | DEBUG | PokePowerRequests | Update request - sent
2026-02-18 21:41:15 | DEBUG | PokePowerRequests | Update request - sent
2026-02-18 21:41:15 | INFO | PokePowerRequests | BATTLE_START | Enemy: #024 'Арбок' | Level: 30
2026-02-18 21:41:15 | INFO | PokePowerRequests | BATTLE_ACTION | ATTACK | Description: Железная голова: 10/15
2026-02-18 21:41:15 | INFO | PokePowerRequests | INVENTORY | ADD | Монета | Count: 24
2026-02-18 21:41:18 | DEBUG | PokePowerRequests | Update request - sent
2026-02-18 21:41:21 | DEBUG | PokePowerRequests | Update request - sent
2026-02-18 21:41:24 | DEBUG | PokePowerRequests | Update request - sent
2026-02-18 21:41:27 | DEBUG | PokePowerRequests | Update request - sent
2026-02-18 21:41:31 | DEBUG | PokePowerRequests | Update request - sent
2026-02-18 21:41:34 | DEBUG | PokePowerRequests | Update request - sent
2026-02-18 21:41:34 | INFO | PokePowerRequests | BATTLE_START | Enemy: #024 'Арбок' | Level: 35
2026-02-18 21:41:34 | INFO | PokePowerRequests | BATTLE_ACTION | ATTACK | Description: Железная голова: 9/15
2026-02-18 21:41:34 | INFO | PokePowerRequests | INVENTORY | ADD | Монета | Count: 25
2026-02-18 21:41:37 | DEBUG | PokePowerRequests | Update request - sent
2026-02-18 21:41:40 | DEBUG | PokePowerRequests | Update request - sent
2026-02-18 21:41:43 | DEBUG | PokePowerRequests | Update request - sent
2026-02-18 21:41:46 | DEBUG | PokePowerRequests | Update request - sent
2026-02-18 21:41:46 | INFO | PokePowerRequests | BATTLE_START | Enemy: #462 'Магнезон' | Level: 74
2026-02-18 21:41:46 | INFO | PokePowerRequests | BATTLE_ACTION | ATTACK | Description: Железная голова: 8/15
2026-02-18 21:41:46 | INFO | PokePowerRequests | BATTLE_ACTION | ATTACK | Description: Железная голова: 7/15
2026-02-18 21:41:46 | INFO | PokePowerRequests | BATTLE_ACTION | ATTACK | Description: Железная голова: 6/15
2026-02-18 21:41:46 | INFO | PokePowerRequests | BATTLE_ACTION | ATTACK | Description: Железная голова: 5/15
2026-02-18 21:41:46 | INFO | PokePowerRequests | BATTLE_ACTION | ATTACK | Description: Железная голова: 4/15
2026-02-18 21:41:46 | INFO | PokePowerRequests | BATTLE_ACTION | ATTACK | Description: Железная голова: 3/15
2026-02-18 21:41:46 | INFO | PokePowerRequests | INVENTORY | ADD | Монета | Count: 26
2026-02-18 21:41:49 | DEBUG | PokePowerRequests | Update request - sent
2026-02-18 21:41:52 | DEBUG | PokePowerRequests | Update request - sent
2026-02-18 21:41:56 | DEBUG | PokePowerRequests | Update request - sent
2026-02-18 21:41:59 | DEBUG | PokePowerRequests | Update request - sent
2026-02-18 21:42:02 | DEBUG | PokePowerRequests | Update request - sent
2026-02-18 21:42:05 | DEBUG | PokePowerRequests | Update request - sent
2026-02-18 21:42:05 | INFO | PokePowerRequests | BATTLE_START | Enemy: #024 'Арбок' | Level: 31
2026-02-18 21:42:05 | INFO | PokePowerRequests | BATTLE_ACTION | ATTACK | Description: Железная голова: 2/15
2026-02-18 21:42:05 | INFO | PokePowerRequests | INVENTORY | ADD | Монета | Count: 25
2026-02-18 21:42:08 | DEBUG | PokePowerRequests | Update request - sent
2026-02-18 21:42:11 | DEBUG | PokePowerRequests | Update request - sent
2026-02-18 21:42:14 | DEBUG | PokePowerRequests | Update request - sent
2026-02-18 21:42:17 | DEBUG | PokePowerRequests | Update request - sent
2026-02-18 21:42:20 | DEBUG | PokePowerRequests | Update request - sent
2026-02-18 21:42:23 | DEBUG | PokePowerRequests | Update request - sent
2026-02-18 21:42:26 | DEBUG | PokePowerRequests | Update request - sent
2026-02-18 21:42:26 | INFO | PokePowerRequests | BATTLE_START | Enemy: #024 'Арбок' | Level: 26
2026-02-18 21:42:27 | INFO | PokePowerRequests | BATTLE_ACTION | ATTACK | Description: Железная голова: 1/15
2026-02-18 21:42:27 | INFO | PokePowerRequests | INVENTORY | ADD | Монета | Count: 21
2026-02-18 21:42:27 | DEBUG | PokePowerRequests | Move to - 520
2026-02-18 21:42:27 | DEBUG | PokePowerRequests | Location data collected | Location name: Змеиное логово, ответвление 1 | ID: 520 | Region: 1 | Available routes: [{'id': '521', 'name': 'Змеиное логово, ответвление 2'}, {'id': '522', 'name': 'Змеиное логово, ответвление 3'}]
2026-02-18 21:42:27 | DEBUG | PokePowerRequests | Move to - 522
2026-02-18 21:42:27 | DEBUG | PokePowerRequests | Location data collected | Location name: Змеиное логово, ответвление 3 | ID: 522 | Region: 1 | Available routes: [{'id': '520', 'name': 'Змеиное логово, ответвление 1'}, {'id': '521', 'name': 'Змеиное логово, ответвление 2'}, {'id': '527', 'name': 'Проход 4'}]
2026-02-18 21:42:27 | DEBUG | PokePowerRequests | Move to - 527
2026-02-18 21:42:27 | DEBUG | PokePowerRequests | Location data collected | Location name: Проход 4 | ID: 527 | Region: 1 | Available routes: [{'id': '519', 'name': 'Проход 1'}, {'id': '525', 'name': 'Проход 3'}, {'id': '528', 'name': 'Выход'}]
2026-02-18 21:42:27 | DEBUG | PokePowerRequests | Move to - 528
2026-02-18 21:42:27 | DEBUG | PokePowerRequests | Location data collected | Location name: Дорога 9 | ID: 35 | Region: 1 | Available routes: [{'id': '31', 'name': 'Церулин'}, {'id': '37', 'name': 'Разрушенная электростанция'}]
2026-02-18 21:42:27 | DEBUG | PokePowerRequests | Move to - 31
2026-02-18 21:42:27 | DEBUG | PokePowerRequests | Location data collected | Location name: Церулин | ID: 31 | Region: 1 | Available routes: [{'id': '32', 'name': 'Покецентр'}, {'id': '33', 'name': 'Дорога 4'}, {'id': '35', 'name': 'Дорога 9'}, {'id': '58', 'name': 'Покемаркет'}, {'id': '228', 'name': 'Торговый центр «Пиджеот»'}]
2026-02-18 21:42:27 | DEBUG | PokePowerRequests | Move to - 32
2026-02-18 21:42:27 | DEBUG | PokePowerRequests | Location data collected | Location name: Покецентр | ID: 32 | Region: 1 | Available routes: [{'id': '31', 'name': 'Церулин'}]
2026-02-18 21:42:27 | INFO | PokePowerRequests | POKECENTER | HEAL | Reason: Pokemons has a small amount of HP
2026-02-18 21:42:27 | DEBUG | PokePowerRequests | Successfully collected information about the user's Pokemon team...
2026-02-18 21:42:27 | DEBUG | PokePowerRequests | Move to - 31
2026-02-18 21:42:27 | DEBUG | PokePowerRequests | Location data collected | Location name: Церулин | ID: 31 | Region: 1 | Available routes: [{'id': '32', 'name': 'Покецентр'}, {'id': '33', 'name': 'Дорога 4'}, {'id': '35', 'name': 'Дорога 9'}, {'id': '58', 'name': 'Покемаркет'}, {'id': '228', 'name': 'Торговый центр «Пиджеот»'}]
2026-02-18 21:42:27 | DEBUG | PokePowerRequests | Move to - 33
2026-02-18 21:42:27 | DEBUG | PokePowerRequests | Location data collected | Location name: Дорога 4 | ID: 33 | Region: 1 | Available routes: [{'id': '31', 'name': 'Церулин'}, {'id': '34', 'name': 'Лунная гора'}, {'id': '529', 'name': 'Спуск'}]
2026-02-18 21:42:27 | DEBUG | PokePowerRequests | Move to - 529
2026-02-18 21:42:27 | DEBUG | PokePowerRequests | Location data collected | Location name: Перекресток | ID: 30 | Region: 1 | Available routes: [{'id': '28', 'name': 'Шафрания'}, {'id': '413', 'name': 'Ядовитый стадион'}]
2026-02-18 21:42:27 | DEBUG | PokePowerRequests | Move to - 28
2026-02-18 21:42:27 | DEBUG | PokePowerRequests | Location data collected | Location name: Шафрания | ID: 28 | Region: 1 | Available routes: [{'id': '27', 'name': 'Дорога 7'}, {'id': '29', 'name': 'Покецентр'}, {'id': '30', 'name': 'Перекресток'}, {'id': '41', 'name': 'Дорога 8'}, {'id': '47', 'name': 'Дорога 6'}, {'id': '57', 'name': 'Покемаркет'}, {'id': '409', 'name': 'Стадион драконов'}]
2026-02-18 21:42:27 | DEBUG | PokePowerRequests | Move to - 41
2026-02-18 21:42:27 | DEBUG | PokePowerRequests | Location data collected | Location name: Дорога 8 | ID: 41 | Region: 1 | Available routes: [{'id': '39', 'name': 'Лавендер'}, {'id': '28', 'name': 'Шафрания'}, {'id': '227', 'name': 'Ферма'}]
2026-02-18 21:42:27 | DEBUG | PokePowerRequests | Move to - 39
2026-02-18 21:42:27 | DEBUG | PokePowerRequests | Location data collected | Location name: Лавендер | ID: 39 | Region: 1 | Available routes: [{'id': '38', 'name': 'Дорога 10'}, {'id': '40', 'name': 'Покецентр'}, {'id': '41', 'name': 'Дорога 8'}, {'id': '42', 'name': 'Дорога 12'}, {'id': '59', 'name': 'Покемаркет'}, {'id': '223', 'name': 'Аптека Лавендера'}]
2026-02-18 21:42:27 | DEBUG | PokePowerRequests | Move to - 38
2026-02-18 21:42:27 | DEBUG | PokePowerRequests | Location data collected | Location name: Дорога 10 | ID: 38 | Region: 1 | Available routes: [{'id': '36', 'name': 'Вход в лабиринт'}, {'id': '39', 'name': 'Лавендер'}]
2026-02-18 21:42:28 | DEBUG | PokePowerRequests | Move to - 36
2026-02-18 21:42:28 | DEBUG | PokePowerRequests | Location data collected | Location name: Коридор 1 | ID: 509 | Region: 1 | Available routes: [{'id': '510', 'name': 'Коридор 2'}, {'id': '512', 'name': 'Коридор 4'}, {'id': '514', 'name': 'Коридор 6'}]
2026-02-18 21:42:28 | DEBUG | PokePowerRequests | Move to - 510
2026-02-18 21:42:28 | DEBUG | PokePowerRequests | Location data collected | Location name: Коридор 2 | ID: 510 | Region: 1 | Available routes: [{'id': '513', 'name': 'Коридор 5'}, {'id': '514', 'name': 'Коридор 6'}]
2026-02-18 21:42:28 | DEBUG | PokePowerRequests | Move to - 513
2026-02-18 21:42:28 | DEBUG | PokePowerRequests | Location data collected | Location name: Коридор 5 | ID: 513 | Region: 1 | Available routes: [{'id': '509', 'name': 'Коридор 1'}, {'id': '510', 'name': 'Коридор 2'}, {'id': '517', 'name': 'Коридор 9'}]
2026-02-18 21:42:28 | DEBUG | PokePowerRequests | Move to - 517
2026-02-18 21:42:28 | DEBUG | PokePowerRequests | Location data collected | Location name: Коридор 9 | ID: 517 | Region: 1 | Available routes: [{'id': '511', 'name': 'Коридор 3'}, {'id': '512', 'name': 'Коридор 4'}, {'id': '516', 'name': 'Коридор 8'}]
2026-02-18 21:42:28 | DEBUG | PokePowerRequests | Move to - 516
2026-02-18 21:42:28 | DEBUG | PokePowerRequests | Location data collected | Location name: Коридор 8 | ID: 516 | Region: 1 | Available routes: [{'id': '510', 'name': 'Коридор 2'}, {'id': '513', 'name': 'Коридор 5'}, {'id': '515', 'name': 'Коридор 7'}]
2026-02-18 21:42:28 | DEBUG | PokePowerRequests | Move to - 515
2026-02-18 21:42:28 | DEBUG | PokePowerRequests | Location data collected | Location name: Гранитный зал | ID: 518 | Region: 1 | Available routes: [{'id': '519', 'name': 'Проход 1'}, {'id': '523', 'name': 'Проход 2'}, {'id': '525', 'name': 'Проход 3'}]
2026-02-18 21:42:28 | DEBUG | PokePowerRequests | Move to - 519
2026-02-18 21:42:28 | DEBUG | PokePowerRequests | Location data collected | Location name: Проход 1 | ID: 519 | Region: 1 | Available routes: [{'id': '526', 'name': 'Заброшенная исследовательская база'}, {'id': '518', 'name': 'Гранитный зал'}]
2026-02-18 21:42:28 | DEBUG | PokePowerRequests | Move to - 526
2026-02-18 21:42:28 | DEBUG | PokePowerRequests | Location data collected | Location name: Заброшенная исследовательская база | ID: 526 | Region: 1 | Available routes: [{'id': '525', 'name': 'Проход 3'}, {'id': '520', 'name': 'Змеиное логово, ответвление 1'}]
2026-02-18 21:42:31 | DEBUG | PokePowerRequests | Update request - sent
2026-02-18 21:42:34 | DEBUG | PokePowerRequests | Update request - sent
2026-02-18 21:42:37 | DEBUG | PokePowerRequests | Update request - sent
2026-02-18 21:42:40 | DEBUG | PokePowerRequests | Update request - sent
2026-02-18 21:42:40 | INFO | PokePowerRequests | BATTLE_START | Enemy: #024 'Арбок' | Level: 33
2026-02-18 21:42:40 | INFO | PokePowerRequests | BATTLE_ACTION | ATTACK | Description: Железная голова: 14/15
2026-02-18 21:42:40 | INFO | PokePowerRequests | INVENTORY | ADD | Монета | Count: 25
2026-02-18 21:42:43 | DEBUG | PokePowerRequests | Update request - sent
2026-02-18 21:42:46 | DEBUG | PokePowerRequests | Update request - sent
2026-02-18 21:42:50 | DEBUG | PokePowerRequests | Update request - sent
2026-02-18 21:42:53 | DEBUG | PokePowerRequests | Update request - sent
2026-02-18 21:42:56 | DEBUG | PokePowerRequests | Update request - sent
2026-02-18 21:42:56 | INFO | PokePowerRequests | BATTLE_START | Enemy: #024 'Арбок' | Level: 33
2026-02-18 21:42:56 | INFO | PokePowerRequests | BATTLE_ACTION | ATTACK | Description: Железная голова: 13/15
2026-02-18 21:42:56 | INFO | PokePowerRequests | INVENTORY | ADD | Монета | Count: 26
2026-02-18 21:42:59 | DEBUG | PokePowerRequests | Update request - sent
2026-02-18 21:43:01 | INFO | PokePowerRequests | BOT_STOPPED |
2026-02-18 21:43:50 | INFO | PokePowerRequests | BOT_STARTED
2026-02-18 21:43:51 | DEBUG | PokePowerRequests | Successful authorization...
2026-02-18 21:43:51 | DEBUG | PokePowerRequests | Socket connection successfully established...
2026-02-18 21:43:55 | DEBUG | PokePowerRequests | Location data collected | Location name: Заброшенная исследовательская база | ID: 526 | Region: 1 | Available routes: [{'id': '525', 'name': 'Проход 3'}, {'id': '520', 'name': 'Змеиное логово, ответвление 1'}]
2026-02-18 21:43:55 | DEBUG | PokePowerRequests | Initialization completed, data collected...
2026-02-18 21:43:55 | DEBUG | PokePowerRequests | Pokemon: #379 Металик | Lvl: 100 | HP: 364 | Gender: genderless | Active: True
2026-02-18 21:43:55 | DEBUG | PokePowerRequests | Pokemon: #563 Клеопатра | Lvl: 100 | HP: 321 | Gender: venus | Active: False
2026-02-18 21:43:55 | DEBUG | PokePowerRequests | Successfully collected information about the user's Pokemon team...
2026-02-18 21:43:55 | DEBUG | PokePowerRequests | Collected data on available pokeballs:
        [['Гритбол', 3], ['Фастбол', 7], ['Покебол', 80], ['Тыквобол', 6], ['Генобол', 190], ['Ультрабол', 16], ['Даскбол', 3], ['Мастербол', 49], ['Шайнибол', 58], ['Взломанный Шайнибол', 12], ['Дистанцбол', 14]]
2026-02-18 21:43:55 | DEBUG | PokePowerRequests | Received ID of the Pokeball selected for catching - None
2026-02-18 21:43:55 | DEBUG | PokePowerRequests | Current value of completed battles - 482
2026-02-18 21:43:55 | DEBUG | PokePowerRequests | Update request - sent
2026-02-18 21:43:55 | INFO | PokePowerRequests | BATTLE_START | Enemy: #024 'Арбок' | Level: 25
2026-02-18 21:43:55 | INFO | PokePowerRequests | BATTLE_ACTION | ATTACK | Description: Железная голова: 12/15
2026-02-18 21:43:55 | INFO | PokePowerRequests | INVENTORY | ADD | Монета | Count: 22
2026-02-18 21:43:55 | INFO | PokePowerRequests | INVENTORY | ADD | Снежок | Count: 1
2026-02-18 21:43:58 | DEBUG | PokePowerRequests | Update request - sent
2026-02-18 21:44:02 | DEBUG | PokePowerRequests | Update request - sent
2026-02-18 21:44:05 | DEBUG | PokePowerRequests | Update request - sent
2026-02-18 21:44:08 | DEBUG | PokePowerRequests | Update request - sent
2026-02-18 21:44:11 | DEBUG | PokePowerRequests | Update request - sent
2026-02-18 21:44:11 | INFO | PokePowerRequests | BATTLE_START | Enemy: #024 'Арбок' | Level: 31
2026-02-18 21:44:11 | INFO | PokePowerRequests | BATTLE_ACTION | ATTACK | Description: Железная голова: 11/15
2026-02-18 21:44:11 | INFO | PokePowerRequests | INVENTORY | ADD | Монета | Count: 25
2026-02-18 21:44:14 | DEBUG | PokePowerRequests | Update request - sent
2026-02-18 21:44:17 | DEBUG | PokePowerRequests | Update request - sent
2026-02-18 21:44:20 | DEBUG | PokePowerRequests | Update request - sent
2026-02-18 21:44:23 | DEBUG | PokePowerRequests | Update request - sent
2026-02-18 21:44:26 | DEBUG | PokePowerRequests | Update request - sent
2026-02-18 21:44:29 | DEBUG | PokePowerRequests | Update request - sent
2026-02-18 21:44:29 | INFO | PokePowerRequests | BATTLE_START | Enemy: #024 'Арбок' | Level: 25
2026-02-18 21:44:29 | INFO | PokePowerRequests | BATTLE_ACTION | ATTACK | Description: Железная голова: 10/15
2026-02-18 21:44:29 | INFO | PokePowerRequests | INVENTORY | ADD | Монета | Count: 26
2026-02-18 21:44:32 | DEBUG | PokePowerRequests | Update request - sent
2026-02-18 21:44:35 | DEBUG | PokePowerRequests | Update request - sent
2026-02-18 21:44:39 | DEBUG | PokePowerRequests | Update request - sent
2026-02-18 21:44:42 | DEBUG | PokePowerRequests | Update request - sent
2026-02-18 21:44:45 | DEBUG | PokePowerRequests | Update request - sent
2026-02-18 21:44:48 | DEBUG | PokePowerRequests | Update request - sent
2026-02-18 21:44:51 | DEBUG | PokePowerRequests | Update request - sent
2026-02-18 21:44:51 | INFO | PokePowerRequests | BATTLE_START | Enemy: #462 'Магнезон' | Level: 71
2026-02-18 21:44:51 | INFO | PokePowerRequests | BATTLE_ACTION | ATTACK | Description: Суперсила: 4/5
2026-02-18 21:44:51 | INFO | PokePowerRequests | INVENTORY | ADD | Монета | Count: 27
2026-02-18 21:44:54 | DEBUG | PokePowerRequests | Update request - sent
2026-02-18 21:44:57 | DEBUG | PokePowerRequests | Update request - sent
2026-02-18 21:45:00 | DEBUG | PokePowerRequests | Update request - sent
2026-02-18 21:45:03 | DEBUG | PokePowerRequests | Update request - sent
2026-02-18 21:45:06 | DEBUG | PokePowerRequests | Update request - sent
2026-02-18 21:45:09 | DEBUG | PokePowerRequests | Update request - sent
2026-02-18 21:45:12 | DEBUG | PokePowerRequests | Update request - sent
2026-02-18 21:45:12 | INFO | PokePowerRequests | BATTLE_START | Enemy: #462 'Магнезон' | Level: 70
2026-02-18 21:45:13 | INFO | PokePowerRequests | BATTLE_ACTION | ATTACK | Description: Суперсила: 3/5
2026-02-18 21:45:13 | INFO | PokePowerRequests | BATTLE_ACTION | ATTACK | Description: Суперсила: 2/5
2026-02-18 21:45:13 | INFO | PokePowerRequests | INVENTORY | ADD | Монета | Count: 26
2026-02-18 21:45:13 | INFO | PokePowerRequests | INVENTORY | ADD | Снежок | Count: 1
2026-02-18 21:45:16 | DEBUG | PokePowerRequests | Update request - sent
2026-02-18 21:45:19 | DEBUG | PokePowerRequests | Update request - sent
2026-02-18 21:45:22 | DEBUG | PokePowerRequests | Update request - sent
2026-02-18 21:45:25 | DEBUG | PokePowerRequests | Update request - sent
2026-02-18 21:45:28 | DEBUG | PokePowerRequests | Update request - sent
2026-02-18 21:45:28 | INFO | PokePowerRequests | BATTLE_START | Enemy: #024 'Арбок' | Level: 26
2026-02-18 21:45:28 | INFO | PokePowerRequests | BATTLE_ACTION | ATTACK | Description: Железная голова: 9/15
2026-02-18 21:45:28 | INFO | PokePowerRequests | INVENTORY | ADD | Монета | Count: 23
2026-02-18 21:45:31 | DEBUG | PokePowerRequests | Update request - sent
2026-02-18 21:45:34 | DEBUG | PokePowerRequests | Update request - sent
2026-02-18 21:45:37 | DEBUG | PokePowerRequests | Update request - sent
2026-02-18 21:45:40 | DEBUG | PokePowerRequests | Update request - sent
2026-02-18 21:45:43 | DEBUG | PokePowerRequests | Update request - sent
2026-02-18 21:45:46 | DEBUG | PokePowerRequests | Update request - sent
2026-02-18 21:45:46 | INFO | PokePowerRequests | BATTLE_START | Enemy: #462 'Магнезон' | Level: 69
2026-02-18 21:45:47 | INFO | PokePowerRequests | BATTLE_ACTION | ATTACK | Description: Суперсила: 1/5
2026-02-18 21:45:47 | INFO | PokePowerRequests | INVENTORY | ADD | Монета | Count: 28
2026-02-18 21:45:50 | DEBUG | PokePowerRequests | Update request - sent
2026-02-18 21:45:53 | DEBUG | PokePowerRequests | Update request - sent
2026-02-18 21:45:56 | DEBUG | PokePowerRequests | Update request - sent
2026-02-18 21:45:59 | DEBUG | PokePowerRequests | Update request - sent
2026-02-18 21:45:59 | INFO | PokePowerRequests | BATTLE_START | Enemy: #024 'Арбок' | Level: 34
2026-02-18 21:45:59 | INFO | PokePowerRequests | BATTLE_ACTION | ATTACK | Description: Железная голова: 8/15
2026-02-18 21:45:59 | INFO | PokePowerRequests | INVENTORY | ADD | Монета | Count: 24
2026-02-18 21:46:02 | DEBUG | PokePowerRequests | Update request - sent
2026-02-18 21:46:05 | DEBUG | PokePowerRequests | Update request - sent
2026-02-18 21:46:08 | DEBUG | PokePowerRequests | Update request - sent
2026-02-18 21:46:11 | DEBUG | PokePowerRequests | Update request - sent
2026-02-18 21:46:11 | INFO | PokePowerRequests | BATTLE_START | Enemy: #462 'Магнезон' | Level: 78
2026-02-18 21:46:11 | INFO | PokePowerRequests | BATTLE_ACTION | ATTACK | Description: Суперсила: 0/5
2026-02-18 21:46:11 | INFO | PokePowerRequests | INVENTORY | ADD | Монета | Count: 29
2026-02-18 21:46:14 | DEBUG | PokePowerRequests | Update request - sent
2026-02-18 21:46:17 | DEBUG | PokePowerRequests | Update request - sent
2026-02-18 21:46:21 | DEBUG | PokePowerRequests | Update request - sent
2026-02-18 21:46:24 | DEBUG | PokePowerRequests | Update request - sent
2026-02-18 21:46:27 | DEBUG | PokePowerRequests | Update request - sent
2026-02-18 21:46:27 | INFO | PokePowerRequests | BATTLE_START | Enemy: #024 'Арбок' | Level: 26
2026-02-18 21:46:27 | INFO | PokePowerRequests | BATTLE_ACTION | ATTACK | Description: Железная голова: 7/15
2026-02-18 21:46:27 | INFO | PokePowerRequests | INVENTORY | ADD | Монета | Count: 25
2026-02-18 21:46:30 | DEBUG | PokePowerRequests | Update request - sent
2026-02-18 21:46:33 | DEBUG | PokePowerRequests | Update request - sent
2026-02-18 21:46:36 | DEBUG | PokePowerRequests | Update request - sent
2026-02-18 21:46:39 | DEBUG | PokePowerRequests | Update request - sent
2026-02-18 21:46:42 | DEBUG | PokePowerRequests | Update request - sent
2026-02-18 21:46:45 | DEBUG | PokePowerRequests | Update request - sent
2026-02-18 21:46:45 | INFO | PokePowerRequests | BATTLE_START | Enemy: #024 'Арбок' | Level: 33
2026-02-18 21:46:45 | INFO | PokePowerRequests | BATTLE_ACTION | ATTACK | Description: Железная голова: 6/15
2026-02-18 21:46:45 | INFO | PokePowerRequests | INVENTORY | ADD | Монета | Count: 24
2026-02-18 21:46:48 | DEBUG | PokePowerRequests | Update request - sent
2026-02-18 21:46:51 | DEBUG | PokePowerRequests | Update request - sent
2026-02-18 21:46:54 | DEBUG | PokePowerRequests | Update request - sent
2026-02-18 21:46:57 | DEBUG | PokePowerRequests | Update request - sent
2026-02-18 21:47:01 | DEBUG | PokePowerRequests | Update request - sent
2026-02-18 21:47:01 | INFO | PokePowerRequests | BATTLE_START | Enemy: #024 'Арбок' | Level: 31
2026-02-18 21:47:01 | INFO | PokePowerRequests | BATTLE_ACTION | ATTACK | Description: Железная голова: 5/15
2026-02-18 21:47:01 | INFO | PokePowerRequests | INVENTORY | ADD | Монета | Count: 26
2026-02-18 21:47:04 | DEBUG | PokePowerRequests | Update request - sent
2026-02-18 21:47:07 | DEBUG | PokePowerRequests | Update request - sent
2026-02-18 21:47:10 | DEBUG | PokePowerRequests | Update request - sent
2026-02-18 21:47:13 | DEBUG | PokePowerRequests | Update request - sent
2026-02-18 21:47:13 | INFO | PokePowerRequests | BATTLE_START | Enemy: #462 'Магнезон' | Level: 73
2026-02-18 21:47:13 | INFO | PokePowerRequests | BATTLE_ACTION | ATTACK | Description: Железная голова: 4/15
2026-02-18 21:47:13 | INFO | PokePowerRequests | BATTLE_ACTION | ATTACK | Description: Железная голова: 3/15
2026-02-18 21:47:13 | INFO | PokePowerRequests | BATTLE_ACTION | ATTACK | Description: Железная голова: 2/15
2026-02-18 21:47:13 | INFO | PokePowerRequests | BATTLE_ACTION | ATTACK | Description: Железная голова: 1/15
2026-02-18 21:47:13 | INFO | PokePowerRequests | BATTLE_ACTION | CHANGE | Description: Change current pokemon to: #563 Клеопатра
2026-02-18 21:47:13 | INFO | PokePowerRequests | BATTLE_ACTION | ATTACK | Description: Сглаз: 9/10
2026-02-18 21:47:13 | INFO | PokePowerRequests | INVENTORY | ADD | Монета | Count: 28
2026-02-18 21:47:13 | INFO | PokePowerRequests | INVENTORY | ADD | Электродетали | Count: 1
2026-02-18 21:47:13 | INFO | PokePowerRequests | BATTLE_ACTION | START | Description: Start pokémon are now: #563 Клеопатра
2026-02-18 21:47:16 | DEBUG | PokePowerRequests | Update request - sent
2026-02-18 21:47:19 | DEBUG | PokePowerRequests | Update request - sent
2026-02-18 21:47:23 | DEBUG | PokePowerRequests | Update request - sent
2026-02-18 21:47:26 | DEBUG | PokePowerRequests | Update request - sent
2026-02-18 21:47:29 | DEBUG | PokePowerRequests | Update request - sent
2026-02-18 21:47:32 | DEBUG | PokePowerRequests | Update request - sent
2026-02-18 21:47:32 | INFO | PokePowerRequests | BATTLE_START | Enemy: #024 'Арбок' | Level: 31
2026-02-18 21:47:32 | INFO | PokePowerRequests | BATTLE_ACTION | ATTACK | Description: Сглаз: 8/10
2026-02-18 21:47:32 | INFO | PokePowerRequests | INVENTORY | ADD | Монета | Count: 24
2026-02-18 21:47:35 | DEBUG | PokePowerRequests | Update request - sent
2026-02-18 21:47:38 | DEBUG | PokePowerRequests | Update request - sent
2026-02-18 21:47:41 | DEBUG | PokePowerRequests | Update request - sent
2026-02-18 21:47:44 | DEBUG | PokePowerRequests | Update request - sent
2026-02-18 21:47:47 | DEBUG | PokePowerRequests | Update request - sent
2026-02-18 21:47:47 | INFO | PokePowerRequests | BATTLE_START | Enemy: #024 'Арбок' | Level: 34
2026-02-18 21:47:47 | INFO | PokePowerRequests | BATTLE_ACTION | ATTACK | Description: Сглаз: 7/10
2026-02-18 21:47:47 | INFO | PokePowerRequests | INVENTORY | ADD | Монета | Count: 24
2026-02-18 21:47:51 | DEBUG | PokePowerRequests | Update request - sent
2026-02-18 21:47:54 | DEBUG | PokePowerRequests | Update request - sent
2026-02-18 21:47:57 | DEBUG | PokePowerRequests | Update request - sent
2026-02-18 21:48:00 | DEBUG | PokePowerRequests | Update request - sent
2026-02-18 21:48:03 | DEBUG | PokePowerRequests | Update request - sent
2026-02-18 21:48:03 | INFO | PokePowerRequests | BATTLE_START | Enemy: #024 'Арбок' | Level: 25
2026-02-18 21:48:03 | INFO | PokePowerRequests | BATTLE_ACTION | ATTACK | Description: Сглаз: 6/10
2026-02-18 21:48:03 | INFO | PokePowerRequests | INVENTORY | ADD | Монета | Count: 22
2026-02-18 21:48:06 | DEBUG | PokePowerRequests | Update request - sent
2026-02-18 21:48:09 | DEBUG | PokePowerRequests | Update request - sent
2026-02-18 21:48:12 | DEBUG | PokePowerRequests | Update request - sent
2026-02-18 21:48:15 | DEBUG | PokePowerRequests | Update request - sent
2026-02-18 21:48:18 | DEBUG | PokePowerRequests | Update request - sent
2026-02-18 21:48:18 | INFO | PokePowerRequests | BATTLE_START | Enemy: #024 'Арбок' | Level: 25
2026-02-18 21:48:19 | INFO | PokePowerRequests | BATTLE_ACTION | ATTACK | Description: Сглаз: 5/10
2026-02-18 21:48:19 | INFO | PokePowerRequests | INVENTORY | ADD | Монета | Count: 25
2026-02-18 21:48:22 | DEBUG | PokePowerRequests | Update request - sent
2026-02-18 21:48:25 | DEBUG | PokePowerRequests | Update request - sent
2026-02-18 21:48:28 | DEBUG | PokePowerRequests | Update request - sent
2026-02-18 21:48:31 | DEBUG | PokePowerRequests | Update request - sent
2026-02-18 21:48:34 | DEBUG | PokePowerRequests | Update request - sent
2026-02-18 21:48:37 | DEBUG | PokePowerRequests | Update request - sent
2026-02-18 21:48:40 | DEBUG | PokePowerRequests | Update request - sent
2026-02-18 21:48:40 | INFO | PokePowerRequests | BATTLE_START | Enemy: #024 'Арбок' | Level: 26
2026-02-18 21:48:40 | INFO | PokePowerRequests | BATTLE_ACTION | ATTACK | Description: Сглаз: 4/10
2026-02-18 21:48:40 | INFO | PokePowerRequests | INVENTORY | ADD | Монета | Count: 26
2026-02-18 21:48:43 | DEBUG | PokePowerRequests | Update request - sent
2026-02-18 21:48:47 | DEBUG | PokePowerRequests | Update request - sent
2026-02-18 21:48:50 | DEBUG | PokePowerRequests | Update request - sent
2026-02-18 21:48:53 | DEBUG | PokePowerRequests | Update request - sent
2026-02-18 21:48:56 | DEBUG | PokePowerRequests | Update request - sent
2026-02-18 21:48:56 | INFO | PokePowerRequests | BATTLE_START | Enemy: #024 'Арбок' | Level: 31
2026-02-18 21:48:56 | INFO | PokePowerRequests | BATTLE_ACTION | ATTACK | Description: Сглаз: 3/10
2026-02-18 21:48:56 | INFO | PokePowerRequests | INVENTORY | ADD | Монета | Count: 25
2026-02-18 21:48:59 | DEBUG | PokePowerRequests | Update request - sent
2026-02-18 21:49:02 | DEBUG | PokePowerRequests | Update request - sent
2026-02-18 21:49:05 | DEBUG | PokePowerRequests | Update request - sent
2026-02-18 21:49:08 | DEBUG | PokePowerRequests | Update request - sent
2026-02-18 21:49:11 | DEBUG | PokePowerRequests | Update request - sent
2026-02-18 21:49:14 | DEBUG | PokePowerRequests | Update request - sent
2026-02-18 21:49:14 | INFO | PokePowerRequests | BATTLE_START | Enemy: #024 'Арбок' | Level: 31
2026-02-18 21:49:15 | INFO | PokePowerRequests | BATTLE_ACTION | ATTACK | Description: Сглаз: 2/10
2026-02-18 21:49:15 | INFO | PokePowerRequests | INVENTORY | ADD | Монета | Count: 24
2026-02-18 21:49:18 | DEBUG | PokePowerRequests | Update request - sent
2026-02-18 21:49:21 | DEBUG | PokePowerRequests | Update request - sent
2026-02-18 21:49:24 | DEBUG | PokePowerRequests | Update request - sent
2026-02-18 21:49:27 | DEBUG | PokePowerRequests | Update request - sent
2026-02-18 21:49:30 | DEBUG | PokePowerRequests | Update request - sent
2026-02-18 21:49:30 | INFO | PokePowerRequests | BATTLE_START | Enemy: #024 'Арбок' | Level: 35
2026-02-18 21:49:30 | INFO | PokePowerRequests | BATTLE_ACTION | ATTACK | Description: Сглаз: 1/10
2026-02-18 21:49:30 | INFO | PokePowerRequests | INVENTORY | ADD | Монета | Count: 23
2026-02-18 21:50:22 | DEBUG | PokePowerRequests | Move to - 520
2026-02-18 21:50:23 | DEBUG | PokePowerRequests | Location data collected | Location name: Змеиное логово, ответвление 1 | ID: 520 | Region: 1 | Available routes: [{'id': '521', 'name': 'Змеиное логово, ответвление 2'}, {'id': '522', 'name': 'Змеиное логово, ответвление 3'}]
2026-02-18 21:50:24 | DEBUG | PokePowerRequests | Move to - 522
2026-02-18 21:50:39 | DEBUG | PokePowerRequests | Location data collected | Location name: Змеиное логово, ответвление 3 | ID: 522 | Region: 1 | Available routes: [{'id': '520', 'name': 'Змеиное логово, ответвление 1'}, {'id': '521', 'name': 'Змеиное логово, ответвление 2'}, {'id': '527', 'name': 'Проход 4'}]
2026-02-18 21:50:46 | DEBUG | PokePowerRequests | Move to - 527
2026-02-18 21:50:47 | DEBUG | PokePowerRequests | Location data collected | Location name: Проход 4 | ID: 527 | Region: 1 | Available routes: [{'id': '519', 'name': 'Проход 1'}, {'id': '525', 'name': 'Проход 3'}, {'id': '528', 'name': 'Выход'}]
2026-02-18 21:50:48 | DEBUG | PokePowerRequests | Move to - 528
2026-02-18 21:50:48 | DEBUG | PokePowerRequests | Location data collected | Location name: Дорога 9 | ID: 35 | Region: 1 | Available routes: [{'id': '31', 'name': 'Церулин'}, {'id': '37', 'name': 'Разрушенная электростанция'}]
2026-02-18 21:50:48 | DEBUG | PokePowerRequests | Move to - 31
2026-02-18 21:50:49 | DEBUG | PokePowerRequests | Location data collected | Location name: Церулин | ID: 31 | Region: 1 | Available routes: [{'id': '32', 'name': 'Покецентр'}, {'id': '33', 'name': 'Дорога 4'}, {'id': '35', 'name': 'Дорога 9'}, {'id': '58', 'name': 'Покемаркет'}, {'id': '228', 'name': 'Торговый центр «Пиджеот»'}]
2026-02-18 21:50:49 | DEBUG | PokePowerRequests | Move to - 32
2026-02-18 21:50:50 | DEBUG | PokePowerRequests | Location data collected | Location name: Покецентр | ID: 32 | Region: 1 | Available routes: [{'id': '31', 'name': 'Церулин'}]
2026-02-18 21:50:50 | INFO | PokePowerRequests | POKECENTER | HEAL | Reason: Pokemons has a small amount of HP
2026-02-18 21:50:50 | DEBUG | PokePowerRequests | Successfully collected information about the user's Pokemon team...
2026-02-18 21:50:50 | DEBUG | PokePowerRequests | Move to - 31
2026-02-18 21:50:51 | DEBUG | PokePowerRequests | Location data collected | Location name: Церулин | ID: 31 | Region: 1 | Available routes: [{'id': '32', 'name': 'Покецентр'}, {'id': '33', 'name': 'Дорога 4'}, {'id': '35', 'name': 'Дорога 9'}, {'id': '58', 'name': 'Покемаркет'}, {'id': '228', 'name': 'Торговый центр «Пиджеот»'}]
2026-02-18 21:50:51 | DEBUG | PokePowerRequests | Move to - 33
2026-02-18 21:50:52 | DEBUG | PokePowerRequests | Location data collected | Location name: Дорога 4 | ID: 33 | Region: 1 | Available routes: [{'id': '31', 'name': 'Церулин'}, {'id': '34', 'name': 'Лунная гора'}, {'id': '529', 'name': 'Спуск'}]
2026-02-18 21:50:52 | DEBUG | PokePowerRequests | Move to - 529
2026-02-18 21:50:52 | DEBUG | PokePowerRequests | Location data collected | Location name: Перекресток | ID: 30 | Region: 1 | Available routes: [{'id': '28', 'name': 'Шафрания'}, {'id': '413', 'name': 'Ядовитый стадион'}]
2026-02-18 21:50:53 | DEBUG | PokePowerRequests | Move to - 28
2026-02-18 21:50:55 | DEBUG | PokePowerRequests | Location data collected | Location name: Шафрания | ID: 28 | Region: 1 | Available routes: [{'id': '27', 'name': 'Дорога 7'}, {'id': '29', 'name': 'Покецентр'}, {'id': '30', 'name': 'Перекресток'}, {'id': '41', 'name': 'Дорога 8'}, {'id': '47', 'name': 'Дорога 6'}, {'id': '57', 'name': 'Покемаркет'}, {'id': '409', 'name': 'Стадион драконов'}]
2026-02-18 21:50:55 | DEBUG | PokePowerRequests | Move to - 41
2026-02-18 21:50:56 | DEBUG | PokePowerRequests | Location data collected | Location name: Дорога 8 | ID: 41 | Region: 1 | Available routes: [{'id': '39', 'name': 'Лавендер'}, {'id': '28', 'name': 'Шафрания'}, {'id': '227', 'name': 'Ферма'}]
2026-02-18 21:50:56 | DEBUG | PokePowerRequests | Move to - 39
2026-02-18 21:50:56 | DEBUG | PokePowerRequests | Location data collected | Location name: Лавендер | ID: 39 | Region: 1 | Available routes: [{'id': '38', 'name': 'Дорога 10'}, {'id': '40', 'name': 'Покецентр'}, {'id': '41', 'name': 'Дорога 8'}, {'id': '42', 'name': 'Дорога 12'}, {'id': '59', 'name': 'Покемаркет'}, {'id': '223', 'name': 'Аптека Лавендера'}]
2026-02-18 21:50:56 | DEBUG | PokePowerRequests | Move to - 38
2026-02-18 21:50:57 | DEBUG | PokePowerRequests | Location data collected | Location name: Дорога 10 | ID: 38 | Region: 1 | Available routes: [{'id': '36', 'name': 'Вход в лабиринт'}, {'id': '39', 'name': 'Лавендер'}]
2026-02-18 21:50:57 | DEBUG | PokePowerRequests | Move to - 36
2026-02-18 21:50:57 | DEBUG | PokePowerRequests | Location data collected | Location name: Коридор 1 | ID: 509 | Region: 1 | Available routes: [{'id': '510', 'name': 'Коридор 2'}, {'id': '512', 'name': 'Коридор 4'}, {'id': '514', 'name': 'Коридор 6'}]
2026-02-18 21:50:58 | DEBUG | PokePowerRequests | Move to - 510
2026-02-18 21:50:58 | DEBUG | PokePowerRequests | Location data collected | Location name: Коридор 2 | ID: 510 | Region: 1 | Available routes: [{'id': '513', 'name': 'Коридор 5'}, {'id': '514', 'name': 'Коридор 6'}]
2026-02-18 21:50:58 | DEBUG | PokePowerRequests | Move to - 513
2026-02-18 21:50:59 | DEBUG | PokePowerRequests | Location data collected | Location name: Коридор 5 | ID: 513 | Region: 1 | Available routes: [{'id': '509', 'name': 'Коридор 1'}, {'id': '510', 'name': 'Коридор 2'}, {'id': '517', 'name': 'Коридор 9'}]
2026-02-18 21:50:59 | DEBUG | PokePowerRequests | Move to - 517
2026-02-18 21:50:59 | DEBUG | PokePowerRequests | Location data collected | Location name: Коридор 9 | ID: 517 | Region: 1 | Available routes: [{'id': '511', 'name': 'Коридор 3'}, {'id': '512', 'name': 'Коридор 4'}, {'id': '516', 'name': 'Коридор 8'}]
2026-02-18 21:50:59 | DEBUG | PokePowerRequests | Move to - 516
2026-02-18 21:51:00 | DEBUG | PokePowerRequests | Location data collected | Location name: Коридор 8 | ID: 516 | Region: 1 | Available routes: [{'id': '510', 'name': 'Коридор 2'}, {'id': '513', 'name': 'Коридор 5'}, {'id': '515', 'name': 'Коридор 7'}]
2026-02-18 21:51:00 | DEBUG | PokePowerRequests | Move to - 515
2026-02-18 21:51:01 | DEBUG | PokePowerRequests | Location data collected | Location name: Гранитный зал | ID: 518 | Region: 1 | Available routes: [{'id': '519', 'name': 'Проход 1'}, {'id': '523', 'name': 'Проход 2'}, {'id': '525', 'name': 'Проход 3'}]
2026-02-18 21:51:01 | DEBUG | PokePowerRequests | Move to - 519
2026-02-18 21:51:01 | DEBUG | PokePowerRequests | Location data collected | Location name: Проход 1 | ID: 519 | Region: 1 | Available routes: [{'id': '526', 'name': 'Заброшенная исследовательская база'}, {'id': '518', 'name': 'Гранитный зал'}]
2026-02-18 21:51:01 | DEBUG | PokePowerRequests | Move to - 526
2026-02-18 21:51:02 | DEBUG | PokePowerRequests | Location data collected | Location name: Заброшенная исследовательская база | ID: 526 | Region: 1 | Available routes: [{'id': '525', 'name': 'Проход 3'}, {'id': '520', 'name': 'Змеиное логово, ответвление 1'}]
2026-02-18 21:51:05 | DEBUG | PokePowerRequests | Update request - sent
2026-02-18 21:51:05 | INFO | PokePowerRequests | BATTLE_START | Enemy: #462 'Магнезон' | Level: 77
2026-02-18 21:51:05 | INFO | PokePowerRequests | BATTLE_ACTION | ATTACK | Description: Сглаз: 9/10
2026-02-18 21:51:05 | INFO | PokePowerRequests | BATTLE_ACTION | ATTACK | Description: Сглаз: 8/10
2026-02-18 21:51:05 | INFO | PokePowerRequests | INVENTORY | ADD | Монета | Count: 24
2026-02-18 21:51:05 | INFO | PokePowerRequests | INVENTORY | ADD | Хрустальный ящик | Count: 1
2026-02-18 21:51:08 | DEBUG | PokePowerRequests | Update request - sent
2026-02-18 21:51:11 | DEBUG | PokePowerRequests | Update request - sent
2026-02-18 21:51:26 | DEBUG | PokePowerRequests | Update request - sent
2026-02-18 21:51:26 | INFO | PokePowerRequests | BATTLE_START | Enemy: #024 'Арбок' | Level: 32
2026-02-18 21:51:26 | INFO | PokePowerRequests | BATTLE_ACTION | ATTACK | Description: Сглаз: 7/10
2026-02-18 21:51:26 | INFO | PokePowerRequests | INVENTORY | ADD | Монета | Count: 26
2026-02-18 21:51:29 | DEBUG | PokePowerRequests | Update request - sent
2026-02-18 21:51:32 | DEBUG | PokePowerRequests | Update request - sent
2026-02-18 21:51:35 | DEBUG | PokePowerRequests | Update request - sent
2026-02-18 21:51:38 | DEBUG | PokePowerRequests | Update request - sent
2026-02-18 21:51:41 | DEBUG | PokePowerRequests | Update request - sent
2026-02-18 21:51:41 | INFO | PokePowerRequests | BATTLE_START | Enemy: #024 'Арбок' | Level: 33
2026-02-18 21:51:41 | INFO | PokePowerRequests | BATTLE_ACTION | ATTACK | Description: Сглаз: 6/10
2026-02-18 21:51:41 | INFO | PokePowerRequests | INVENTORY | ADD | Монета | Count: 26
2026-02-18 21:51:45 | DEBUG | PokePowerRequests | Update request - sent
2026-02-18 21:51:48 | DEBUG | PokePowerRequests | Update request - sent
2026-02-18 21:51:51 | DEBUG | PokePowerRequests | Update request - sent
2026-02-18 21:51:54 | DEBUG | PokePowerRequests | Update request - sent
2026-02-18 21:51:57 | DEBUG | PokePowerRequests | Update request - sent
2026-02-18 21:52:00 | DEBUG | PokePowerRequests | Update request - sent
2026-02-18 21:52:00 | INFO | PokePowerRequests | BATTLE_START | Enemy: #024 'Арбок' | Level: 26
2026-02-18 21:52:00 | INFO | PokePowerRequests | BATTLE_ACTION | ATTACK | Description: Сглаз: 5/10
2026-02-18 21:52:00 | INFO | PokePowerRequests | INVENTORY | ADD | Монета | Count: 24
2026-02-18 21:52:03 | DEBUG | PokePowerRequests | Update request - sent
2026-02-18 21:52:06 | DEBUG | PokePowerRequests | Update request - sent
2026-02-18 21:52:09 | DEBUG | PokePowerRequests | Update request - sent
2026-02-18 21:52:13 | DEBUG | PokePowerRequests | Update request - sent
2026-02-18 21:52:16 | DEBUG | PokePowerRequests | Update request - sent
2026-02-18 21:52:16 | INFO | PokePowerRequests | BATTLE_START | Enemy: #024 'Арбок' | Level: 31
2026-02-18 21:52:16 | INFO | PokePowerRequests | BATTLE_ACTION | ATTACK | Description: Сглаз: 4/10
2026-02-18 21:52:16 | INFO | PokePowerRequests | INVENTORY | ADD | Монета | Count: 26
2026-02-18 21:52:19 | DEBUG | PokePowerRequests | Update request - sent
2026-02-18 21:52:22 | DEBUG | PokePowerRequests | Update request - sent
2026-02-18 21:52:25 | DEBUG | PokePowerRequests | Update request - sent
2026-02-18 21:52:28 | DEBUG | PokePowerRequests | Update request - sent
2026-02-18 21:52:31 | DEBUG | PokePowerRequests | Update request - sent
2026-02-18 21:52:31 | INFO | PokePowerRequests | BATTLE_START | Enemy: #462 'Магнезон' | Level: 73
2026-02-18 21:52:31 | INFO | PokePowerRequests | BATTLE_ACTION | ATTACK | Description: Сглаз: 3/10
2026-02-18 21:52:31 | INFO | PokePowerRequests | BATTLE_ACTION | ATTACK | Description: Сглаз: 2/10
2026-02-18 21:52:31 | INFO | PokePowerRequests | INVENTORY | ADD | Монета | Count: 23
2026-02-18 21:52:34 | DEBUG | PokePowerRequests | Update request - sent
2026-02-18 21:52:38 | DEBUG | PokePowerRequests | Update request - sent
2026-02-18 21:52:41 | DEBUG | PokePowerRequests | Update request - sent
2026-02-18 21:52:44 | DEBUG | PokePowerRequests | Update request - sent
2026-02-18 21:52:47 | DEBUG | PokePowerRequests | Update request - sent
2026-02-18 21:52:47 | INFO | PokePowerRequests | BATTLE_START | Enemy: #024 'Арбок' | Level: 28
2026-02-18 21:52:47 | INFO | PokePowerRequests | BATTLE_ACTION | ATTACK | Description: Сглаз: 1/10
2026-02-18 21:52:47 | INFO | PokePowerRequests | INVENTORY | ADD | Монета | Count: 22
2026-02-18 21:52:50 | DEBUG | PokePowerRequests | Update request - sent
2026-02-18 21:52:53 | DEBUG | PokePowerRequests | Update request - sent
2026-02-18 21:52:56 | DEBUG | PokePowerRequests | Update request - sent
2026-02-18 21:52:59 | DEBUG | PokePowerRequests | Update request - sent
2026-02-18 21:52:59 | INFO | PokePowerRequests | BATTLE_START | Enemy: #024 'Арбок' | Level: 25
2026-02-18 21:52:59 | INFO | PokePowerRequests | BATTLE_ACTION | CHANGE | Description: Change current pokemon to: #379 Металик
2026-02-18 21:53:00 | INFO | PokePowerRequests | BATTLE_ACTION | ATTACK | Description: Железная голова: 14/15
2026-02-18 21:53:00 | INFO | PokePowerRequests | INVENTORY | ADD | Монета | Count: 24
2026-02-18 21:53:00 | INFO | PokePowerRequests | BATTLE_ACTION | START | Description: Start pokémon are now: #379 Металик
2026-02-18 21:53:03 | DEBUG | PokePowerRequests | Update request - sent
2026-02-18 21:53:06 | DEBUG | PokePowerRequests | Update request - sent
2026-02-18 21:53:09 | DEBUG | PokePowerRequests | Update request - sent
2026-02-18 21:53:12 | DEBUG | PokePowerRequests | Update request - sent
2026-02-18 21:53:15 | DEBUG | PokePowerRequests | Update request - sent
2026-02-18 21:53:15 | INFO | PokePowerRequests | BATTLE_START | Enemy: #024 'Арбок' | Level: 33
2026-02-18 21:53:15 | INFO | PokePowerRequests | BATTLE_ACTION | ATTACK | Description: Железная голова: 13/15
2026-02-18 21:53:15 | INFO | PokePowerRequests | INVENTORY | ADD | Монета | Count: 26
2026-02-18 21:53:15 | INFO | PokePowerRequests | INVENTORY | ADD | Снежок | Count: 1
2026-02-18 21:53:18 | DEBUG | PokePowerRequests | Update request - sent
2026-02-18 21:53:21 | DEBUG | PokePowerRequests | Update request - sent
2026-02-18 21:53:24 | DEBUG | PokePowerRequests | Update request - sent
2026-02-18 21:53:27 | DEBUG | PokePowerRequests | Update request - sent
2026-02-18 21:53:31 | DEBUG | PokePowerRequests | Update request - sent
2026-02-18 21:53:31 | INFO | PokePowerRequests | BATTLE_START | Enemy: #024 'Арбок' | Level: 30
2026-02-18 21:53:31 | INFO | PokePowerRequests | BATTLE_ACTION | ATTACK | Description: Железная голова: 12/15
2026-02-18 21:53:31 | INFO | PokePowerRequests | INVENTORY | ADD | Монета | Count: 23
2026-02-18 21:53:34 | DEBUG | PokePowerRequests | Update request - sent
2026-02-18 21:53:37 | DEBUG | PokePowerRequests | Update request - sent
2026-02-18 21:53:40 | DEBUG | PokePowerRequests | Update request - sent
2026-02-18 21:53:43 | DEBUG | PokePowerRequests | Update request - sent
2026-02-18 21:53:46 | DEBUG | PokePowerRequests | Update request - sent
2026-02-18 21:53:49 | DEBUG | PokePowerRequests | Update request - sent
2026-02-18 21:53:49 | INFO | PokePowerRequests | BATTLE_START | Enemy: #024 'Арбок' | Level: 35
2026-02-18 21:53:49 | INFO | PokePowerRequests | BATTLE_ACTION | ATTACK | Description: Железная голова: 11/15
2026-02-18 21:53:49 | INFO | PokePowerRequests | INVENTORY | ADD | Монета | Count: 21
2026-02-18 21:53:52 | DEBUG | PokePowerRequests | Update request - sent
2026-02-18 21:53:56 | DEBUG | PokePowerRequests | Update request - sent
2026-02-18 21:53:59 | DEBUG | PokePowerRequests | Update request - sent
2026-02-18 21:54:02 | DEBUG | PokePowerRequests | Update request - sent
2026-02-18 21:54:05 | DEBUG | PokePowerRequests | Update request - sent
2026-02-18 21:54:08 | DEBUG | PokePowerRequests | Update request - sent
2026-02-18 21:54:11 | DEBUG | PokePowerRequests | Update request - sent
2026-02-18 21:54:11 | INFO | PokePowerRequests | BATTLE_START | Enemy: #462 'Магнезон' | Level: 73
2026-02-18 21:54:11 | INFO | PokePowerRequests | BATTLE_ACTION | ATTACK | Description: Суперсила: 4/5
2026-02-18 21:54:11 | INFO | PokePowerRequests | BATTLE_ACTION | ATTACK | Description: Суперсила: 3/5
2026-02-18 21:54:11 | INFO | PokePowerRequests | INVENTORY | ADD | Монета | Count: 26
2026-02-18 21:54:14 | DEBUG | PokePowerRequests | Update request - sent
2026-02-18 21:54:17 | DEBUG | PokePowerRequests | Update request - sent
2026-02-18 21:54:20 | DEBUG | PokePowerRequests | Update request - sent
2026-02-18 21:54:24 | DEBUG | PokePowerRequests | Update request - sent
2026-02-18 21:54:27 | DEBUG | PokePowerRequests | Update request - sent
2026-02-18 21:54:30 | DEBUG | PokePowerRequests | Update request - sent
2026-02-18 21:54:30 | INFO | PokePowerRequests | BATTLE_START | Enemy: #462 'Магнезон' | Level: 75
2026-02-18 21:54:30 | INFO | PokePowerRequests | BATTLE_ACTION | ATTACK | Description: Суперсила: 2/5
2026-02-18 21:54:30 | INFO | PokePowerRequests | INVENTORY | ADD | Монета | Count: 29
2026-02-18 21:54:33 | DEBUG | PokePowerRequests | Update request - sent
2026-02-18 21:54:36 | DEBUG | PokePowerRequests | Update request - sent
2026-02-18 21:54:39 | DEBUG | PokePowerRequests | Update request - sent
2026-02-18 21:54:42 | DEBUG | PokePowerRequests | Update request - sent
2026-02-18 21:54:45 | DEBUG | PokePowerRequests | Update request - sent
2026-02-18 21:54:45 | INFO | PokePowerRequests | BATTLE_START | Enemy: #024 'Арбок' | Level: 27
2026-02-18 21:54:45 | INFO | PokePowerRequests | BATTLE_ACTION | ATTACK | Description: Железная голова: 10/15
2026-02-18 21:54:45 | INFO | PokePowerRequests | INVENTORY | ADD | Монета | Count: 24
2026-02-18 21:54:45 | INFO | PokePowerRequests | INVENTORY | ADD | Снежок | Count: 1
2026-02-18 21:54:48 | DEBUG | PokePowerRequests | Update request - sent
2026-02-18 21:54:51 | DEBUG | PokePowerRequests | Update request - sent
2026-02-18 21:54:55 | DEBUG | PokePowerRequests | Update request - sent
2026-02-18 21:54:58 | DEBUG | PokePowerRequests | Update request - sent
2026-02-18 21:55:01 | DEBUG | PokePowerRequests | Update request - sent
2026-02-18 21:55:04 | DEBUG | PokePowerRequests | Update request - sent
2026-02-18 21:55:04 | INFO | PokePowerRequests | BATTLE_START | Enemy: #024 'Арбок' | Level: 27
2026-02-18 21:55:04 | INFO | PokePowerRequests | BATTLE_ACTION | ATTACK | Description: Железная голова: 9/15
2026-02-18 21:55:04 | INFO | PokePowerRequests | INVENTORY | ADD | Монета | Count: 26
2026-02-18 21:55:07 | DEBUG | PokePowerRequests | Update request - sent
2026-02-18 21:55:10 | DEBUG | PokePowerRequests | Update request - sent
2026-02-18 21:55:13 | DEBUG | PokePowerRequests | Update request - sent
2026-02-18 21:55:16 | DEBUG | PokePowerRequests | Update request - sent
2026-02-18 21:55:19 | DEBUG | PokePowerRequests | Update request - sent
2026-02-18 21:55:22 | DEBUG | PokePowerRequests | Update request - sent
2026-02-18 21:55:25 | DEBUG | PokePowerRequests | Update request - sent
2026-02-18 21:55:25 | INFO | PokePowerRequests | BATTLE_START | Enemy: #024 'Арбок' | Level: 35
2026-02-18 21:55:25 | INFO | PokePowerRequests | BATTLE_ACTION | ATTACK | Description: Железная голова: 8/15
2026-02-18 21:55:25 | INFO | PokePowerRequests | INVENTORY | ADD | Монета | Count: 21
2026-02-18 21:55:28 | DEBUG | PokePowerRequests | Update request - sent
2026-02-18 21:55:32 | DEBUG | PokePowerRequests | Update request - sent
2026-02-18 21:55:35 | DEBUG | PokePowerRequests | Update request - sent
2026-02-18 21:55:38 | DEBUG | PokePowerRequests | Update request - sent
2026-02-18 21:55:41 | DEBUG | PokePowerRequests | Update request - sent
2026-02-18 21:55:44 | DEBUG | PokePowerRequests | Update request - sent
2026-02-18 21:55:44 | INFO | PokePowerRequests | BATTLE_START | Enemy: #024 'Арбок' | Level: 35
2026-02-18 21:55:44 | INFO | PokePowerRequests | BATTLE_ACTION | ATTACK | Description: Железная голова: 7/15
2026-02-18 21:55:44 | INFO | PokePowerRequests | INVENTORY | ADD | Монета | Count: 21
2026-02-18 21:55:47 | DEBUG | PokePowerRequests | Update request - sent
2026-02-18 21:55:50 | DEBUG | PokePowerRequests | Update request - sent
2026-02-18 21:55:53 | DEBUG | PokePowerRequests | Update request - sent
2026-02-18 21:55:56 | DEBUG | PokePowerRequests | Update request - sent
2026-02-18 21:55:59 | DEBUG | PokePowerRequests | Update request - sent
2026-02-18 21:55:59 | INFO | PokePowerRequests | BATTLE_START | Enemy: #024 'Арбок' | Level: 25
2026-02-18 21:55:59 | INFO | PokePowerRequests | BATTLE_ACTION | ATTACK | Description: Железная голова: 6/15
2026-02-18 21:55:59 | INFO | PokePowerRequests | INVENTORY | ADD | Монета | Count: 22
2026-02-18 21:56:02 | DEBUG | PokePowerRequests | Update request - sent
2026-02-18 21:56:05 | DEBUG | PokePowerRequests | Update request - sent
2026-02-18 21:56:09 | DEBUG | PokePowerRequests | Update request - sent
2026-02-18 21:56:12 | DEBUG | PokePowerRequests | Update request - sent
2026-02-18 21:56:15 | DEBUG | PokePowerRequests | Update request - sent
2026-02-18 21:56:18 | DEBUG | PokePowerRequests | Update request - sent
2026-02-18 21:56:18 | INFO | PokePowerRequests | BATTLE_START | Enemy: #462 'Магнезон' | Level: 69
2026-02-18 21:56:18 | INFO | PokePowerRequests | BATTLE_ACTION | ATTACK | Description: Суперсила: 1/5
2026-02-18 21:56:18 | INFO | PokePowerRequests | BATTLE_ACTION | ATTACK | Description: Суперсила: 0/5
2026-02-18 21:56:18 | INFO | PokePowerRequests | INVENTORY | ADD | Монета | Count: 25
2026-02-18 21:56:21 | DEBUG | PokePowerRequests | Update request - sent
2026-02-18 21:56:24 | DEBUG | PokePowerRequests | Update request - sent
2026-02-18 21:56:27 | DEBUG | PokePowerRequests | Update request - sent
2026-02-18 21:56:30 | DEBUG | PokePowerRequests | Update request - sent
2026-02-18 21:56:33 | DEBUG | PokePowerRequests | Update request - sent
2026-02-18 21:56:33 | INFO | PokePowerRequests | BATTLE_START | Enemy: #462 'Магнезон' | Level: 78
2026-02-18 21:56:33 | INFO | PokePowerRequests | BATTLE_ACTION | ATTACK | Description: Железная голова: 5/15
2026-02-18 21:56:33 | INFO | PokePowerRequests | BATTLE_ACTION | ATTACK | Description: Железная голова: 4/15
2026-02-18 21:56:33 | INFO | PokePowerRequests | BATTLE_ACTION | ATTACK | Description: Железная голова: 3/15
2026-02-18 21:56:33 | INFO | PokePowerRequests | BATTLE_ACTION | ATTACK | Description: Железная голова: 2/15
2026-02-18 21:56:33 | INFO | PokePowerRequests | BATTLE_ACTION | ATTACK | Description: Железная голова: 1/15
2026-02-18 21:56:34 | INFO | PokePowerRequests | BATTLE_ACTION | ATTACK | Description: Железная голова: 0/15
2026-02-18 21:56:34 | INFO | PokePowerRequests | INVENTORY | ADD | Монета | Count: 26
2026-02-18 21:57:02 | DEBUG | PokePowerRequests | Move to - 520
2026-02-18 21:57:02 | DEBUG | PokePowerRequests | Location data collected | Location name: Змеиное логово, ответвление 1 | ID: 520 | Region: 1 | Available routes: [{'id': '521', 'name': 'Змеиное логово, ответвление 2'}, {'id': '522', 'name': 'Змеиное логово, ответвление 3'}]
2026-02-18 21:57:04 | DEBUG | PokePowerRequests | Move to - 522
2026-02-18 21:57:04 | DEBUG | PokePowerRequests | Location data collected | Location name: Змеиное логово, ответвление 3 | ID: 522 | Region: 1 | Available routes: [{'id': '520', 'name': 'Змеиное логово, ответвление 1'}, {'id': '521', 'name': 'Змеиное логово, ответвление 2'}, {'id': '527', 'name': 'Проход 4'}]
2026-02-18 21:57:05 | DEBUG | PokePowerRequests | Move to - 527
2026-02-18 21:57:06 | DEBUG | PokePowerRequests | Location data collected | Location name: Проход 4 | ID: 527 | Region: 1 | Available routes: [{'id': '519', 'name': 'Проход 1'}, {'id': '525', 'name': 'Проход 3'}, {'id': '528', 'name': 'Выход'}]
2026-02-18 21:57:06 | DEBUG | PokePowerRequests | Move to - 528
2026-02-18 21:57:07 | DEBUG | PokePowerRequests | Location data collected | Location name: Дорога 9 | ID: 35 | Region: 1 | Available routes: [{'id': '31', 'name': 'Церулин'}, {'id': '37', 'name': 'Разрушенная электростанция'}]
2026-02-18 21:57:07 | DEBUG | PokePowerRequests | Move to - 31
2026-02-18 21:57:08 | DEBUG | PokePowerRequests | Location data collected | Location name: Церулин | ID: 31 | Region: 1 | Available routes: [{'id': '32', 'name': 'Покецентр'}, {'id': '33', 'name': 'Дорога 4'}, {'id': '35', 'name': 'Дорога 9'}, {'id': '58', 'name': 'Покемаркет'}, {'id': '228', 'name': 'Торговый центр «Пиджеот»'}]
2026-02-18 21:57:08 | DEBUG | PokePowerRequests | Move to - 32
2026-02-18 21:57:08 | DEBUG | PokePowerRequests | Location data collected | Location name: Покецентр | ID: 32 | Region: 1 | Available routes: [{'id': '31', 'name': 'Церулин'}]
2026-02-18 21:57:08 | INFO | PokePowerRequests | POKECENTER | HEAL | Reason: Pokemons has a small amount of HP
2026-02-18 21:57:08 | DEBUG | PokePowerRequests | Successfully collected information about the user's Pokemon team...
2026-02-18 21:57:08 | DEBUG | PokePowerRequests | Move to - 31
2026-02-18 21:57:09 | DEBUG | PokePowerRequests | Location data collected | Location name: Церулин | ID: 31 | Region: 1 | Available routes: [{'id': '32', 'name': 'Покецентр'}, {'id': '33', 'name': 'Дорога 4'}, {'id': '35', 'name': 'Дорога 9'}, {'id': '58', 'name': 'Покемаркет'}, {'id': '228', 'name': 'Торговый центр «Пиджеот»'}]
2026-02-18 21:57:09 | DEBUG | PokePowerRequests | Move to - 33
2026-02-18 21:57:10 | DEBUG | PokePowerRequests | Location data collected | Location name: Дорога 4 | ID: 33 | Region: 1 | Available routes: [{'id': '31', 'name': 'Церулин'}, {'id': '34', 'name': 'Лунная гора'}, {'id': '529', 'name': 'Спуск'}]
2026-02-18 21:57:10 | DEBUG | PokePowerRequests | Move to - 529
2026-02-18 21:57:10 | DEBUG | PokePowerRequests | Location data collected | Location name: Перекресток | ID: 30 | Region: 1 | Available routes: [{'id': '28', 'name': 'Шафрания'}, {'id': '413', 'name': 'Ядовитый стадион'}]
2026-02-18 21:57:10 | DEBUG | PokePowerRequests | Move to - 28
2026-02-18 21:57:11 | DEBUG | PokePowerRequests | Location data collected | Location name: Шафрания | ID: 28 | Region: 1 | Available routes: [{'id': '27', 'name': 'Дорога 7'}, {'id': '29', 'name': 'Покецентр'}, {'id': '30', 'name': 'Перекресток'}, {'id': '41', 'name': 'Дорога 8'}, {'id': '47', 'name': 'Дорога 6'}, {'id': '57', 'name': 'Покемаркет'}, {'id': '409', 'name': 'Стадион драконов'}]
2026-02-18 21:57:11 | DEBUG | PokePowerRequests | Move to - 41
2026-02-18 21:57:12 | DEBUG | PokePowerRequests | Location data collected | Location name: Дорога 8 | ID: 41 | Region: 1 | Available routes: [{'id': '39', 'name': 'Лавендер'}, {'id': '28', 'name': 'Шафрания'}, {'id': '227', 'name': 'Ферма'}]
2026-02-18 21:57:12 | DEBUG | PokePowerRequests | Move to - 39
2026-02-18 21:57:12 | DEBUG | PokePowerRequests | Location data collected | Location name: Лавендер | ID: 39 | Region: 1 | Available routes: [{'id': '38', 'name': 'Дорога 10'}, {'id': '40', 'name': 'Покецентр'}, {'id': '41', 'name': 'Дорога 8'}, {'id': '42', 'name': 'Дорога 12'}, {'id': '59', 'name': 'Покемаркет'}, {'id': '223', 'name': 'Аптека Лавендера'}]
2026-02-18 21:57:12 | DEBUG | PokePowerRequests | Move to - 38
2026-02-18 21:57:13 | DEBUG | PokePowerRequests | Location data collected | Location name: Дорога 10 | ID: 38 | Region: 1 | Available routes: [{'id': '36', 'name': 'Вход в лабиринт'}, {'id': '39', 'name': 'Лавендер'}]
2026-02-18 21:57:13 | DEBUG | PokePowerRequests | Move to - 36
2026-02-18 21:57:13 | DEBUG | PokePowerRequests | Location data collected | Location name: Коридор 1 | ID: 509 | Region: 1 | Available routes: [{'id': '510', 'name': 'Коридор 2'}, {'id': '512', 'name': 'Коридор 4'}, {'id': '514', 'name': 'Коридор 6'}]
2026-02-18 21:57:13 | DEBUG | PokePowerRequests | Move to - 510
2026-02-18 21:57:14 | DEBUG | PokePowerRequests | Location data collected | Location name: Коридор 2 | ID: 510 | Region: 1 | Available routes: [{'id': '513', 'name': 'Коридор 5'}, {'id': '514', 'name': 'Коридор 6'}]
2026-02-18 21:57:14 | DEBUG | PokePowerRequests | Move to - 513
2026-02-18 21:57:15 | DEBUG | PokePowerRequests | Location data collected | Location name: Коридор 5 | ID: 513 | Region: 1 | Available routes: [{'id': '509', 'name': 'Коридор 1'}, {'id': '510', 'name': 'Коридор 2'}, {'id': '517', 'name': 'Коридор 9'}]
2026-02-18 21:57:15 | DEBUG | PokePowerRequests | Move to - 517
2026-02-18 21:57:15 | DEBUG | PokePowerRequests | Location data collected | Location name: Коридор 9 | ID: 517 | Region: 1 | Available routes: [{'id': '511', 'name': 'Коридор 3'}, {'id': '512', 'name': 'Коридор 4'}, {'id': '516', 'name': 'Коридор 8'}]
2026-02-18 21:57:15 | DEBUG | PokePowerRequests | Move to - 516
2026-02-18 21:57:16 | DEBUG | PokePowerRequests | Location data collected | Location name: Коридор 8 | ID: 516 | Region: 1 | Available routes: [{'id': '510', 'name': 'Коридор 2'}, {'id': '513', 'name': 'Коридор 5'}, {'id': '515', 'name': 'Коридор 7'}]
2026-02-18 21:57:16 | DEBUG | PokePowerRequests | Move to - 515
2026-02-18 21:57:17 | DEBUG | PokePowerRequests | Location data collected | Location name: Гранитный зал | ID: 518 | Region: 1 | Available routes: [{'id': '519', 'name': 'Проход 1'}, {'id': '523', 'name': 'Проход 2'}, {'id': '525', 'name': 'Проход 3'}]
2026-02-18 21:57:17 | DEBUG | PokePowerRequests | Move to - 519
2026-02-18 21:57:17 | DEBUG | PokePowerRequests | Location data collected | Location name: Проход 1 | ID: 519 | Region: 1 | Available routes: [{'id': '526', 'name': 'Заброшенная исследовательская база'}, {'id': '518', 'name': 'Гранитный зал'}]
2026-02-18 21:57:17 | DEBUG | PokePowerRequests | Move to - 526
2026-02-18 21:57:18 | DEBUG | PokePowerRequests | Location data collected | Location name: Заброшенная исследовательская база | ID: 526 | Region: 1 | Available routes: [{'id': '525', 'name': 'Проход 3'}, {'id': '520', 'name': 'Змеиное логово, ответвление 1'}]
2026-02-18 21:57:21 | DEBUG | PokePowerRequests | Update request - sent
2026-02-18 21:57:21 | INFO | PokePowerRequests | BATTLE_START | Enemy: #024 'Арбок' | Level: 35
2026-02-18 21:57:21 | INFO | PokePowerRequests | BATTLE_ACTION | ATTACK | Description: Железная голова: 14/15
2026-02-18 21:57:21 | INFO | PokePowerRequests | INVENTORY | ADD | Монета | Count: 23
2026-02-18 21:57:21 | INFO | PokePowerRequests | INVENTORY | ADD | Снежок | Count: 1
2026-02-18 21:57:24 | DEBUG | PokePowerRequests | Update request - sent
2026-02-18 21:57:27 | DEBUG | PokePowerRequests | Update request - sent
2026-02-18 21:57:30 | DEBUG | PokePowerRequests | Update request - sent
2026-02-18 21:57:33 | DEBUG | PokePowerRequests | Update request - sent
2026-02-18 21:57:36 | DEBUG | PokePowerRequests | Update request - sent
2026-02-18 21:57:36 | INFO | PokePowerRequests | BATTLE_START | Enemy: #462 'Магнезон' | Level: 78
2026-02-18 21:57:36 | INFO | PokePowerRequests | BATTLE_ACTION | ATTACK | Description: Суперсила: 4/5
2026-02-18 21:57:37 | INFO | PokePowerRequests | BATTLE_ACTION | ATTACK | Description: Суперсила: 3/5
2026-02-18 21:57:37 | INFO | PokePowerRequests | INVENTORY | ADD | Монета | Count: 24
2026-02-18 21:57:40 | DEBUG | PokePowerRequests | Update request - sent
2026-02-18 21:57:43 | DEBUG | PokePowerRequests | Update request - sent
2026-02-18 21:57:46 | DEBUG | PokePowerRequests | Update request - sent
2026-02-18 21:57:49 | DEBUG | PokePowerRequests | Update request - sent
2026-02-18 21:57:52 | DEBUG | PokePowerRequests | Update request - sent
2026-02-18 21:57:55 | DEBUG | PokePowerRequests | Update request - sent
2026-02-18 21:57:58 | DEBUG | PokePowerRequests | Update request - sent
2026-02-18 21:57:58 | INFO | PokePowerRequests | BATTLE_START | Enemy: #024 'Арбок' | Level: 26
2026-02-18 21:57:58 | INFO | PokePowerRequests | BATTLE_ACTION | ATTACK | Description: Железная голова: 13/15
2026-02-18 21:57:58 | INFO | PokePowerRequests | INVENTORY | ADD | Монета | Count: 24
2026-02-18 21:58:01 | DEBUG | PokePowerRequests | Update request - sent
2026-02-18 21:58:04 | DEBUG | PokePowerRequests | Update request - sent
2026-02-18 21:58:07 | DEBUG | PokePowerRequests | Update request - sent
2026-02-18 21:58:10 | DEBUG | PokePowerRequests | Update request - sent
2026-02-18 21:58:13 | DEBUG | PokePowerRequests | Update request - sent
2026-02-18 21:58:17 | DEBUG | PokePowerRequests | Update request - sent
2026-02-18 21:58:17 | INFO | PokePowerRequests | BATTLE_START | Enemy: #024 'Арбок' | Level: 28
2026-02-18 21:58:17 | INFO | PokePowerRequests | BATTLE_ACTION | ATTACK | Description: Железная голова: 12/15
2026-02-18 21:58:17 | INFO | PokePowerRequests | INVENTORY | ADD | Монета | Count: 21
2026-02-18 21:58:17 | INFO | PokePowerRequests | INVENTORY | ADD | Снежок | Count: 1
2026-02-18 21:58:20 | DEBUG | PokePowerRequests | Update request - sent
2026-02-18 21:58:23 | DEBUG | PokePowerRequests | Update request - sent
2026-02-18 21:58:26 | DEBUG | PokePowerRequests | Update request - sent
2026-02-18 21:58:29 | DEBUG | PokePowerRequests | Update request - sent
2026-02-18 21:58:32 | DEBUG | PokePowerRequests | Update request - sent
2026-02-18 21:58:32 | INFO | PokePowerRequests | BATTLE_START | Enemy: #024 'Арбок' | Level: 27
2026-02-18 21:58:32 | INFO | PokePowerRequests | BATTLE_ACTION | ATTACK | Description: Железная голова: 11/15
2026-02-18 21:58:32 | INFO | PokePowerRequests | INVENTORY | ADD | Монета | Count: 25
2026-02-18 21:58:35 | DEBUG | PokePowerRequests | Update request - sent
2026-02-18 21:58:39 | DEBUG | PokePowerRequests | Update request - sent
2026-02-18 21:58:42 | DEBUG | PokePowerRequests | Update request - sent
2026-02-18 21:58:45 | DEBUG | PokePowerRequests | Update request - sent
2026-02-18 21:58:48 | DEBUG | PokePowerRequests | Update request - sent
2026-02-18 21:58:51 | DEBUG | PokePowerRequests | Update request - sent
2026-02-18 21:58:54 | DEBUG | PokePowerRequests | Update request - sent
2026-02-18 21:58:54 | INFO | PokePowerRequests | BATTLE_START | Enemy: #024 'Арбок' | Level: 30
2026-02-18 21:58:54 | INFO | PokePowerRequests | BATTLE_ACTION | ATTACK | Description: Железная голова: 10/15
2026-02-18 21:58:54 | INFO | PokePowerRequests | INVENTORY | ADD | Монета | Count: 22
2026-02-18 21:58:57 | DEBUG | PokePowerRequests | Update request - sent
2026-02-18 21:59:00 | DEBUG | PokePowerRequests | Update request - sent
2026-02-18 21:59:03 | DEBUG | PokePowerRequests | Update request - sent
2026-02-18 21:59:06 | DEBUG | PokePowerRequests | Update request - sent
2026-02-18 21:59:10 | DEBUG | PokePowerRequests | Update request - sent
2026-02-18 21:59:13 | DEBUG | PokePowerRequests | Update request - sent
2026-02-18 21:59:16 | DEBUG | PokePowerRequests | Update request - sent
2026-02-18 21:59:16 | INFO | PokePowerRequests | BATTLE_START | Enemy: #024 'Арбок' | Level: 34
2026-02-18 21:59:16 | INFO | PokePowerRequests | BATTLE_ACTION | ATTACK | Description: Железная голова: 9/15
2026-02-18 21:59:16 | INFO | PokePowerRequests | INVENTORY | ADD | Монета | Count: 26
2026-02-18 21:59:19 | DEBUG | PokePowerRequests | Update request - sent
2026-02-18 21:59:22 | DEBUG | PokePowerRequests | Update request - sent
2026-02-18 21:59:25 | DEBUG | PokePowerRequests | Update request - sent
2026-02-18 21:59:28 | DEBUG | PokePowerRequests | Update request - sent
2026-02-18 21:59:31 | DEBUG | PokePowerRequests | Update request - sent
2026-02-18 21:59:31 | INFO | PokePowerRequests | BATTLE_START | Enemy: #024 'Арбок' | Level: 28
2026-02-18 21:59:31 | INFO | PokePowerRequests | BATTLE_ACTION | ATTACK | Description: Железная голова: 8/15
2026-02-18 21:59:31 | INFO | PokePowerRequests | INVENTORY | ADD | Монета | Count: 23
2026-02-18 21:59:34 | DEBUG | PokePowerRequests | Update request - sent
2026-02-18 21:59:37 | DEBUG | PokePowerRequests | Update request - sent
2026-02-18 21:59:40 | DEBUG | PokePowerRequests | Update request - sent
2026-02-18 21:59:43 | DEBUG | PokePowerRequests | Update request - sent
2026-02-18 21:59:47 | DEBUG | PokePowerRequests | Update request - sent
2026-02-18 21:59:50 | DEBUG | PokePowerRequests | Update request - sent
2026-02-18 21:59:50 | INFO | PokePowerRequests | BATTLE_START | Enemy: #024 'Арбок' | Level: 29
2026-02-18 21:59:50 | INFO | PokePowerRequests | BATTLE_ACTION | ATTACK | Description: Железная голова: 7/15
2026-02-18 21:59:50 | INFO | PokePowerRequests | INVENTORY | ADD | Монета | Count: 26
2026-02-18 21:59:53 | DEBUG | PokePowerRequests | Update request - sent
2026-02-18 21:59:56 | DEBUG | PokePowerRequests | Update request - sent
2026-02-18 21:59:59 | DEBUG | PokePowerRequests | Update request - sent
2026-02-18 22:00:02 | DEBUG | PokePowerRequests | Update request - sent
2026-02-18 22:00:05 | DEBUG | PokePowerRequests | Update request - sent
2026-02-18 22:00:08 | DEBUG | PokePowerRequests | Update request - sent
2026-02-18 22:00:08 | INFO | PokePowerRequests | BATTLE_START | Enemy: #024 'Арбок' | Level: 35
2026-02-18 22:00:08 | INFO | PokePowerRequests | BATTLE_ACTION | ATTACK | Description: Железная голова: 6/15
2026-02-18 22:00:08 | INFO | PokePowerRequests | INVENTORY | ADD | Монета | Count: 24
2026-02-18 22:00:11 | DEBUG | PokePowerRequests | Update request - sent
2026-02-18 22:00:14 | DEBUG | PokePowerRequests | Update request - sent
2026-02-18 22:00:17 | DEBUG | PokePowerRequests | Update request - sent
2026-02-18 22:00:21 | DEBUG | PokePowerRequests | Update request - sent
2026-02-18 22:00:24 | DEBUG | PokePowerRequests | Update request - sent
2026-02-18 22:00:27 | DEBUG | PokePowerRequests | Update request - sent
2026-02-18 22:00:27 | INFO | PokePowerRequests | BATTLE_START | Enemy: #462 'Магнезон' | Level: 76
2026-02-18 22:00:27 | INFO | PokePowerRequests | BATTLE_ACTION | ATTACK | Description: Суперсила: 2/5
2026-02-18 22:00:27 | INFO | PokePowerRequests | INVENTORY | ADD | Монета | Count: 28
2026-02-18 22:00:30 | DEBUG | PokePowerRequests | Update request - sent
2026-02-18 22:00:33 | DEBUG | PokePowerRequests | Update request - sent
2026-02-18 22:00:36 | DEBUG | PokePowerRequests | Update request - sent
2026-02-18 22:00:39 | DEBUG | PokePowerRequests | Update request - sent
2026-02-18 22:00:42 | DEBUG | PokePowerRequests | Update request - sent
2026-02-18 22:00:46 | DEBUG | PokePowerRequests | Update request - sent
2026-02-18 22:00:46 | INFO | PokePowerRequests | BATTLE_START | Enemy: #024 'Арбок' | Level: 28
2026-02-18 22:00:46 | INFO | PokePowerRequests | BATTLE_ACTION | ATTACK | Description: Железная голова: 5/15
2026-02-18 22:00:46 | INFO | PokePowerRequests | INVENTORY | ADD | Монета | Count: 23
2026-02-18 22:00:49 | DEBUG | PokePowerRequests | Update request - sent
2026-02-18 22:00:52 | DEBUG | PokePowerRequests | Update request - sent
2026-02-18 22:00:55 | DEBUG | PokePowerRequests | Update request - sent
2026-02-18 22:00:58 | DEBUG | PokePowerRequests | Update request - sent
2026-02-18 22:01:01 | DEBUG | PokePowerRequests | Update request - sent
2026-02-18 22:01:04 | DEBUG | PokePowerRequests | Update request - sent
2026-02-18 22:01:07 | DEBUG | PokePowerRequests | Update request - sent
2026-02-18 22:01:07 | INFO | PokePowerRequests | BATTLE_START | Enemy: #024 'Арбок' | Level: 30
2026-02-18 22:01:08 | INFO | PokePowerRequests | BATTLE_ACTION | ATTACK | Description: Железная голова: 4/15
2026-02-18 22:01:08 | INFO | PokePowerRequests | INVENTORY | ADD | Монета | Count: 21
2026-02-18 22:01:11 | DEBUG | PokePowerRequests | Update request - sent
2026-02-18 22:01:14 | DEBUG | PokePowerRequests | Update request - sent
2026-02-18 22:01:17 | DEBUG | PokePowerRequests | Update request - sent
2026-02-18 22:01:20 | DEBUG | PokePowerRequests | Update request - sent
2026-02-18 22:01:23 | DEBUG | PokePowerRequests | Update request - sent
2026-02-18 22:01:26 | DEBUG | PokePowerRequests | Update request - sent
2026-02-18 22:01:29 | DEBUG | PokePowerRequests | Update request - sent
2026-02-18 22:01:29 | INFO | PokePowerRequests | BATTLE_START | Enemy: #462 'Магнезон' | Level: 65
2026-02-18 22:01:30 | INFO | PokePowerRequests | BATTLE_ACTION | ATTACK | Description: Суперсила: 1/5
2026-02-18 22:01:30 | INFO | PokePowerRequests | INVENTORY | ADD | Монета | Count: 28
2026-02-18 22:01:33 | DEBUG | PokePowerRequests | Update request - sent
2026-02-18 22:01:36 | DEBUG | PokePowerRequests | Update request - sent
2026-02-18 22:01:39 | DEBUG | PokePowerRequests | Update request - sent
2026-02-18 22:01:42 | DEBUG | PokePowerRequests | Update request - sent
2026-02-18 22:01:45 | DEBUG | PokePowerRequests | Update request - sent
2026-02-18 22:01:48 | DEBUG | PokePowerRequests | Update request - sent
2026-02-18 22:01:51 | DEBUG | PokePowerRequests | Update request - sent
2026-02-18 22:01:51 | INFO | PokePowerRequests | BATTLE_START | Enemy: #024 'Арбок' | Level: 25
2026-02-18 22:01:52 | INFO | PokePowerRequests | BATTLE_ACTION | ATTACK | Description: Железная голова: 3/15
2026-02-18 22:01:52 | INFO | PokePowerRequests | INVENTORY | ADD | Монета | Count: 25
2026-02-18 22:01:55 | DEBUG | PokePowerRequests | Update request - sent
2026-02-18 22:01:58 | DEBUG | PokePowerRequests | Update request - sent
2026-02-18 22:02:01 | DEBUG | PokePowerRequests | Update request - sent
2026-02-18 22:02:04 | DEBUG | PokePowerRequests | Update request - sent
2026-02-18 22:02:07 | DEBUG | PokePowerRequests | Update request - sent
2026-02-18 22:02:07 | INFO | PokePowerRequests | BATTLE_START | Enemy: #024 'Арбок' | Level: 26
2026-02-18 22:02:07 | INFO | PokePowerRequests | BATTLE_ACTION | ATTACK | Description: Железная голова: 2/15
2026-02-18 22:02:07 | INFO | PokePowerRequests | INVENTORY | ADD | Монета | Count: 24
2026-02-18 22:02:10 | DEBUG | PokePowerRequests | Update request - sent
2026-02-18 22:02:14 | DEBUG | PokePowerRequests | Update request - sent
2026-02-18 22:02:17 | DEBUG | PokePowerRequests | Update request - sent
2026-02-18 22:02:20 | DEBUG | PokePowerRequests | Update request - sent
2026-02-18 22:02:23 | DEBUG | PokePowerRequests | Update request - sent
2026-02-18 22:02:23 | INFO | PokePowerRequests | BATTLE_START | Enemy: #024 'Арбок' | Level: 35
2026-02-18 22:02:23 | INFO | PokePowerRequests | BATTLE_ACTION | ATTACK | Description: Железная голова: 1/15
2026-02-18 22:02:23 | INFO | PokePowerRequests | INVENTORY | ADD | Монета | Count: 25
2026-02-18 22:02:26 | DEBUG | PokePowerRequests | Update request - sent
2026-02-18 22:02:29 | DEBUG | PokePowerRequests | Update request - sent
2026-02-18 22:02:32 | DEBUG | PokePowerRequests | Update request - sent
2026-02-18 22:02:36 | DEBUG | PokePowerRequests | Update request - sent
2026-02-18 22:02:39 | DEBUG | PokePowerRequests | Update request - sent
2026-02-18 22:02:42 | DEBUG | PokePowerRequests | Update request - sent
2026-02-18 22:02:42 | INFO | PokePowerRequests | BATTLE_START | Enemy: #024 'Арбок' | Level: 29
2026-02-18 22:02:42 | INFO | PokePowerRequests | BATTLE_ACTION | ATTACK | Description: Железная голова: 0/15
2026-02-18 22:02:42 | INFO | PokePowerRequests | INVENTORY | ADD | Монета | Count: 22
2026-02-18 22:02:45 | DEBUG | PokePowerRequests | Update request - sent
2026-02-18 22:02:48 | DEBUG | PokePowerRequests | Update request - sent
2026-02-18 22:02:51 | DEBUG | PokePowerRequests | Update request - sent
2026-02-18 22:02:54 | DEBUG | PokePowerRequests | Update request - sent
2026-02-18 22:02:58 | DEBUG | PokePowerRequests | Update request - sent
2026-02-18 22:02:58 | INFO | PokePowerRequests | BATTLE_START | Enemy: #024 'Арбок' | Level: 30
2026-02-18 22:02:58 | INFO | PokePowerRequests | BATTLE_ACTION | CHANGE | Description: Change current pokemon to: #563 Клеопатра
2026-02-18 22:02:58 | INFO | PokePowerRequests | BATTLE_ACTION | ATTACK | Description: Сглаз: 9/10
2026-02-18 22:02:58 | INFO | PokePowerRequests | INVENTORY | ADD | Монета | Count: 23
2026-02-18 22:02:58 | INFO | PokePowerRequests | BATTLE_ACTION | START | Description: Start pokémon are now: #563 Клеопатра
2026-02-18 22:03:01 | DEBUG | PokePowerRequests | Update request - sent
2026-02-18 22:03:04 | DEBUG | PokePowerRequests | Update request - sent
2026-02-18 22:03:07 | DEBUG | PokePowerRequests | Update request - sent
2026-02-18 22:03:10 | DEBUG | PokePowerRequests | Update request - sent
2026-02-18 22:03:13 | DEBUG | PokePowerRequests | Update request - sent
2026-02-18 22:03:17 | DEBUG | PokePowerRequests | Update request - sent
2026-02-18 22:03:17 | INFO | PokePowerRequests | BATTLE_START | Enemy: #024 'Арбок' | Level: 32
2026-02-18 22:03:17 | INFO | PokePowerRequests | BATTLE_ACTION | ATTACK | Description: Сглаз: 8/10
2026-02-18 22:03:17 | INFO | PokePowerRequests | INVENTORY | ADD | Монета | Count: 24
2026-02-18 22:03:20 | DEBUG | PokePowerRequests | Update request - sent
2026-02-18 22:03:23 | DEBUG | PokePowerRequests | Update request - sent
2026-02-18 22:03:26 | DEBUG | PokePowerRequests | Update request - sent
2026-02-18 22:03:29 | DEBUG | PokePowerRequests | Update request - sent
2026-02-18 22:03:32 | DEBUG | PokePowerRequests | Update request - sent
2026-02-18 22:03:32 | INFO | PokePowerRequests | BATTLE_START | Enemy: #024 'Арбок' | Level: 28
2026-02-18 22:03:32 | INFO | PokePowerRequests | BATTLE_ACTION | ATTACK | Description: Сглаз: 7/10
2026-02-18 22:03:32 | INFO | PokePowerRequests | INVENTORY | ADD | Монета | Count: 26
2026-02-18 22:03:36 | DEBUG | PokePowerRequests | Update request - sent
2026-02-18 22:03:39 | DEBUG | PokePowerRequests | Update request - sent
2026-02-18 22:03:42 | DEBUG | PokePowerRequests | Update request - sent
2026-02-18 22:03:45 | DEBUG | PokePowerRequests | Update request - sent
2026-02-18 22:03:48 | DEBUG | PokePowerRequests | Update request - sent
2026-02-18 22:03:51 | DEBUG | PokePowerRequests | Update request - sent
2026-02-18 22:03:54 | DEBUG | PokePowerRequests | Update request - sent
2026-02-18 22:03:54 | INFO | PokePowerRequests | BATTLE_START | Enemy: #024 'Арбок' | Level: 26
2026-02-18 22:03:54 | INFO | PokePowerRequests | BATTLE_ACTION | ATTACK | Description: Сглаз: 6/10
2026-02-18 22:03:54 | INFO | PokePowerRequests | INVENTORY | ADD | Монета | Count: 25
2026-02-18 22:03:57 | DEBUG | PokePowerRequests | Update request - sent
2026-02-18 22:04:01 | DEBUG | PokePowerRequests | Update request - sent
2026-02-18 22:04:04 | DEBUG | PokePowerRequests | Update request - sent
2026-02-18 22:04:07 | DEBUG | PokePowerRequests | Update request - sent
2026-02-18 22:04:10 | DEBUG | PokePowerRequests | Update request - sent
2026-02-18 22:04:13 | DEBUG | PokePowerRequests | Update request - sent
2026-02-18 22:04:16 | DEBUG | PokePowerRequests | Update request - sent
2026-02-18 22:04:16 | INFO | PokePowerRequests | BATTLE_START | Enemy: #462 'Магнезон' | Level: 71
2026-02-18 22:04:16 | INFO | PokePowerRequests | BATTLE_ACTION | ATTACK | Description: Сглаз: 5/10
2026-02-18 22:04:16 | INFO | PokePowerRequests | BATTLE_ACTION | ATTACK | Description: Сглаз: 4/10
2026-02-18 22:04:16 | INFO | PokePowerRequests | INVENTORY | ADD | Монета | Count: 29
2026-02-18 22:04:19 | DEBUG | PokePowerRequests | Update request - sent
2026-02-18 22:04:23 | DEBUG | PokePowerRequests | Update request - sent
2026-02-18 22:04:26 | DEBUG | PokePowerRequests | Update request - sent
2026-02-18 22:04:29 | DEBUG | PokePowerRequests | Update request - sent
2026-02-18 22:04:32 | DEBUG | PokePowerRequests | Update request - sent
2026-02-18 22:04:35 | DEBUG | PokePowerRequests | Update request - sent
2026-02-18 22:04:35 | INFO | PokePowerRequests | BATTLE_START | Enemy: #024 'Арбок' | Level: 27
2026-02-18 22:04:35 | INFO | PokePowerRequests | BATTLE_ACTION | ATTACK | Description: Сглаз: 3/10
2026-02-18 22:04:35 | INFO | PokePowerRequests | INVENTORY | ADD | Монета | Count: 21
2026-02-18 22:04:38 | DEBUG | PokePowerRequests | Update request - sent
2026-02-18 22:04:41 | DEBUG | PokePowerRequests | Update request - sent
2026-02-18 22:04:45 | DEBUG | PokePowerRequests | Update request - sent
2026-02-18 22:04:48 | DEBUG | PokePowerRequests | Update request - sent
2026-02-18 22:04:51 | DEBUG | PokePowerRequests | Update request - sent
2026-02-18 22:04:54 | DEBUG | PokePowerRequests | Update request - sent
2026-02-18 22:04:57 | DEBUG | PokePowerRequests | Update request - sent
2026-02-18 22:04:57 | INFO | PokePowerRequests | BATTLE_START | Enemy: #024 'Арбок' | Level: 33
2026-02-18 22:04:57 | INFO | PokePowerRequests | BATTLE_ACTION | ATTACK | Description: Сглаз: 2/10
2026-02-18 22:04:57 | INFO | PokePowerRequests | INVENTORY | ADD | Монета | Count: 25
2026-02-18 22:05:00 | DEBUG | PokePowerRequests | Update request - sent
2026-02-18 22:05:03 | DEBUG | PokePowerRequests | Update request - sent
2026-02-18 22:05:06 | DEBUG | PokePowerRequests | Update request - sent
2026-02-18 22:05:10 | DEBUG | PokePowerRequests | Update request - sent
2026-02-18 22:05:13 | DEBUG | PokePowerRequests | Update request - sent
2026-02-18 22:05:13 | INFO | PokePowerRequests | BATTLE_START | Enemy: #024 'Арбок' | Level: 30
2026-02-18 22:05:13 | INFO | PokePowerRequests | BATTLE_ACTION | ATTACK | Description: Сглаз: 1/10
2026-02-18 22:05:13 | INFO | PokePowerRequests | INVENTORY | ADD | Монета | Count: 23
2026-02-18 22:05:13 | INFO | PokePowerRequests | INVENTORY | ADD | Снежок | Count: 1
2026-02-18 22:05:17 | DEBUG | PokePowerRequests | Move to - 520
2026-02-18 22:05:17 | DEBUG | PokePowerRequests | Location data collected | Location name: Змеиное логово, ответвление 1 | ID: 520 | Region: 1 | Available routes: [{'id': '521', 'name': 'Змеиное логово, ответвление 2'}, {'id': '522', 'name': 'Змеиное логово, ответвление 3'}]
2026-02-18 22:05:18 | DEBUG | PokePowerRequests | Move to - 522
2026-02-18 22:05:18 | DEBUG | PokePowerRequests | Location data collected | Location name: Змеиное логово, ответвление 3 | ID: 522 | Region: 1 | Available routes: [{'id': '520', 'name': 'Змеиное логово, ответвление 1'}, {'id': '521', 'name': 'Змеиное логово, ответвление 2'}, {'id': '527', 'name': 'Проход 4'}]
2026-02-18 22:05:18 | DEBUG | PokePowerRequests | Move to - 527
2026-02-18 22:05:18 | DEBUG | PokePowerRequests | Location data collected | Location name: Проход 4 | ID: 527 | Region: 1 | Available routes: [{'id': '519', 'name': 'Проход 1'}, {'id': '525', 'name': 'Проход 3'}, {'id': '528', 'name': 'Выход'}]
2026-02-18 22:05:19 | DEBUG | PokePowerRequests | Move to - 528
2026-02-18 22:05:19 | DEBUG | PokePowerRequests | Location data collected | Location name: Дорога 9 | ID: 35 | Region: 1 | Available routes: [{'id': '31', 'name': 'Церулин'}, {'id': '37', 'name': 'Разрушенная электростанция'}]
2026-02-18 22:05:19 | DEBUG | PokePowerRequests | Move to - 31
2026-02-18 22:05:20 | DEBUG | PokePowerRequests | Location data collected | Location name: Церулин | ID: 31 | Region: 1 | Available routes: [{'id': '32', 'name': 'Покецентр'}, {'id': '33', 'name': 'Дорога 4'}, {'id': '35', 'name': 'Дорога 9'}, {'id': '58', 'name': 'Покемаркет'}, {'id': '228', 'name': 'Торговый центр «Пиджеот»'}]
2026-02-18 22:05:20 | DEBUG | PokePowerRequests | Move to - 32
2026-02-18 22:05:20 | DEBUG | PokePowerRequests | Location data collected | Location name: Покецентр | ID: 32 | Region: 1 | Available routes: [{'id': '31', 'name': 'Церулин'}]
2026-02-18 22:05:20 | INFO | PokePowerRequests | POKECENTER | HEAL | Reason: Pokemons has a small amount of HP
2026-02-18 22:05:20 | DEBUG | PokePowerRequests | Successfully collected information about the user's Pokemon team...
2026-02-18 22:05:20 | DEBUG | PokePowerRequests | Move to - 31
2026-02-18 22:05:20 | DEBUG | PokePowerRequests | Location data collected | Location name: Церулин | ID: 31 | Region: 1 | Available routes: [{'id': '32', 'name': 'Покецентр'}, {'id': '33', 'name': 'Дорога 4'}, {'id': '35', 'name': 'Дорога 9'}, {'id': '58', 'name': 'Покемаркет'}, {'id': '228', 'name': 'Торговый центр «Пиджеот»'}]
2026-02-18 22:05:20 | DEBUG | PokePowerRequests | Move to - 33
2026-02-18 22:05:21 | DEBUG | PokePowerRequests | Location data collected | Location name: Дорога 4 | ID: 33 | Region: 1 | Available routes: [{'id': '31', 'name': 'Церулин'}, {'id': '34', 'name': 'Лунная гора'}, {'id': '529', 'name': 'Спуск'}]
2026-02-18 22:05:21 | DEBUG | PokePowerRequests | Move to - 529
2026-02-18 22:05:21 | DEBUG | PokePowerRequests | Location data collected | Location name: Перекресток | ID: 30 | Region: 1 | Available routes: [{'id': '28', 'name': 'Шафрания'}, {'id': '413', 'name': 'Ядовитый стадион'}]
2026-02-18 22:05:21 | DEBUG | PokePowerRequests | Move to - 28
2026-02-18 22:05:21 | DEBUG | PokePowerRequests | Location data collected | Location name: Шафрания | ID: 28 | Region: 1 | Available routes: [{'id': '27', 'name': 'Дорога 7'}, {'id': '29', 'name': 'Покецентр'}, {'id': '30', 'name': 'Перекресток'}, {'id': '41', 'name': 'Дорога 8'}, {'id': '47', 'name': 'Дорога 6'}, {'id': '57', 'name': 'Покемаркет'}, {'id': '409', 'name': 'Стадион драконов'}]
2026-02-18 22:05:21 | DEBUG | PokePowerRequests | Move to - 41
2026-02-18 22:05:21 | DEBUG | PokePowerRequests | Location data collected | Location name: Дорога 8 | ID: 41 | Region: 1 | Available routes: [{'id': '39', 'name': 'Лавендер'}, {'id': '28', 'name': 'Шафрания'}, {'id': '227', 'name': 'Ферма'}]
2026-02-18 22:05:22 | DEBUG | PokePowerRequests | Move to - 39
2026-02-18 22:05:22 | DEBUG | PokePowerRequests | Location data collected | Location name: Лавендер | ID: 39 | Region: 1 | Available routes: [{'id': '38', 'name': 'Дорога 10'}, {'id': '40', 'name': 'Покецентр'}, {'id': '41', 'name': 'Дорога 8'}, {'id': '42', 'name': 'Дорога 12'}, {'id': '59', 'name': 'Покемаркет'}, {'id': '223', 'name': 'Аптека Лавендера'}]
2026-02-18 22:05:22 | DEBUG | PokePowerRequests | Move to - 38
2026-02-18 22:05:22 | DEBUG | PokePowerRequests | Location data collected | Location name: Дорога 10 | ID: 38 | Region: 1 | Available routes: [{'id': '36', 'name': 'Вход в лабиринт'}, {'id': '39', 'name': 'Лавендер'}]
2026-02-18 22:05:22 | DEBUG | PokePowerRequests | Move to - 36
2026-02-18 22:05:23 | DEBUG | PokePowerRequests | Location data collected | Location name: Коридор 1 | ID: 509 | Region: 1 | Available routes: [{'id': '510', 'name': 'Коридор 2'}, {'id': '512', 'name': 'Коридор 4'}, {'id': '514', 'name': 'Коридор 6'}]
2026-02-18 22:05:23 | DEBUG | PokePowerRequests | Move to - 510
2026-02-18 22:05:23 | DEBUG | PokePowerRequests | Location data collected | Location name: Коридор 2 | ID: 510 | Region: 1 | Available routes: [{'id': '513', 'name': 'Коридор 5'}, {'id': '514', 'name': 'Коридор 6'}]
2026-02-18 22:05:23 | DEBUG | PokePowerRequests | Move to - 513
2026-02-18 22:05:24 | DEBUG | PokePowerRequests | Location data collected | Location name: Коридор 5 | ID: 513 | Region: 1 | Available routes: [{'id': '509', 'name': 'Коридор 1'}, {'id': '510', 'name': 'Коридор 2'}, {'id': '517', 'name': 'Коридор 9'}]
2026-02-18 22:05:24 | DEBUG | PokePowerRequests | Move to - 517
2026-02-18 22:05:24 | DEBUG | PokePowerRequests | Location data collected | Location name: Коридор 9 | ID: 517 | Region: 1 | Available routes: [{'id': '511', 'name': 'Коридор 3'}, {'id': '512', 'name': 'Коридор 4'}, {'id': '516', 'name': 'Коридор 8'}]
2026-02-18 22:05:24 | DEBUG | PokePowerRequests | Move to - 516
2026-02-18 22:05:27 | DEBUG | PokePowerRequests | Location data collected | Location name: Коридор 8 | ID: 516 | Region: 1 | Available routes: [{'id': '510', 'name': 'Коридор 2'}, {'id': '513', 'name': 'Коридор 5'}, {'id': '515', 'name': 'Коридор 7'}]
2026-02-18 22:05:27 | DEBUG | PokePowerRequests | Move to - 515
2026-02-18 22:05:28 | DEBUG | PokePowerRequests | Location data collected | Location name: Гранитный зал | ID: 518 | Region: 1 | Available routes: [{'id': '519', 'name': 'Проход 1'}, {'id': '523', 'name': 'Проход 2'}, {'id': '525', 'name': 'Проход 3'}]
2026-02-18 22:05:28 | DEBUG | PokePowerRequests | Move to - 519
2026-02-18 22:05:28 | DEBUG | PokePowerRequests | Location data collected | Location name: Проход 1 | ID: 519 | Region: 1 | Available routes: [{'id': '526', 'name': 'Заброшенная исследовательская база'}, {'id': '518', 'name': 'Гранитный зал'}]
2026-02-18 22:05:28 | DEBUG | PokePowerRequests | Move to - 526
2026-02-18 22:05:29 | DEBUG | PokePowerRequests | Location data collected | Location name: Заброшенная исследовательская база | ID: 526 | Region: 1 | Available routes: [{'id': '525', 'name': 'Проход 3'}, {'id': '520', 'name': 'Змеиное логово, ответвление 1'}]
2026-02-18 22:05:32 | DEBUG | PokePowerRequests | Update request - sent
2026-02-18 22:05:35 | DEBUG | PokePowerRequests | Update request - sent
2026-02-18 22:05:35 | INFO | PokePowerRequests | BATTLE_START | Enemy: #024 'Арбок' | Level: 27
2026-02-18 22:05:35 | INFO | PokePowerRequests | BATTLE_ACTION | ATTACK | Description: Сглаз: 9/10
2026-02-18 22:05:35 | INFO | PokePowerRequests | INVENTORY | ADD | Монета | Count: 21
2026-02-18 22:05:35 | INFO | PokePowerRequests | INVENTORY | ADD | Снежок | Count: 1
2026-02-18 22:05:38 | DEBUG | PokePowerRequests | Update request - sent
2026-02-18 22:05:41 | DEBUG | PokePowerRequests | Update request - sent
2026-02-18 22:05:44 | DEBUG | PokePowerRequests | Update request - sent
2026-02-18 22:05:47 | DEBUG | PokePowerRequests | Update request - sent
2026-02-18 22:05:50 | DEBUG | PokePowerRequests | Update request - sent
2026-02-18 22:05:54 | DEBUG | PokePowerRequests | Update request - sent
2026-02-18 22:05:54 | INFO | PokePowerRequests | BATTLE_START | Enemy: #462 'Магнезон' | Level: 79
2026-02-18 22:05:54 | INFO | PokePowerRequests | BATTLE_ACTION | ATTACK | Description: Сглаз: 8/10
2026-02-18 22:05:54 | INFO | PokePowerRequests | BATTLE_ACTION | ATTACK | Description: Сглаз: 7/10
2026-02-18 22:05:54 | INFO | PokePowerRequests | INVENTORY | ADD | Монета | Count: 23
2026-02-18 22:05:57 | DEBUG | PokePowerRequests | Update request - sent
2026-02-18 22:06:00 | DEBUG | PokePowerRequests | Update request - sent
2026-02-18 22:06:03 | DEBUG | PokePowerRequests | Update request - sent
2026-02-18 22:06:06 | DEBUG | PokePowerRequests | Update request - sent
2026-02-18 22:06:09 | DEBUG | PokePowerRequests | Update request - sent
2026-02-18 22:06:12 | DEBUG | PokePowerRequests | Update request - sent
2026-02-18 22:06:15 | DEBUG | PokePowerRequests | Update request - sent
2026-02-18 22:06:15 | INFO | PokePowerRequests | BATTLE_START | Enemy: #462 'Магнезон' | Level: 79
2026-02-18 22:06:15 | INFO | PokePowerRequests | BATTLE_ACTION | ATTACK | Description: Сглаз: 6/10
2026-02-18 22:06:15 | INFO | PokePowerRequests | BATTLE_ACTION | ATTACK | Description: Сглаз: 5/10
2026-02-18 22:06:15 | INFO | PokePowerRequests | INVENTORY | ADD | Монета | Count: 27
2026-02-18 22:06:18 | DEBUG | PokePowerRequests | Update request - sent
2026-02-18 22:06:21 | DEBUG | PokePowerRequests | Update request - sent
2026-02-18 22:06:25 | DEBUG | PokePowerRequests | Update request - sent
2026-02-18 22:06:28 | DEBUG | PokePowerRequests | Update request - sent
2026-02-18 22:06:31 | DEBUG | PokePowerRequests | Update request - sent
2026-02-18 22:06:34 | DEBUG | PokePowerRequests | Update request - sent
2026-02-18 22:06:37 | DEBUG | PokePowerRequests | Update request - sent
2026-02-18 22:06:37 | INFO | PokePowerRequests | BATTLE_START | Enemy: #024 'Арбок' | Level: 31
2026-02-18 22:06:37 | INFO | PokePowerRequests | BATTLE_ACTION | ATTACK | Description: Сглаз: 4/10
2026-02-18 22:06:37 | INFO | PokePowerRequests | INVENTORY | ADD | Монета | Count: 24
2026-02-18 22:06:40 | DEBUG | PokePowerRequests | Update request - sent
2026-02-18 22:06:43 | DEBUG | PokePowerRequests | Update request - sent
2026-02-18 22:06:46 | DEBUG | PokePowerRequests | Update request - sent
2026-02-18 22:06:49 | DEBUG | PokePowerRequests | Update request - sent
2026-02-18 22:06:52 | DEBUG | PokePowerRequests | Update request - sent
2026-02-18 22:06:52 | INFO | PokePowerRequests | BATTLE_START | Enemy: #462 'Магнезон' | Level: 74
2026-02-18 22:06:52 | INFO | PokePowerRequests | BATTLE_ACTION | ATTACK | Description: Сглаз: 3/10
2026-02-18 22:06:53 | INFO | PokePowerRequests | BATTLE_ACTION | ATTACK | Description: Сглаз: 2/10
2026-02-18 22:06:53 | INFO | PokePowerRequests | INVENTORY | ADD | Монета | Count: 27
2026-02-18 22:06:53 | INFO | PokePowerRequests | INVENTORY | ADD | Снежок | Count: 1
2026-02-18 22:06:56 | DEBUG | PokePowerRequests | Update request - sent
2026-02-18 22:06:59 | DEBUG | PokePowerRequests | Update request - sent
2026-02-18 22:07:02 | DEBUG | PokePowerRequests | Update request - sent
2026-02-18 22:07:05 | DEBUG | PokePowerRequests | Update request - sent
2026-02-18 22:07:08 | DEBUG | PokePowerRequests | Update request - sent
2026-02-18 22:07:11 | DEBUG | PokePowerRequests | Update request - sent
2026-02-18 22:07:11 | INFO | PokePowerRequests | BATTLE_START | Enemy: #024 'Арбок' | Level: 35
2026-02-18 22:07:11 | INFO | PokePowerRequests | BATTLE_ACTION | ATTACK | Description: Сглаз: 1/10
2026-02-18 22:07:11 | INFO | PokePowerRequests | INVENTORY | ADD | Монета | Count: 26
2026-02-18 22:07:14 | DEBUG | PokePowerRequests | Update request - sent
2026-02-18 22:07:17 | DEBUG | PokePowerRequests | Update request - sent
2026-02-18 22:07:20 | DEBUG | PokePowerRequests | Update request - sent
2026-02-18 22:07:23 | DEBUG | PokePowerRequests | Update request - sent
2026-02-18 22:07:26 | DEBUG | PokePowerRequests | Update request - sent
2026-02-18 22:07:30 | DEBUG | PokePowerRequests | Update request - sent
2026-02-18 22:07:30 | INFO | PokePowerRequests | BATTLE_START | Enemy: #024 'Арбок' | Level: 26
2026-02-18 22:07:30 | INFO | PokePowerRequests | BATTLE_ACTION | CHANGE | Description: Change current pokemon to: #379 Металик
2026-02-18 22:07:30 | INFO | PokePowerRequests | BATTLE_ACTION | ATTACK | Description: Железная голова: 14/15
2026-02-18 22:07:30 | INFO | PokePowerRequests | INVENTORY | ADD | Монета | Count: 23
2026-02-18 22:07:30 | INFO | PokePowerRequests | BATTLE_ACTION | START | Description: Start pokémon are now: #379 Металик
2026-02-18 22:07:33 | DEBUG | PokePowerRequests | Update request - sent
2026-02-18 22:07:35 | INFO | PokePowerRequests | BOT_STOPPED |
